Entity;Code;Year;Electricity from wind (TWh);Electricity from hydro (TWh);Electricity from solar (TWh);Other renewables including bioenergy (TWh)
Afghanistan;AFG;2000;0;0.31;0;0
Afghanistan;AFG;2001;0;0.5;0;0
Afghanistan;AFG;2002;0;0.56;0;0
Afghanistan;AFG;2003;0;0.63;0;0
Afghanistan;AFG;2004;0;0.56;0;0
Afghanistan;AFG;2005;0;0.59;0;0
Afghanistan;AFG;2006;0;0.64;0;0
Afghanistan;AFG;2007;0;0.75;0;0
Afghanistan;AFG;2008;0;0.54;0;0
Afghanistan;AFG;2009;0;0.78;0;0
Afghanistan;AFG;2010;0;0.75;0;0
Afghanistan;AFG;2011;0;0.6;0;0
Afghanistan;AFG;2012;0;0.71;0.03;0
Afghanistan;AFG;2013;0;0.86;0.03;0
Afghanistan;AFG;2014;0;0.97;0.03;0
Afghanistan;AFG;2015;0;1;0.03;0
Afghanistan;AFG;2016;0;1.02;0.04;0
Afghanistan;AFG;2017;0;1.05;0.04;0
Afghanistan;AFG;2018;0;0.93;0.04;0
Afghanistan;AFG;2019;0;0.84;0.05;0
Afghanistan;AFG;2020;0;0.62;0.06;0
Afghanistan;AFG;2021;0;0.62;0.08;0
Africa;;1965;0;13.905.635;;
Africa;;1966;0;15.510.005;;
Africa;;1967;0;16.190.636;;
Africa;;1968;0;18.938.341;;
Africa;;1969;0;22.100.891;;
Africa;;1970;0;27.630.428;;
Africa;;1971;0;2.601.339;0;0.164
Africa;;1972;0;29.633.196;0;0.165
Africa;;1973;0;31.345.707;0;0.17
Africa;;1974;0;35.667.076;0;0.175
Africa;;1975;0;37.717.968;0;0.172
Africa;;1976;0;41.797.634;0;0.185
Africa;;1977;0;4.592.877;0;0.189
Africa;;1978;0;46.306.942;0;0.195
Africa;;1979;0;4.956.523;0;0.201
Africa;;1980;0;48.311.787;0;0.207
Africa;;1981;0;50.192.905;0;0.218
Africa;;1982;0;50.206.238;0;0.236
Africa;;1983;0;4.524.716;0;0.23
Africa;;1984;0;44.489.975;0;0.234
Africa;;1985;0;49.449.684;0;0.269
Africa;;1986;0;5.114.537;0;0.659
Africa;;1987;0;4.905.646;0;0.658
Africa;;1988;0;53.593.452;0;0.626
Africa;;1989;0;5.627.621;0;0.617
Africa;;1990;0;57.254.658;0;0.796
Africa;;1991;0;6.065.149;0;0.812
Africa;;1992;0;5.786.029;0;0.84225
Africa;;1993;0.002;56.682.507;0;0.9377
Africa;;1994;0.0054;5.759.605;0;0.835
Africa;;1995;0.0063;5.976.888;0;10.187
Africa;;1996;0.0071;6.231.646;0;1.258.093
Africa;;1997;0.0072;63.852.497;0;13.866.404
Africa;;1998;0.0076;66.654.884;0;17.125.492
Africa;;1999;0.0198;7.068.426;0;16.961.248
Africa;;2000;0.23;74.520.004;0;2.52
Africa;;2001;0.46;81.22;0;2.55
Africa;;2002;0.43;83.409.996;0.02;24.499.998
Africa;;2003;0.61;81.68;0.02;2.71
Africa;;2004;0.78;86.54;0.02;3.18
Africa;;2005;0.83;88.65;0.02;3.81
Africa;;2006;0.87;91.85;0.03;3.66
Africa;;2007;1.18;93.92;0.03;3.6
Africa;;2008;12.900.001;95.56;0.04;3.92
Africa;;2009;16.899.999;98.61;0.06;4.31
Africa;;2010;2.37;109.5;0.39;46.800.003
Africa;;2011;2.44;110.57;0.49;48.599.997
Africa;;2012;2.35;111.14;0.53;4.85
Africa;;2013;35.300.002;116.39;0.51;5.39
Africa;;2014;5.55;121.68;18.100.001;8.309.999
Africa;;2015;8.559.999;119.33;32.000.003;10.65
Africa;;2016;10.48;118.520.004;4.85;10.26
Africa;;2017;11.55;125.04;6.57;9.65
Africa;;2018;15.28;132.92;8.99;9.690.001
Africa;;2019;18.51;135.51;13.849.999;9.67
Africa;;2020;17.66;142.22;14.400.001;9.29
Africa;;2021;20.89;145.22;17.12;9.51
Africa (BP);;1965;0;13.905.635;;
Africa (BP);;1966;0;15.510.004;;
Africa (BP);;1967;0;16.190.636;;
Africa (BP);;1968;0;18.938.341;;
Africa (BP);;1969;0;2.210.089;;
Africa (BP);;1970;0;2.763.043;;
Africa (BP);;1971;0;26.013.391;0;0.164
Africa (BP);;1972;0;29.633.196;0;0.165
Africa (BP);;1973;0;31.345.707;0;0.17
Africa (BP);;1974;0;35.667.076;0;0.175
Africa (BP);;1975;0;3.771.797;0;0.172
Africa (BP);;1976;0;41.797.634;0;0.185
Africa (BP);;1977;0;4.592.877;0;0.189
Africa (BP);;1978;0;4.630.694;0;0.195
Africa (BP);;1979;0;4.956.523;0;0.201
Africa (BP);;1980;0;48.311.783;0;0.207
Africa (BP);;1981;0;50.192.905;0;0.218
Africa (BP);;1982;0;50.206.238;0;0.236
Africa (BP);;1983;0;4.524.716;0;0.23
Africa (BP);;1984;0;44.489.975;0;0.234
Africa (BP);;1985;0;49.449.684;0;0.269
Africa (BP);;1986;0;51.145.374;0;0.659
Africa (BP);;1987;0;4.905.646;0;0.658
Africa (BP);;1988;0;53.593.456;0;0.626
Africa (BP);;1989;0;56.276.215;0;0.617
Africa (BP);;1990;0;57.254.658;0;0.796
Africa (BP);;1991;0;6.065.149;0;0.812
Africa (BP);;1992;0;5.786.029;0;0.84225
Africa (BP);;1993;0.002;56.682.507;0;0.9377
Africa (BP);;1994;0.0054;5.759.605;0;0.835
Africa (BP);;1995;0.0063;59.768.875;0;10.187
Africa (BP);;1996;0.0071;6.231.646;0;12.580.931
Africa (BP);;1997;0.0072;63.852.497;0;13.866.404
Africa (BP);;1998;0.0076;66.654.884;0;17.125.493
Africa (BP);;1999;0.0198;7.068.426;0;16.961.248
Africa (BP);;2000;0.1755;7.525.581;0.011941;22.690.632
Africa (BP);;2001;0.41558;8.086.912;0.01496;23.353.527
Africa (BP);;2002;0.443584;8.502.647;0.016799713;22.864
Africa (BP);;2003;0.535599;825.746;0.020059297;26.224
Africa (BP);;2004;0.7682805;8.721.947;0.02456688;29.788.496
Africa (BP);;2005;0.7803821;8.883.773;0.029383464;30.096.693
Africa (BP);;2006;0.8525656;92.049.355;0.03791205;37.704.048
Africa (BP);;2007;10.162.233;9.519.856;0.050479364;31.420.484
Africa (BP);;2008;13.117.782;9.696.721;0.07265389;32.673.957
Africa (BP);;2009;15.892.309;99.561.134;0.09582156;35.627.222
Africa (BP);;2010;22.845.824;10.769.849;0.21605176;3.764.553
Africa (BP);;2011;2.386.504;11.075.051;0.6020893;38.587.687
Africa (BP);;2012;25.156.302;11.122.693;0.99265915;4.042.407
Africa (BP);;2013;35.934.472;11.765.245;0.7875202;4.433.249
Africa (BP);;2014;5.060.073;12.408.205;19.041.501;5.462.047
Africa (BP);;2015;89.106.865;1.204.148;32.586.064;71.696.815
Africa (BP);;2016;11.176.371;11.742.635;53.840.914;7.231.852
Africa (BP);;2017;12.457.454;12.634.168;77.734.146;76.260.357
Africa (BP);;2018;14.769.322;13.460.008;10.053.543;817.267
Africa (BP);;2019;19.331.633;1.394.176;12.894.289;8.262.966
Africa (BP);;2020;21.302.898;14.637.308;16.058.805;8.066.416
Africa (BP);;2021;2.441.597;15.341.869;16.515.236;8.026.318
Africa (Ember);;2000;0.23;74.52;0;2.52
Africa (Ember);;2001;0.46;81.22;0;2.55
Africa (Ember);;2002;0.43;83.41;0.02;24.499.998
Africa (Ember);;2003;0.61;81.68;0.02;2.71
Africa (Ember);;2004;0.78;86.54;0.02;3.18
Africa (Ember);;2005;0.83;88.65;0.02;3.81
Africa (Ember);;2006;0.87;91.85;0.03;3.66
Africa (Ember);;2007;1.18;93.92;0.03;3.6
Africa (Ember);;2008;1.29;95.56;0.04;3.92
Africa (Ember);;2009;1.69;98.61;0.06;4.31
Africa (Ember);;2010;2.37;109.5;0.39;46.800.003
Africa (Ember);;2011;2.44;110.57;0.49;48.599.997
Africa (Ember);;2012;2.35;111.14;0.53;4.85
Africa (Ember);;2013;3.53;116.39;0.51;5.39
Africa (Ember);;2014;5.55;121.68;1.81;8.309.999
Africa (Ember);;2015;8.56;119.33;3.2;10.65
Africa (Ember);;2016;10.48;118.52;4.85;10.26
Africa (Ember);;2017;11.55;125.04;6.57;9.65
Africa (Ember);;2018;15.28;132.92;8.99;9.690.001
Africa (Ember);;2019;18.51;135.51;13.85;9.67
Africa (Ember);;2020;17.66;142.22;14.4;9.29
Africa (Ember);;2021;20.89;145.22;17.12;9.51
Albania;ALB;1990;0;2.85;0;0
Albania;ALB;1991;0;3.52;0;0
Albania;ALB;1992;0;3.23;0;0
Albania;ALB;1993;0;3.31;0;0
Albania;ALB;1994;0;3.77;0;0
Albania;ALB;1995;0;4.2;0;0
Albania;ALB;1996;0;5.73;0;0
Albania;ALB;1997;0;5.03;0;0
Albania;ALB;1998;0;4.92;0;0
Albania;ALB;1999;0;5.28;0;0
Albania;ALB;2000;0;4.59;0;0
Albania;ALB;2001;0;3.56;0;0
Albania;ALB;2002;0;3.51;0;0
Albania;ALB;2003;0;4.89;0;0
Albania;ALB;2004;0;5.47;0;0
Albania;ALB;2005;0;5.37;0;0
Albania;ALB;2006;0;5.43;0;0
Albania;ALB;2007;0;2.79;0;0
Albania;ALB;2008;0;3.8;0;0
Albania;ALB;2009;0;5.2;0;0
Albania;ALB;2010;0;7.57;0;0
Albania;ALB;2011;0;4.13;0;0
Albania;ALB;2012;0;4.72;0;0
Albania;ALB;2013;0;6.96;0;0
Albania;ALB;2014;0;4.72;0;0
Albania;ALB;2015;0;5.89;0;0
Albania;ALB;2016;0;7.78;0;0
Albania;ALB;2017;0;4.52;0;0
Albania;ALB;2018;0;8.55;0;0
Albania;ALB;2019;0;5.18;0.02;0
Albania;ALB;2020;0;5.28;0.03;0
Algeria;DZA;1965;0;0.4;0;0
Algeria;DZA;1966;0;0.355;0;0
Algeria;DZA;1967;0;0.41;0;0
Algeria;DZA;1968;0;0.563;0;0
Algeria;DZA;1969;0;0.361;0;0
Algeria;DZA;1970;0;0.58;0;0
Algeria;DZA;1971;0;0.33;0;0
Algeria;DZA;1972;0;0.495;0;0
Algeria;DZA;1973;0;0.752;0;0
Algeria;DZA;1974;0;0.497;0;0
Algeria;DZA;1975;0;0.328;0;0
Algeria;DZA;1976;0;0.389;0;0
Algeria;DZA;1977;0;0.269;0;0
Algeria;DZA;1978;0;0.25;0;0
Algeria;DZA;1979;0;0.291;0;0
Algeria;DZA;1980;0;0.257;0;0
Algeria;DZA;1981;0;0.366;0;0
Algeria;DZA;1982;0;0.479;0;0
Algeria;DZA;1983;0;0.235;0;0
Algeria;DZA;1984;0;0.452;0;0
Algeria;DZA;1985;0;0.646;0;0
Algeria;DZA;1986;0;0.25;0;0
Algeria;DZA;1987;0;0.499;0;0
Algeria;DZA;1988;0;0.183;0;0
Algeria;DZA;1989;0;0.226;0;0
Algeria;DZA;1990;0;0.135;0;0
Algeria;DZA;1991;0;0.293;0;0
Algeria;DZA;1992;0;0.199;0;0
Algeria;DZA;1993;0;0.353;0;0
Algeria;DZA;1994;0;0.166;0;0
Algeria;DZA;1995;0;0.193;0;0
Algeria;DZA;1996;0;0.135;0;0
Algeria;DZA;1997;0;0.075;0;0
Algeria;DZA;1998;0;0.215;0;0
Algeria;DZA;1999;0;0.203;0;0
Algeria;DZA;2000;0;0.05;0;0
Algeria;DZA;2001;0;0.07;0;0
Algeria;DZA;2002;0;0.06;0;0
Algeria;DZA;2003;0;0.26;0;0
Algeria;DZA;2004;0;0.25;0;0
Algeria;DZA;2005;0;0.55;0;0
Algeria;DZA;2006;0;0.22;0;0
Algeria;DZA;2007;0;0.22;0;0
Algeria;DZA;2008;0;0.28;0;0
Algeria;DZA;2009;0;0.3;0;0
Algeria;DZA;2010;0;0.17;0;0
Algeria;DZA;2011;0;0.5;0;0
Algeria;DZA;2012;0;0.62;0;0
Algeria;DZA;2013;0;0.33;0;0
Algeria;DZA;2014;0;0.25;0;0
Algeria;DZA;2015;0.02;0.14;0.06;0
Algeria;DZA;2016;0.03;0.22;0.09;0
Algeria;DZA;2017;0.01;0.06;0.57;0
Algeria;DZA;2018;0.01;0.12;0.65;0
Algeria;DZA;2019;0.01;0.15;0.68;0
Algeria;DZA;2020;0.01;0.05;0.66;0
Algeria;DZA;2021;0.01;0.09;0.81;0
American Samoa;ASM;2000;0;0;0;0
American Samoa;ASM;2001;0;0;0;0
American Samoa;ASM;2002;0;0;0;0
American Samoa;ASM;2003;0;0;0;0
American Samoa;ASM;2004;0;0;0;0
American Samoa;ASM;2005;0;0;0;0
American Samoa;ASM;2006;0;0;0;0
American Samoa;ASM;2007;0;0;0;0
American Samoa;ASM;2008;0;0;0;0
American Samoa;ASM;2009;0;0;0;0
American Samoa;ASM;2010;0;0;0;0
American Samoa;ASM;2011;0;0;0;0
American Samoa;ASM;2012;0;0;0;0
American Samoa;ASM;2013;0;0;0;0
American Samoa;ASM;2014;0;0;0;0
American Samoa;ASM;2015;0;0;0;0
American Samoa;ASM;2016;0;0;0;0
American Samoa;ASM;2017;0;0;0;0
American Samoa;ASM;2018;0;0;0;0
American Samoa;ASM;2019;0;0;0;0
American Samoa;ASM;2020;0;0;0;0
American Samoa;ASM;2021;0;0;0;0
Angola;AGO;2000;0;0.9;0;0
Angola;AGO;2001;0;1.01;0;0
Angola;AGO;2002;0;1.13;0;0
Angola;AGO;2003;0;1.23;0;0
Angola;AGO;2004;0;1.73;0;0
Angola;AGO;2005;0;2.2;0;0
Angola;AGO;2006;0;2.64;0;0
Angola;AGO;2007;0;2.47;0;0
Angola;AGO;2008;0;3.1;0;0
Angola;AGO;2009;0;3.06;0;0
Angola;AGO;2010;0;3.67;0.01;0
Angola;AGO;2011;0;3.97;0.01;0
Angola;AGO;2012;0;3.73;0.01;0
Angola;AGO;2013;0;4.72;0.01;0
Angola;AGO;2014;0;4.99;0.02;1.14
Angola;AGO;2015;0;5.04;0.02;1.15
Angola;AGO;2016;0;5.76;0.02;1.2
Angola;AGO;2017;0;7.58;0.02;0.17
Angola;AGO;2018;0;9.79;0.02;0.17
Angola;AGO;2019;0;10.87;0.02;0.25
Angola;AGO;2020;0;11.95;0.02;0.26
Angola;AGO;2021;0;11.5;0.02;0.28
Antigua and Barbuda;ATG;2000;0;0;0;0
Antigua and Barbuda;ATG;2001;0;0;0;0
Antigua and Barbuda;ATG;2002;0;0;0;0
Antigua and Barbuda;ATG;2003;0;0;0;0
Antigua and Barbuda;ATG;2004;0;0;0;0
Antigua and Barbuda;ATG;2005;0;0;0;0
Antigua and Barbuda;ATG;2006;0;0;0;0
Antigua and Barbuda;ATG;2007;0;0;0;0
Antigua and Barbuda;ATG;2008;0;0;0;0
Antigua and Barbuda;ATG;2009;0;0;0;0
Antigua and Barbuda;ATG;2010;0;0;0;0
Antigua and Barbuda;ATG;2011;0;0;0;0
Antigua and Barbuda;ATG;2012;0;0;0;0
Antigua and Barbuda;ATG;2013;0;0;0;0
Antigua and Barbuda;ATG;2014;0;0;0;0
Antigua and Barbuda;ATG;2015;0;0;0.01;0
Antigua and Barbuda;ATG;2016;0;0;0;0
Antigua and Barbuda;ATG;2017;0;0;0.01;0
Antigua and Barbuda;ATG;2018;0;0;0.01;0
Antigua and Barbuda;ATG;2019;0;0;0.01;0
Antigua and Barbuda;ATG;2020;0;0;0.02;0
Antigua and Barbuda;ATG;2021;0;0;0.02;0
Argentina;ARG;1965;0;12.251.163;0;0
Argentina;ARG;1966;0;12.409.302;0;0
Argentina;ARG;1967;0;12.706.977;0;0
Argentina;ARG;1968;0;14.976.745;0;0
Argentina;ARG;1969;0;13.432.558;0;0
Argentina;ARG;1970;0;15.571.272;0;0.05624185
Argentina;ARG;1971;0;15.461.483;0;0.05899074
Argentina;ARG;1972;0;15.026.463;0;0.07602739
Argentina;ARG;1973;0;29.974.296;0;0.05997025
Argentina;ARG;1974;0;4.994.663;0;0.06100323
Argentina;ARG;1975;0;51.947.746;0;0.063990325
Argentina;ARG;1976;0;5.014.902;0;0.060962547
Argentina;ARG;1977;0;57.667.804;0;0.064003065
Argentina;ARG;1978;0;77.466.183;0;0.06397281
Argentina;ARG;1979;0;10.656.913;0;0.09498376
Argentina;ARG;1980;0;15.140.881;0;0.09901763
Argentina;ARG;1981;0;14.684.794;0;0.08701801
Argentina;ARG;1982;0;17.592.196;0;0.1149734
Argentina;ARG;1983;0;1.841.851;0;0.15497561
Argentina;ARG;1984;0;19.877.867;0;0.11498845
Argentina;ARG;1985;0;20.653.124;0;0.12000641
Argentina;ARG;1986;0;21.030.247;0;0.123990245
Argentina;ARG;1987;0;21.912.518;0;0.10598629
Argentina;ARG;1988;0;15.259.144;0;0.12296129
Argentina;ARG;1989;0;13.187.393;0;0.10600155
Argentina;ARG;1990;0;17.713.175;0;0.13302182
Argentina;ARG;1991;0;15.869.253;0;0.1310081
Argentina;ARG;1992;0;1.916.509;0;0.12998593
Argentina;ARG;1993;0;23.768.307;0;0.09599508
Argentina;ARG;1994;0;27.286.676;0;0.099004395
Argentina;ARG;1995;0;26.503.681;0;0.119016126
Argentina;ARG;1996;0.009618;22.471.685;0;0.22302064
Argentina;ARG;1997;0.014592;27.924.665;0;0.17875852
Argentina;ARG;1998;0.032541;26.475.504;0.000017;0.20689325
Argentina;ARG;1999;0.034781;21.396.791;0.000026;0.26199996
Argentina;ARG;2000;0.04;28.49;0;0.36
Argentina;ARG;2001;0.05;36.65;0;0.34
Argentina;ARG;2002;0.07;35.49;0;0.5
Argentina;ARG;2003;0.08;33.47;0;0.83
Argentina;ARG;2004;0.07;30.14;0;0.82
Argentina;ARG;2005;0.08;33.66;0;0.86
Argentina;ARG;2006;0.07;37.57;0;1.03
Argentina;ARG;2007;0.06;30.06;0;1.06
Argentina;ARG;2008;0.04;30.11;0;1.13
Argentina;ARG;2009;0.04;33.53;0;1.13
Argentina;ARG;2010;0.03;33.02;0;1.36
Argentina;ARG;2011;0.06;31.03;0;1.34
Argentina;ARG;2012;0.82;28.71;0.01;1.39
Argentina;ARG;2013;1.01;32.51;0.01;1.5
Argentina;ARG;2014;0.62;32.33;0.02;1.4
Argentina;ARG;2015;0.59;31.94;0.01;1.43
Argentina;ARG;2016;0.54;29.4;0.01;1.07
Argentina;ARG;2017;0.61;31.46;0.02;1.31
Argentina;ARG;2018;1.4;31.96;0.11;1.5
Argentina;ARG;2019;4.95;27.33;0.79;1.56
Argentina;ARG;2020;9.32;24.26;1.33;2.14
Argentina;ARG;2021;12.81;20.19;2.17;2.01
Armenia;ARM;2000;0;1.25;0;0
Armenia;ARM;2001;0;0.96;0;0
Armenia;ARM;2002;0;1.64;0;0
Armenia;ARM;2003;0;1.96;0;0
Armenia;ARM;2004;0;1.98;0;0
Armenia;ARM;2005;0;1.75;0;0
Armenia;ARM;2006;0;1.81;0;0
Armenia;ARM;2007;0;1.83;0;0
Armenia;ARM;2008;0;1.78;0;0
Armenia;ARM;2009;0;2;0;0
Armenia;ARM;2010;0.01;2.53;0;0
Armenia;ARM;2011;0;2.46;0;0
Armenia;ARM;2012;0;2.3;0;0
Armenia;ARM;2013;0;2.15;0;0
Armenia;ARM;2014;0;1.97;0;0
Armenia;ARM;2015;0;2.18;0;0
Armenia;ARM;2016;0;2.33;0;0
Armenia;ARM;2017;0;2.25;0;0
Armenia;ARM;2018;0;2.29;0.02;0
Armenia;ARM;2019;0;2.35;0.06;0
Armenia;ARM;2020;0;1.78;0.14;0
Armenia;ARM;2021;0;2.2;0.09;0
Aruba;ABW;2000;0;0;0;0
Aruba;ABW;2001;0;0;0;0
Aruba;ABW;2002;0;0;0;0
Aruba;ABW;2003;0;0;0;0
Aruba;ABW;2004;0;0;0;0
Aruba;ABW;2005;0;0;0;0
Aruba;ABW;2006;0;0;0;0
Aruba;ABW;2007;0;0;0;0
Aruba;ABW;2008;0;0;0;0
Aruba;ABW;2009;0.03;0;0;0
Aruba;ABW;2010;0.11;0;0;0
Aruba;ABW;2011;0.11;0;0;0
Aruba;ABW;2012;0.14;0;0;0
Aruba;ABW;2013;0.15;0;0;0
Aruba;ABW;2014;0.15;0;0.01;0
Aruba;ABW;2015;0.17;0;0.01;0
Aruba;ABW;2016;0.13;0;0.01;0
Aruba;ABW;2017;0.13;0;0.01;0
Aruba;ABW;2018;0.14;0;0.01;0
Aruba;ABW;2019;0.14;0;0.01;0
Aruba;ABW;2020;0.14;0;0.01;0
Aruba;ABW;2021;0.14;0;0.01;0
Asia;;1965;0;14.290.587;0;0.1
Asia;;1966;0;14.904.556;0;0.122
Asia;;1967;0;1.392.507;0;0.173
Asia;;1968;0;15.478.128;0;0.179
Asia;;1969;0;16.068.423;0;0.178
Asia;;1970;0;16.448.134;0;0.40870398
Asia;;1971;0;17.992.075;0;0.39761102
Asia;;1972;0;18.607.146;0;0.42359102
Asia;;1973;0;17.298.293;0;0.450998
Asia;;1974;0;19.701.353;0;0.514547
Asia;;1975;0;21.223.686;0;0.598507
Asia;;1976;0;21.830.035;0;0.528553
Asia;;1977;0;21.444.467;0;0.752774
Asia;;1978;0;22.585.852;0;0.967644
Asia;;1979;0;24.419.711;0;1.881.672
Asia;;1980;0;26.164.688;0;327.229
Asia;;1981;0;279.014;0;5.158.717
Asia;;1982;0;2.763.654;0;13.786.909
Asia;;1983;0;2.890.298;0;15.969.758
Asia;;1984;0;28.970.355;0;17.504.143
Asia;;1985;0;3.432.253;0;18.650.616
Asia;;1986;0;34.583.762;0;1.950.979
Asia;;1987;0;35.831.186;0;19.839.085
Asia;;1988;0;4.117.138;0;21.396.158
Asia;;1989;0;42.120.538;0;23.113.253
Asia;;1990;0.033323232;4.441.206;0.004;18.881.407
Asia;;1991;0.12300091;44.901.508;0.004;19.272.646
Asia;;1992;0.22078313;45.227.505;0.015500001;19.529.099
Asia;;1993;0.3098508;50.267.566;0.028500002;19.343.426
Asia;;1994;0.578078;4.988.318;0.036;2.293.912
Asia;;1995;11.145.912;53.850.226;0.049510103;27.571.014
Asia;;1996;0.9768788;5.349.226;0.0725606;28.013.805
Asia;;1997;11.958.565;5.328.262;0.116365455;31.614.063
Asia;;1998;14.579.804;5.648.095;0.16731885;33.696.926
Asia;;1999;2.029.756;55.017.346;0.24566661;3.697.982
Asia;;2000;2.37;567.84;0.39;46.17
Asia;;2001;31.799.998;614.37;0.53;46.760.002
Asia;;2002;34.599.998;634.97;0.75;48.59
Asia;;2003;4.58;661.89;0.99999994;49.34
Asia;;2004;8.009.999;776.51;13.100.001;52.309.998
Asia;;2005;10.07;807.99;1.61;58.61
Asia;;2006;16.06;884.44;19.399.999;62.35
Asia;;2007;21.16;925.34;2.31;70.47
Asia;;2008;32.57;10.587.301;2.8;76.83
Asia;;2009;50.79;1032.65;3.81;86.350.006
Asia;;2010;78;1181.38;5.38;101.5
Asia;;2011;110.26;1197.11;9.73;111.38
Asia;;2012;144.21;1372.61;14.75;120.56
Asia;;2013;185.18;1460.41;29.060.001;132.93
Asia;;2014;211.58;15.969.899;58.57;15.215.001
Asia;;2015;24.140.999;1666.53;91.189.995;17.554.001
Asia;;2016;313.43;1724.79;139.95;17.970.999
Asia;;2017;392.13;1773.93;217.74;208.56
Asia;;2018;466.93;1820.79;31.022.998;236.25
Asia;;2019;514.87;1944.54;392.02;265.25
Asia;;2020;579.29;1991.26;47.247.998;291.16
Asia;;2021;78.619.995;1940.53;586.96;343.47
Asia (Ember);;2000;2.3;528.86;0.39;45.89
Asia (Ember);;2001;3.08;581.87;0.53;46.46
Asia (Ember);;2002;3.37;589.6;0.75;48.33
Asia (Ember);;2003;4.48;612.39;1;49.14
Asia (Ember);;2004;7.89;712.69;1.31;52.11
Asia (Ember);;2005;9.93;742.63;1.61;58.45
Asia (Ember);;2006;15.79;810.99;1.94;62.15
Asia (Ember);;2007;20.65;861.76;2.31;70.16
Asia (Ember);;2008;31.51;1011.28;2.8;76.47
Asia (Ember);;2009;49.05;984.23;3.78;85.590.004
Asia (Ember);;2010;74.9;1111.12;5.29;100.41
Asia (Ember);;2011;105.32;1126.6;9.5;110.229.996
Asia (Ember);;2012;138.06;1293.61;14.33;118.939.995
Asia (Ember);;2013;177.38;1377.35;28.4;130.55
Asia (Ember);;2014;202.83;1536.37;57.22;148.52
Asia (Ember);;2015;229.47;1582.66;89.25;17.062.999
Asia (Ember);;2016;297.29;1637.46;136.25;172.96
Asia (Ember);;2017;373.24;1695.13;211.12;200.03
Asia (Ember);;2018;445.29;1748.1;296.67;225.88
Asia (Ember);;2019;491.3;1815.15;372.44;25.251.001
Asia (Ember);;2020;551.71;1883.21;447.45;276.41
Asia (Ember);;2021;752.06;1863.25;556.16;326.06
Asia Pacific (BP);;1965;0;15.608.955;0;1.644
Asia Pacific (BP);;1966;0;16.231.183;0;1.643
Asia Pacific (BP);;1967;0;15.286.674;0;1.424
Asia Pacific (BP);;1968;0;16.824.911;0;1.577
Asia Pacific (BP);;1969;0;1.741.638;0;1.608
Asia Pacific (BP);;1970;0;180.71;0;1.776.704
Asia Pacific (BP);;1971;0;19.945.708;0;1.754.611
Asia Pacific (BP);;1972;0;20.511.601;0;1.785.591
Asia Pacific (BP);;1973;0;19.401.163;0;1.834.998
Asia Pacific (BP);;1974;0;2.179.046;0;28.156.047
Asia Pacific (BP);;1975;0;23.244.424;0;29.736.698
Asia Pacific (BP);;1976;0;23.325.337;0;29.064
Asia Pacific (BP);;1977;0;22.703.831;0;2.941.779
Asia Pacific (BP);;1978;0;2.370.464;0;32.368.069
Asia Pacific (BP);;1979;0;25.698.187;0;4.032.256
Asia Pacific (BP);;1980;0;2.734.472;0;5.492.769
Asia Pacific (BP);;1981;0;28.972.968;0;73.913.007
Asia Pacific (BP);;1982;0;28.266.718;0;1.627.123
Asia Pacific (BP);;1983;0;29.934.137;0;18.387.142
Asia Pacific (BP);;1984;0;2.994.067;0;20.061.474
Asia Pacific (BP);;1985;0;32.004.462;0;21.110.823
Asia Pacific (BP);;1986;0;3.281.591;0;22.009.226
Asia Pacific (BP);;1987;0;3.268.913;0;22.329.086
Asia Pacific (BP);;1988;0;36.178.625;0;2.414.604
Asia Pacific (BP);;1989;0;38.804.352;0;26.438.787
Asia Pacific (BP);;1990;0.032323234;39.927.155;0.004;2.251.375
Asia Pacific (BP);;1991;0.12200091;41.052.426;0.00945;22.994.274
Asia Pacific (BP);;1992;0.22047403;40.152.466;0.0276;2.315.172
Asia Pacific (BP);;1993;0.31183666;44.028.693;0.0431;23.097.511
Asia Pacific (BP);;1994;0.58358806;4.432.982;0.0534;26.580.261
Asia Pacific (BP);;1995;11.216.013;48.343.442;0.0706601;31.112.776
Asia Pacific (BP);;1996;0.99120504;47.340.945;0.09816061;31.652.657
Asia Pacific (BP);;1997;121.395;47.589.465;0.14701545;35.280.697
Asia Pacific (BP);;1998;14.895.501;5.066.743;0.20291886;37.759.834
Asia Pacific (BP);;1999;20.532.491;50.024.295;0.2862666;41.455.635
Asia Pacific (BP);;2000;2.563.947;52.165.295;0.42848444;44.974.827
Asia Pacific (BP);;2001;35.174.093;5.704.633;0.60850644;455.645
Asia Pacific (BP);;2002;40.670.133;57.890.875;0.8291114;47.265.427
Asia Pacific (BP);;2003;53.408.756;5.943.545;11.165.706;4.953.167
Asia Pacific (BP);;2004;9.186.693;69.915.247;1.463.785;53.351.498
Asia Pacific (BP);;2005;12.019.194;7.279.608;18.525.405;6.051.645
Asia Pacific (BP);;2006;18.569.807;8.016.983;2.291.108;6.484.644
Asia Pacific (BP);;2007;24.603.132;85.217.444;274.839;7.150.754
Asia Pacific (BP);;2008;36.079.895;9.977.784;333.027;7.942.048
Asia Pacific (BP);;2009;54.847.977;9.680.881;4.382.631;8.771.818
Asia Pacific (BP);;2010;81.484.215;10.976.714;6.738.752;99.808.716
Asia Pacific (BP);;2011;11.355.109;11.178.053;12.163.278;1.092.485
Asia Pacific (BP);;2012;14.772.359;12.619.498;17.553.854;118.289.406
Asia Pacific (BP);;2013;18.847.214;1.369.885;32.382.584;13.023.392
Asia Pacific (BP);;2014;21.427.269;15.234.308;62.967.415;14.875.612
Asia Pacific (BP);;2015;24.305.782;15.668.795;95.624.725;17.102.686
Asia Pacific (BP);;2016;3.111.879;16.287.206;1.418.077;17.141.855
Asia Pacific (BP);;2017;38.715.164;16.738.356;22.017.581;197.789
Asia Pacific (BP);;2018;46.209.122;17.272.189;30.959.854;23.380.719
Asia Pacific (BP);;2019;51.161.475;17.910.603;39.025.864;2.590.397
Asia Pacific (BP);;2020;57.512.225;18.628.567;4.666.904;28.186.713
Asia Pacific (BP);;2021;779.175;18.516.252;581.505;32.944.208
Australia;AUS;1965;0;7.689.756;0;0.296
Australia;AUS;1966;0;73.450.427;0;0.284
Australia;AUS;1967;0;76.057.873;0;0.29
Australia;AUS;1968;0;79.505.005;0;0.282
Australia;AUS;1969;0;8.684.121;0;0.281
Australia;AUS;1970;0;10.170.687;0;0.261
Australia;AUS;1971;0;11.507.442;0;0.263
Australia;AUS;1972;0;11.553.314;0;0.28
Australia;AUS;1973;0;12.285.839;0;0.338
Australia;AUS;1974;0;1.387.392;0;0.429
Australia;AUS;1975;0;14.887.801;0;0.489
Australia;AUS;1976;0;14.153.859;0;0.484
Australia;AUS;1977;0;1.354.395;0;0.429
Australia;AUS;1978;0;14.675.349;0;0.405
Australia;AUS;1979;0;14.246.056;0;0.418
Australia;AUS;1980;0;13.466.598;0;0.385
Australia;AUS;1981;0;138.663.435;0;0.404
Australia;AUS;1982;0;12.770.334;0;0.516
Australia;AUS;1983;0;12.123.648;0;0.431
Australia;AUS;1984;0;13.125.949;0;0.441
Australia;AUS;1985;0;13.940.511;0;0.456
Australia;AUS;1986;0;14.025.799;0;0.46
Australia;AUS;1987;0;13.613.796;0;0.47
Australia;AUS;1988;0;14.334.444;0;0.731
Australia;AUS;1989;0;14.253.669;0;0.81
Australia;AUS;1990;0;147.595;0;0.7595
Australia;AUS;1991;0;156.535;0.00545;0.7195
Australia;AUS;1992;0;159.415;0.0121;0.67
Australia;AUS;1993;0.002;16.387;0.0146;0.67
Australia;AUS;1994;0.0055;16.15;0.0174;0.6965
Australia;AUS;1995;0.007;15.631;0.02115;0.8255
Australia;AUS;1996;0.007;159.685;0.0256;0.9465
Australia;AUS;1997;0.0075;159.525;0.03065;0.997
Australia;AUS;1998;0.018;15.798;0.0356;1.081
Australia;AUS;1999;0.043;162.815;0.0406;11.335
Australia;AUS;2000;0.06;16.2;0.04;0.81
Australia;AUS;2001;0.21;16.4;0.04;0.75
Australia;AUS;2002;0.36;15.72;0.05;1.22
Australia;AUS;2003;0.7;16.13;0.06;1.61
Australia;AUS;2004;0.7;15.89;0.07;2.75
Australia;AUS;2005;0.88;15.16;0.08;3.63
Australia;AUS;2006;1.71;15.77;0.09;3.62
Australia;AUS;2007;2.61;14.2;0.11;4.01
Australia;AUS;2008;3.09;11.79;0.13;3.48
Australia;AUS;2009;3.82;11.68;0.16;2.66
Australia;AUS;2010;4.94;13.5;0.39;2.3
Australia;AUS;2011;6.79;16.69;1.39;2.46
Australia;AUS;2012;7.39;13.98;2.33;2.93
Australia;AUS;2013;9.54;18.12;3.48;3.06
Australia;AUS;2014;10.41;18.34;4.01;3.39
Australia;AUS;2015;11.45;13.32;5.02;3.33
Australia;AUS;2016;13.7;15.02;6.21;3.48
Australia;AUS;2017;13.27;16.04;8.07;3.39
Australia;AUS;2018;13.7;15.8;9.93;3.5
Australia;AUS;2019;19.72;15.6;14.85;3.24
Australia;AUS;2020;22.2;14.76;23.85;3.18
Australia;AUS;2021;26.09;14.76;28.04;3.09
Austria;AUT;1965;0;16.083;0;0
Austria;AUT;1966;0;17.331;0;0
Austria;AUT;1967;0;17.698;0;0
Austria;AUT;1968;0;18.185;0;0
Austria;AUT;1969;0;16.718;0;0
Austria;AUT;1970;0;212.897;0;0
Austria;AUT;1971;0;168.201;0;0
Austria;AUT;1972;0;172.876;0;0
Austria;AUT;1973;0;192.092;0;0
Austria;AUT;1974;0;227.122;0;0
Austria;AUT;1975;0;237.952;0;0
Austria;AUT;1976;0;205.656;0;0
Austria;AUT;1977;0;249.208;0;0
Austria;AUT;1978;0;249.408;0;0
Austria;AUT;1979;0;280.968;0;0
Austria;AUT;1980;0;291.099;0;0
Austria;AUT;1981;0;308.473;0;0
Austria;AUT;1982;0;308.963;0;0
Austria;AUT;1983;0;306.063;0;0
Austria;AUT;1984;0;26.849.564;0;0
Austria;AUT;1985;0;30.775.146;0;0.943327
Austria;AUT;1986;0;30.903.927;0;1.287.501
Austria;AUT;1987;0;35.387.993;0;0.905816
Austria;AUT;1988;0;3.530.409;0;104.696
Austria;AUT;1989;0;3.508.243;0;110.445
Austria;AUT;1990;0;31.51;0;1.13
Austria;AUT;1991;0;31.44;0;1.21
Austria;AUT;1992;0;34.85;0;1.31
Austria;AUT;1993;0;36.71;0;1.34
Austria;AUT;1994;0;35.71;0;1.19
Austria;AUT;1995;0;37.07;0;1.84
Austria;AUT;1996;0;34.22;0;1.57
Austria;AUT;1997;0.02;36.11;0;1.69
Austria;AUT;1998;0.05;37.16;0;1.82
Austria;AUT;1999;0.05;40.7;0;1.6
Austria;AUT;2000;0.07;41.84;0;1.53
Austria;AUT;2001;0.1;40.46;0.01;1.67
Austria;AUT;2002;0.14;40.23;0.01;1.52
Austria;AUT;2003;0.37;33.21;0.01;1.65
Austria;AUT;2004;0.93;36.76;0.02;1.91
Austria;AUT;2005;1.33;37.1;0.02;2.43
Austria;AUT;2006;1.75;35.66;0.02;3.23
Austria;AUT;2007;2.04;37.05;0.02;4.06
Austria;AUT;2008;2.01;38.33;0.03;4.16
Austria;AUT;2009;1.95;40.9;0.05;4.28
Austria;AUT;2010;2.06;38.36;0.09;4.48
Austria;AUT;2011;1.94;34.24;0.17;4.56
Austria;AUT;2012;2.46;43.85;0.34;4.68
Austria;AUT;2013;3.15;42.02;0.63;4.7
Austria;AUT;2014;3.85;41.01;0.79;4.55
Austria;AUT;2015;4.84;37.16;0.94;4.65
Austria;AUT;2016;5.23;39.97;1.1;4.78
Austria;AUT;2017;6.57;38.29;1.27;4.92
Austria;AUT;2018;6.03;37.64;1.46;4.93
Austria;AUT;2019;7.45;40.83;1.7;4.66
Austria;AUT;2020;6.79;42;2.04;4.59
Austria;AUT;2021;6.74;38.75;2.78;4.48
Austria;AUT;2022;6.93;36.07;2.73;3.62
Azerbaijan;AZE;1990;0;1.658;0;0
Azerbaijan;AZE;1991;0;17.593;0;0
Azerbaijan;AZE;1992;0;17.473;0;0
Azerbaijan;AZE;1993;0;2.426;0;0
Azerbaijan;AZE;1994;0;1.83;0;0
Azerbaijan;AZE;1995;0;1.556;0;0
Azerbaijan;AZE;1996;0;1.537;0;0
Azerbaijan;AZE;1997;0;1.712;0;0
Azerbaijan;AZE;1998;0;1.951;0;0
Azerbaijan;AZE;1999;0;1.506;0;0
Azerbaijan;AZE;2000;0;1.52;0;0
Azerbaijan;AZE;2001;0;1.29;0;0
Azerbaijan;AZE;2002;0;2;0;0
Azerbaijan;AZE;2003;0;2.44;0;0
Azerbaijan;AZE;2004;0;2.73;0;0
Azerbaijan;AZE;2005;0;2.98;0;0
Azerbaijan;AZE;2006;0;2.49;0;0
Azerbaijan;AZE;2007;0;2.34;0;0
Azerbaijan;AZE;2008;0;2.21;0;0
Azerbaijan;AZE;2009;0;2.29;0;0
Azerbaijan;AZE;2010;0;3.41;0;0
Azerbaijan;AZE;2011;0;2.65;0;0
Azerbaijan;AZE;2012;0;1.8;0;0
Azerbaijan;AZE;2013;0;1.47;0;0
Azerbaijan;AZE;2014;0;1.29;0;0
Azerbaijan;AZE;2015;0;1.62;0;0
Azerbaijan;AZE;2016;0.02;1.94;0.04;0
Azerbaijan;AZE;2017;0.02;1.73;0.04;0
Azerbaijan;AZE;2018;0.08;1.75;0.04;0
Azerbaijan;AZE;2019;0.1;1.55;0.04;0
Azerbaijan;AZE;2020;0.1;1.07;0.05;0
Azerbaijan;AZE;2021;0.09;1.28;0.05;0
Azerbaijan;AZE;1985;;13.125.618;;
Azerbaijan;AZE;1986;;0.8043308;;
Azerbaijan;AZE;1987;;0.8043308;;
Azerbaijan;AZE;1988;;0.6982652;;
Azerbaijan;AZE;1989;;0.6982652;;
Bahamas;BHS;2000;0;0;0;0
Bahamas;BHS;2001;0;0;0;0
Bahamas;BHS;2002;0;0;0;0
Bahamas;BHS;2003;0;0;0;0
Bahamas;BHS;2004;0;0;0;0
Bahamas;BHS;2005;0;0;0;0
Bahamas;BHS;2006;0;0;0;0
Bahamas;BHS;2007;0;0;0;0
Bahamas;BHS;2008;0;0;0;0
Bahamas;BHS;2009;0;0;0;0
Bahamas;BHS;2010;0;0;0;0
Bahamas;BHS;2011;0;0;0;0
Bahamas;BHS;2012;0;0;0;0
Bahamas;BHS;2013;0;0;0;0
Bahamas;BHS;2014;0;0;0;0
Bahamas;BHS;2015;0;0;0;0
Bahamas;BHS;2016;0;0;0;0
Bahamas;BHS;2017;0;0;0;0
Bahamas;BHS;2018;0;0;0;0
Bahamas;BHS;2019;0;0;0;0
Bahamas;BHS;2020;0;0;0;0
Bahamas;BHS;2021;0;0;0;0
Bahrain;BHR;2000;0;0;0;0
Bahrain;BHR;2001;0;0;0;0
Bahrain;BHR;2002;0;0;0;0
Bahrain;BHR;2003;0;0;0;0
Bahrain;BHR;2004;0;0;0;0
Bahrain;BHR;2005;0;0;0;0
Bahrain;BHR;2006;0;0;0;0
Bahrain;BHR;2007;0;0;0;0
Bahrain;BHR;2008;0;0;0;0
Bahrain;BHR;2009;0;0;0;0
Bahrain;BHR;2010;0;0;0;0
Bahrain;BHR;2011;0;0;0;0
Bahrain;BHR;2012;0;0;0;0
Bahrain;BHR;2013;0;0;0;0
Bahrain;BHR;2014;0;0;0.01;0
Bahrain;BHR;2015;0;0;0.01;0
Bahrain;BHR;2016;0;0;0.01;0
Bahrain;BHR;2017;0;0;0.01;0
Bahrain;BHR;2018;0;0;0.01;0
Bahrain;BHR;2019;0;0;0.01;0
Bahrain;BHR;2020;0;0;0.01;0
Bahrain;BHR;2021;0;0;0.01;0
Bangladesh;BGD;1971;0;0.175;0;0
Bangladesh;BGD;1972;0;0.175;0;0
Bangladesh;BGD;1973;0;0.331;0;0
Bangladesh;BGD;1974;0;0.243;0;0
Bangladesh;BGD;1975;0;0.436;0;0
Bangladesh;BGD;1976;0;0.494;0;0
Bangladesh;BGD;1977;0;0.437;0;0
Bangladesh;BGD;1978;0;0.506;0;0
Bangladesh;BGD;1979;0;0.587;0;0
Bangladesh;BGD;1980;0;0.583;0;0
Bangladesh;BGD;1981;0;0.625;0;0
Bangladesh;BGD;1982;0;0.523;0;0
Bangladesh;BGD;1983;0;0.662;0;0
Bangladesh;BGD;1984;0;0.897;0;0
Bangladesh;BGD;1985;0;0.739;0;0
Bangladesh;BGD;1986;0;0.45;0;0
Bangladesh;BGD;1987;0;0.517;0;0
Bangladesh;BGD;1988;0;0.675;0;0
Bangladesh;BGD;1989;0;0.92;0;0
Bangladesh;BGD;1990;0;0.884;0;0
Bangladesh;BGD;1991;0;0.838;0;0
Bangladesh;BGD;1992;0;0.796;0;0
Bangladesh;BGD;1993;0;0.608;0;0
Bangladesh;BGD;1994;0;0.847;0;0
Bangladesh;BGD;1995;0;0.372;0;0
Bangladesh;BGD;1996;0;0.739;0;0
Bangladesh;BGD;1997;0;0.719;0;0
Bangladesh;BGD;1998;0;0.865;0;0
Bangladesh;BGD;1999;0;0.833;0;0
Bangladesh;BGD;2000;0;0.94;0;0
Bangladesh;BGD;2001;0;0.98;0;0
Bangladesh;BGD;2002;0;1.05;0;0
Bangladesh;BGD;2003;0;1.12;0;0
Bangladesh;BGD;2004;0;1.21;0;0
Bangladesh;BGD;2005;0;1.28;0;0
Bangladesh;BGD;2006;0;1.38;0.01;0
Bangladesh;BGD;2007;0;0.74;0.02;0
Bangladesh;BGD;2008;0;0.94;0.02;0
Bangladesh;BGD;2009;0;0.44;0.03;0
Bangladesh;BGD;2010;0;0.76;0.07;0.01
Bangladesh;BGD;2011;0;0.92;0.06;0.01
Bangladesh;BGD;2012;0;0.82;0.09;0.02
Bangladesh;BGD;2013;0;0.94;0.13;0.02
Bangladesh;BGD;2014;0;0.62;0.16;0.03
Bangladesh;BGD;2015;0.01;0.59;0.2;0.03
Bangladesh;BGD;2016;0.01;1.01;0.22;0.03
Bangladesh;BGD;2017;0.01;1.03;0.25;0.03
Bangladesh;BGD;2018;0.01;1.08;0.28;0.03
Bangladesh;BGD;2019;0.01;0.77;0.33;0.03
Bangladesh;BGD;2020;0.01;0.88;0.39;0.03
Bangladesh;BGD;2021;0.01;0.88;0.47;0.03
Barbados;BRB;2000;0;0;0;0
Barbados;BRB;2001;0;0;0;0
Barbados;BRB;2002;0;0;0;0
Barbados;BRB;2003;0;0;0;0
Barbados;BRB;2004;0;0;0;0
Barbados;BRB;2005;0;0;0;0
Barbados;BRB;2006;0;0;0;0
Barbados;BRB;2007;0;0;0;0
Barbados;BRB;2008;0;0;0;0
Barbados;BRB;2009;0;0;0;0
Barbados;BRB;2010;0;0;0;0
Barbados;BRB;2011;0;0;0;0
Barbados;BRB;2012;0;0;0;0
Barbados;BRB;2013;0;0;0;0
Barbados;BRB;2014;0;0;0.01;0
Barbados;BRB;2015;0;0;0.01;0
Barbados;BRB;2016;0;0;0.02;0
Barbados;BRB;2017;0;0;0.03;0
Barbados;BRB;2018;0;0;0.03;0
Barbados;BRB;2019;0;0;0.04;0
Barbados;BRB;2020;0;0;0.07;0
Barbados;BRB;2021;0;0;0.08;0
Belarus;BLR;1990;0;0.02;0;0
Belarus;BLR;1991;0;0.018;0;0
Belarus;BLR;1992;0;0.017;0;0
Belarus;BLR;1993;0;0.019;0;0
Belarus;BLR;1994;0;0.019;0;0
Belarus;BLR;1995;0;0.02;0;0
Belarus;BLR;1996;0;0.016;0;0
Belarus;BLR;1997;0;0.021;0;0
Belarus;BLR;1998;0;0.028;0;0
Belarus;BLR;1999;0;0.019;0;0
Belarus;BLR;2000;0;0.03;0;0
Belarus;BLR;2001;0;0.03;0;0
Belarus;BLR;2002;0;0.03;0;0
Belarus;BLR;2003;0;0.03;0;0
Belarus;BLR;2004;0;0.03;0;0
Belarus;BLR;2005;0;0.04;0;0
Belarus;BLR;2006;0;0.04;0;0.02
Belarus;BLR;2007;0;0.04;0;0.03
Belarus;BLR;2008;0;0.04;0;0.07
Belarus;BLR;2009;0;0.04;0;0.06
Belarus;BLR;2010;0;0.05;0;0.07
Belarus;BLR;2011;0;0.04;0;0.08
Belarus;BLR;2012;0.01;0.07;0;0.07
Belarus;BLR;2013;0.01;0.14;0;0.14
Belarus;BLR;2014;0.01;0.12;0;0.14
Belarus;BLR;2015;0.03;0.11;0.01;0.13
Belarus;BLR;2016;0.08;0.14;0.03;0.15
Belarus;BLR;2017;0.1;0.4;0.09;0.15
Belarus;BLR;2018;0.1;0.32;0.18;0.21
Belarus;BLR;2019;0.18;0.34;0.18;0.23
Belarus;BLR;2020;0.19;0.39;0.18;0.52
Belarus;BLR;2021;0.19;0.39;0.18;0.55
Belarus;BLR;1985;;0.02;;
Belarus;BLR;1986;;0.02;;
Belarus;BLR;1987;;0.02;;
Belarus;BLR;1988;;0.02;;
Belarus;BLR;1989;;0.02;;
Belgium;BEL;1965;0;0.272;0;0
Belgium;BEL;1966;0;0.299;0;0
Belgium;BEL;1967;0;0.238;0;0
Belgium;BEL;1968;0;0.244;0;0
Belgium;BEL;1969;0;0.23;0;0
Belgium;BEL;1970;0;0.246;0;0
Belgium;BEL;1971;0;0.134;0;0
Belgium;BEL;1972;0;0.18;0;0
Belgium;BEL;1973;0;0.171;0;0.116
Belgium;BEL;1974;0;0.24;0;0.108
Belgium;BEL;1975;0;0.183;0;0.083
Belgium;BEL;1976;0;0.109;0;0.057
Belgium;BEL;1977;0;0.224;0;0.247
Belgium;BEL;1978;0;0.223;0;0.26
Belgium;BEL;1979;0;0.234;0;0.315
Belgium;BEL;1980;0;0.278;0;0.3
Belgium;BEL;1981;0;0.381;0;0.291
Belgium;BEL;1982;0;0.333;0;0.046
Belgium;BEL;1983;0;0.336;0;0.022
Belgium;BEL;1984;0;0.351;0;0.024
Belgium;BEL;1985;0;0.287;0;0.053
Belgium;BEL;1986;0;0.343;0;0.119
Belgium;BEL;1987;0.006;0.429;0;0.142
Belgium;BEL;1988;0.008;0.359;0;0.18
Belgium;BEL;1989;0.007;0.305;0;0.191
Belgium;BEL;1990;0.01;0.27;0;0.28
Belgium;BEL;1991;0.01;0.23;0;0.3
Belgium;BEL;1992;0.01;0.34;0;0.27
Belgium;BEL;1993;0.01;0.25;0;0.25
Belgium;BEL;1994;0.01;0.35;0;0.25
Belgium;BEL;1995;0.01;0.34;0;0.32
Belgium;BEL;1996;0.01;0.24;0;0.31
Belgium;BEL;1997;0.01;0.31;0;0.28
Belgium;BEL;1998;0.01;0.39;0;0.36
Belgium;BEL;1999;0.01;0.34;0;0.5
Belgium;BEL;2000;0.02;0.46;0;0.57
Belgium;BEL;2001;0.04;0.44;0;0.6
Belgium;BEL;2002;0.06;0.36;0;0.72
Belgium;BEL;2003;0.09;0.25;0;0.86
Belgium;BEL;2004;0.14;0.32;0;1.04
Belgium;BEL;2005;0.23;0.29;0;1.59
Belgium;BEL;2006;0.37;0.36;0;2.23
Belgium;BEL;2007;0.49;0.39;0.01;2.6
Belgium;BEL;2008;0.64;0.41;0.04;3.33
Belgium;BEL;2009;1;0.33;0.17;3.95
Belgium;BEL;2010;1.29;0.31;0.56;4.38
Belgium;BEL;2011;2.31;0.2;1.17;4.63
Belgium;BEL;2012;2.76;0.36;2.15;5.24
Belgium;BEL;2013;3.66;0.38;2.64;5.03
Belgium;BEL;2014;4.62;0.29;2.89;4.41
Belgium;BEL;2015;5.57;0.32;3.06;5.5
Belgium;BEL;2016;5.42;0.37;3.1;5.36
Belgium;BEL;2017;6.52;0.27;3.31;5.7
Belgium;BEL;2018;7.57;0.29;3.9;5.41
Belgium;BEL;2019;9.76;0.3;4.25;5.16
Belgium;BEL;2020;12.82;0.27;5.11;5.26
Belgium;BEL;2021;12;0.42;5.62;4.69
Belgium;BEL;2022;12.07;0.2;7.35;4.45
Belize;BLZ;2000;0;0.09;0;0.01
Belize;BLZ;2001;0;0.09;0;0.01
Belize;BLZ;2002;0;0.09;0;0.01
Belize;BLZ;2003;0;0.06;0;0.01
Belize;BLZ;2004;0;0.06;0;0.01
Belize;BLZ;2005;0;0.07;0;0.01
Belize;BLZ;2006;0;0.18;0;0.01
Belize;BLZ;2007;0;0.18;0;0.01
Belize;BLZ;2008;0;0.2;0;0
Belize;BLZ;2009;0;0.19;0;0.02
Belize;BLZ;2010;0;0.26;0;0.06
Belize;BLZ;2011;0;0.25;0;0.05
Belize;BLZ;2012;0;0.21;0;0.07
Belize;BLZ;2013;0;0.26;0;0.05
Belize;BLZ;2014;0;0.26;0;0.07
Belize;BLZ;2015;0;0.24;0;0.08
Belize;BLZ;2016;0;0.26;0;0.1
Belize;BLZ;2017;0;0.27;0;0.2
Belize;BLZ;2018;0;0.25;0;0.22
Belize;BLZ;2019;0;0.3;0.01;0.17
Belize;BLZ;2020;0;0.08;0.01;0.17
Belize;BLZ;2021;0;0.08;0.01;0.17
Benin;BEN;2000;0;0;0;0
Benin;BEN;2001;0;0;0;0
Benin;BEN;2002;0;0;0;0
Benin;BEN;2003;0;0;0;0
Benin;BEN;2004;0;0;0;0
Benin;BEN;2005;0;0;0;0
Benin;BEN;2006;0;0;0;0
Benin;BEN;2007;0;0;0;0
Benin;BEN;2008;0;0;0;0
Benin;BEN;2009;0;0;0;0
Benin;BEN;2010;0;0;0;0
Benin;BEN;2011;0;0;0;0
Benin;BEN;2012;0;0;0;0
Benin;BEN;2013;0;0;0;0
Benin;BEN;2014;0;0;0;0
Benin;BEN;2015;0;0;0;0
Benin;BEN;2016;0;0;0;0
Benin;BEN;2017;0;0;0;0
Benin;BEN;2018;0;0;0;0
Benin;BEN;2019;0;0;0.01;0
Benin;BEN;2020;0;0;0.01;0
Benin;BEN;2021;0;0;0.01;0
Bermuda;BMU;2000;0;0;0;
Bermuda;BMU;2001;0;0;0;
Bermuda;BMU;2002;0;0;0;
Bermuda;BMU;2003;0;0;0;
Bermuda;BMU;2004;0;0;0;
Bermuda;BMU;2005;0;0;0;
Bermuda;BMU;2006;0;0;0;
Bermuda;BMU;2007;0;0;0;
Bermuda;BMU;2008;0;0;0;
Bermuda;BMU;2009;0;0;0;
Bermuda;BMU;2010;0;0;0;
Bermuda;BMU;2011;0;0;0;
Bermuda;BMU;2012;0;0;0;
Bermuda;BMU;2013;0;0;0;
Bermuda;BMU;2014;0;0;0;
Bermuda;BMU;2015;0;0;0;
Bermuda;BMU;2016;0;0;0;
Bermuda;BMU;2017;0;0;0;
Bermuda;BMU;2018;0;0;0;
Bermuda;BMU;2019;0;0;0;
Bermuda;BMU;2020;0;0;0;
Bermuda;BMU;2021;0;0;0;
Bhutan;BTN;2000;0;1.79;0;0
Bhutan;BTN;2001;0;1.92;0;0
Bhutan;BTN;2002;0;2.18;0;0
Bhutan;BTN;2003;0;2.5;0;0
Bhutan;BTN;2004;0;2.33;0;0
Bhutan;BTN;2005;0;2.62;0;0
Bhutan;BTN;2006;0;4.47;0;0
Bhutan;BTN;2007;0;6.49;0;0
Bhutan;BTN;2008;0;6.89;0;0
Bhutan;BTN;2009;0;6.93;0;0
Bhutan;BTN;2010;0;7.26;0;0
Bhutan;BTN;2011;0;6.97;0;0
Bhutan;BTN;2012;0;6.74;0;0
Bhutan;BTN;2013;0;7.53;0;0
Bhutan;BTN;2014;0;7.15;0;0
Bhutan;BTN;2015;0;7.73;0;0
Bhutan;BTN;2016;0;7.88;0;0
Bhutan;BTN;2017;0;7.65;0;0
Bhutan;BTN;2018;0;6.89;0;0
Bhutan;BTN;2019;0;8.95;0;0
Bhutan;BTN;2020;0;8.95;0;0
Bhutan;BTN;2021;0;9;0;0
Bolivia;BOL;2000;0;1.95;0;0.14
Bolivia;BOL;2001;0;2.11;0;0.14
Bolivia;BOL;2002;0;2.18;0;0.15
Bolivia;BOL;2003;0;1.97;0;0.17
Bolivia;BOL;2004;0;2.13;0;0.48
Bolivia;BOL;2005;0;1.94;0;0.59
Bolivia;BOL;2006;0;2.14;0;0.63
Bolivia;BOL;2007;0;2.3;0;1
Bolivia;BOL;2008;0;2.29;0;1.03
Bolivia;BOL;2009;0;2.27;0;1.13
Bolivia;BOL;2010;0;2.16;0;1.33
Bolivia;BOL;2011;0;2.32;0;1.41
Bolivia;BOL;2012;0;2.33;0;0.88
Bolivia;BOL;2013;0;2.51;0;0.82
Bolivia;BOL;2014;0.01;2.23;0.01;1.19
Bolivia;BOL;2015;0.01;2.44;0;1.3
Bolivia;BOL;2016;0.04;1.7;0.01;1.57
Bolivia;BOL;2017;0.06;2.21;0.01;1.52
Bolivia;BOL;2018;0.06;2.59;0.13;1.61
Bolivia;BOL;2019;0.07;3.22;0.19;0.52
Bolivia;BOL;2020;0.06;2.94;0.33;0.55
Bolivia;BOL;2021;0.13;3.24;0.47;0.58
Bosnia and Herzegovina;BIH;2000;0;5.04;0;0
Bosnia and Herzegovina;BIH;2001;0;5.13;0;0
Bosnia and Herzegovina;BIH;2002;0;5.22;0;0
Bosnia and Herzegovina;BIH;2003;0;4.46;0;0
Bosnia and Herzegovina;BIH;2004;0;5.92;0;0
Bosnia and Herzegovina;BIH;2005;0;5.94;0;0
Bosnia and Herzegovina;BIH;2006;0;5.8;0;0
Bosnia and Herzegovina;BIH;2007;0;3.96;0;0
Bosnia and Herzegovina;BIH;2008;0;4.82;0;0
Bosnia and Herzegovina;BIH;2009;0;6.18;0;0
Bosnia and Herzegovina;BIH;2010;0;7.95;0;0
Bosnia and Herzegovina;BIH;2011;0;4.34;0;0
Bosnia and Herzegovina;BIH;2012;0;4.17;0;0
Bosnia and Herzegovina;BIH;2013;0;7.16;0;0
Bosnia and Herzegovina;BIH;2014;0;5.88;0.01;0
Bosnia and Herzegovina;BIH;2015;0;5.49;0.01;0
Bosnia and Herzegovina;BIH;2016;0;5.59;0.02;0.01
Bosnia and Herzegovina;BIH;2017;0;3.75;0.02;0.01
Bosnia and Herzegovina;BIH;2018;0.1;6.35;0.02;0.01
Bosnia and Herzegovina;BIH;2019;0.25;6.02;0.03;0.02
Bosnia and Herzegovina;BIH;2020;0.26;4.58;0.05;0.02
Bosnia and Herzegovina;BIH;2021;0.38;6.72;0.07;0.02
Botswana;BWA;2000;0;0;0;0
Botswana;BWA;2001;0;0;0;0
Botswana;BWA;2002;0;0;0;0
Botswana;BWA;2003;0;0;0;0
Botswana;BWA;2004;0;0;0;0
Botswana;BWA;2005;0;0;0;0
Botswana;BWA;2006;0;0;0;0
Botswana;BWA;2007;0;0;0;0
Botswana;BWA;2008;0;0;0;0
Botswana;BWA;2009;0;0;0;0
Botswana;BWA;2010;0;0;0;0
Botswana;BWA;2011;0;0;0;0
Botswana;BWA;2012;0;0;0;0
Botswana;BWA;2013;0;0;0;0
Botswana;BWA;2014;0;0;0;0
Botswana;BWA;2015;0;0;0;0
Botswana;BWA;2016;0;0;0;0
Botswana;BWA;2017;0;0;0;0
Botswana;BWA;2018;0;0;0.01;0
Botswana;BWA;2019;0;0;0.01;0
Botswana;BWA;2020;0;0;0.01;0
Botswana;BWA;2021;0;0;0.01;0
Brazil;BRA;1965;0;25.515;0;0
Brazil;BRA;1966;0;27.906;0;0
Brazil;BRA;1967;0;29.189;0;0
Brazil;BRA;1968;0;30.55;0;0
Brazil;BRA;1969;0;32.692;0;0
Brazil;BRA;1970;0;39.801;0;0.5146915
Brazil;BRA;1971;0;43.199;0;0.63339525
Brazil;BRA;1972;0;50.681;0;0.7165702
Brazil;BRA;1973;0;57.89;0;0.7508004
Brazil;BRA;1974;0;65.679;0;0.7851518
Brazil;BRA;1975;0;72.287;0;0.86717755
Brazil;BRA;1976;0;82.913;0;0.86433774
Brazil;BRA;1977;0;93.48;0;11.168.455
Brazil;BRA;1978;0;102.746;0;13.319.441
Brazil;BRA;1979;0;116.58;0;17.760.195
Brazil;BRA;1980;0;128.907;0;18.055.083
Brazil;BRA;1981;0;130.765;0;18.736.229
Brazil;BRA;1982;0;141.132;0;21.784.744
Brazil;BRA;1983;0;151.475;0;29.844.549
Brazil;BRA;1984;0;166.593;0;28.516.788
Brazil;BRA;1985;0;178.375;0;30.671.256
Brazil;BRA;1986;0;182.419;0;31.939.325
Brazil;BRA;1987;0;185.6;0;35.656.974
Brazil;BRA;1988;0;199.093;0;3.339.784
Brazil;BRA;1989;0;204.69;0;34.031.622
Brazil;BRA;1990;0;206.708;0;38.590.624
Brazil;BRA;1991;0;217.782;0;39.996.126
Brazil;BRA;1992;0;223.343;0;4.929.361
Brazil;BRA;1993;0;235.065;0;49.839.373
Brazil;BRA;1994;0;242.705;0;53.882.236
Brazil;BRA;1995;0;253.905;0;55.937.405
Brazil;BRA;1996;0.002;265.769;0;675.271
Brazil;BRA;1997;0.004;278.972;0;7.378.951
Brazil;BRA;1998;0.005;291.469;0;7.505.233
Brazil;BRA;1999;0.002;293;0;8.376.002
Brazil;BRA;2000;0;301.36;0;7.41
Brazil;BRA;2001;0.04;265.2;0;8.47
Brazil;BRA;2002;0.06;283.23;0;9.66
Brazil;BRA;2003;0.06;302.56;0;11.26
Brazil;BRA;2004;0.06;317.59;0;11.78
Brazil;BRA;2005;0.09;334.08;0;12.79
Brazil;BRA;2006;0.24;345.32;0;13.99
Brazil;BRA;2007;0.64;370.27;0;16.97
Brazil;BRA;2008;0.84;365.86;0;18.91
Brazil;BRA;2009;1.24;387.08;0;21.81
Brazil;BRA;2010;2.18;403.29;0;30.52
Brazil;BRA;2011;2.7;428.33;0;31.29
Brazil;BRA;2012;5.05;415.34;0;34.39
Brazil;BRA;2013;6.58;390.99;0;39.27
Brazil;BRA;2014;12.21;373.44;0.02;45.15
Brazil;BRA;2015;21.47;359.74;0.06;47.54
Brazil;BRA;2016;33.24;380.91;0.08;49.14
Brazil;BRA;2017;42.06;370.91;0.83;50.6
Brazil;BRA;2018;48.12;388.97;3.44;52.13
Brazil;BRA;2019;55.43;397.88;6.59;52.69
Brazil;BRA;2020;56.48;396.33;10.64;56.56
Brazil;BRA;2021;71.5;362.82;16.75;57.6
British Virgin Islands;VGB;2000;0;0;0;0
British Virgin Islands;VGB;2001;0;0;0;0
British Virgin Islands;VGB;2002;0;0;0;0
British Virgin Islands;VGB;2003;0;0;0;0
British Virgin Islands;VGB;2004;0;0;0;0
British Virgin Islands;VGB;2005;0;0;0;0
British Virgin Islands;VGB;2006;0;0;0;0
British Virgin Islands;VGB;2007;0;0;0;0
British Virgin Islands;VGB;2008;0;0;0;0
British Virgin Islands;VGB;2009;0;0;0;0
British Virgin Islands;VGB;2010;0;0;0;0
British Virgin Islands;VGB;2011;0;0;0;0
British Virgin Islands;VGB;2012;0;0;0;0
British Virgin Islands;VGB;2013;0;0;0;0
British Virgin Islands;VGB;2014;0;0;0;0
British Virgin Islands;VGB;2015;0;0;0;0
British Virgin Islands;VGB;2016;0;0;0;0
British Virgin Islands;VGB;2017;0;0;0;0
British Virgin Islands;VGB;2018;0;0;0;0
British Virgin Islands;VGB;2019;0;0;0;0
British Virgin Islands;VGB;2020;0;0;0;0
British Virgin Islands;VGB;2021;0;0;0;0
Brunei;BRN;2000;0;0;0;0
Brunei;BRN;2001;0;0;0;0
Brunei;BRN;2002;0;0;0;0
Brunei;BRN;2003;0;0;0;0
Brunei;BRN;2004;0;0;0;0
Brunei;BRN;2005;0;0;0;0
Brunei;BRN;2006;0;0;0;0
Brunei;BRN;2007;0;0;0;0
Brunei;BRN;2008;0;0;0;0
Brunei;BRN;2009;0;0;0;0
Brunei;BRN;2010;0;0;0;0
Brunei;BRN;2011;0;0;0;0
Brunei;BRN;2012;0;0;0;0
Brunei;BRN;2013;0;0;0;0
Brunei;BRN;2014;0;0;0;0
Brunei;BRN;2015;0;0;0;0
Brunei;BRN;2016;0;0;0;0
Brunei;BRN;2017;0;0;0;0
Brunei;BRN;2018;0;0;0;0
Brunei;BRN;2019;0;0;0;0
Brunei;BRN;2020;0;0;0;0
Brunei;BRN;2021;0;0;0;0
Bulgaria;BGR;1965;0;2;0;0
Bulgaria;BGR;1966;0;2.01;0;0
Bulgaria;BGR;1967;0;2.022;0;0
Bulgaria;BGR;1968;0;1.305;0;0
Bulgaria;BGR;1969;0;1.839;0;0
Bulgaria;BGR;1970;0;2.152;0;0
Bulgaria;BGR;1971;0;2.17;0;0
Bulgaria;BGR;1972;0;2.095;0;0
Bulgaria;BGR;1973;0;2.57;0;0
Bulgaria;BGR;1974;0;2.08;0;0
Bulgaria;BGR;1975;0;2.453;0;0
Bulgaria;BGR;1976;0;2.954;0;0
Bulgaria;BGR;1977;0;3.529;0;0
Bulgaria;BGR;1978;0;2.909;0;0
Bulgaria;BGR;1979;0;3.311;0;0
Bulgaria;BGR;1980;0;3.713;0;0
Bulgaria;BGR;1981;0;3.618;0;0
Bulgaria;BGR;1982;0;3.05;0;0
Bulgaria;BGR;1983;0;3.353;0;0
Bulgaria;BGR;1984;0;3.26;0;0
Bulgaria;BGR;1985;0;2.237;0;0
Bulgaria;BGR;1986;0;2.326;0;0
Bulgaria;BGR;1987;0;2.537;0;0
Bulgaria;BGR;1988;0;2.596;0;0
Bulgaria;BGR;1989;0;2.691;0;0
Bulgaria;BGR;1990;0;1.63;0;0
Bulgaria;BGR;1991;0;2.27;0;0
Bulgaria;BGR;1992;0;1.9;0;0
Bulgaria;BGR;1993;0;1.79;0;0
Bulgaria;BGR;1994;0;1.3;0;0
Bulgaria;BGR;1995;0;2.17;0;0
Bulgaria;BGR;1996;0;2.89;0;0
Bulgaria;BGR;1997;0;2.72;0;0
Bulgaria;BGR;1998;0;3.07;0;0
Bulgaria;BGR;1999;0;2.73;0;0
Bulgaria;BGR;2000;0;2.63;0;0
Bulgaria;BGR;2001;0;1.65;0;0
Bulgaria;BGR;2002;0;2.12;0;0
Bulgaria;BGR;2003;0;2.99;0;0
Bulgaria;BGR;2004;0;3.14;0;0
Bulgaria;BGR;2005;0;4.3;0;0
Bulgaria;BGR;2006;0.02;4.21;0;0
Bulgaria;BGR;2007;0.05;2.83;0;0
Bulgaria;BGR;2008;0.12;2.79;0;0.02
Bulgaria;BGR;2009;0.24;3.43;0;0.01
Bulgaria;BGR;2010;0.68;5.03;0.01;0.04
Bulgaria;BGR;2011;0.86;2.87;0.1;0.06
Bulgaria;BGR;2012;1.22;3.18;0.78;0.07
Bulgaria;BGR;2013;1.37;4.04;1.39;0.11
Bulgaria;BGR;2014;1.33;4.6;1.26;0.2
Bulgaria;BGR;2015;1.45;5.65;1.38;0.27
Bulgaria;BGR;2016;1.42;3.88;1.39;0.35
Bulgaria;BGR;2017;1.5;2.83;1.4;0.4
Bulgaria;BGR;2018;1.32;5.15;1.34;1.57
Bulgaria;BGR;2019;1.32;2.93;1.42;1.82
Bulgaria;BGR;2020;1.48;2.82;1.47;1.7
Bulgaria;BGR;2021;1.43;4.82;1.47;2.59
Bulgaria;BGR;2022;1.43;3.71;1.72;2.6
Burkina Faso;BFA;2000;0;0.1;0;0
Burkina Faso;BFA;2001;0;0.05;0;0
Burkina Faso;BFA;2002;0;0.06;0;0
Burkina Faso;BFA;2003;0;0.1;0;0
Burkina Faso;BFA;2004;0;0.1;0;0
Burkina Faso;BFA;2005;0;0.1;0;0
Burkina Faso;BFA;2006;0;0.08;0;0
Burkina Faso;BFA;2007;0;0.11;0;0
Burkina Faso;BFA;2008;0;0.13;0;0
Burkina Faso;BFA;2009;0;0.13;0;0
Burkina Faso;BFA;2010;0;0.12;0.01;0
Burkina Faso;BFA;2011;0;0.08;0.01;0
Burkina Faso;BFA;2012;0;0.1;0.01;0
Burkina Faso;BFA;2013;0;0.11;0.01;0
Burkina Faso;BFA;2014;0;0.09;0.01;0
Burkina Faso;BFA;2015;0;0.09;0.01;0
Burkina Faso;BFA;2016;0;0.14;0.02;0
Burkina Faso;BFA;2017;0;0.13;0.03;0
Burkina Faso;BFA;2018;0;0.13;0.1;0
Burkina Faso;BFA;2019;0;0.11;0.1;0
Burkina Faso;BFA;2020;0;0.11;0.1;0
Burkina Faso;BFA;2021;0;0.11;0.12;0
Burundi;BDI;2000;0;0.1;0;0
Burundi;BDI;2001;0;0.11;0;0
Burundi;BDI;2002;0;0.13;0;0
Burundi;BDI;2003;0;0.1;0;0
Burundi;BDI;2004;0;0.09;0;0
Burundi;BDI;2005;0;0.09;0;0
Burundi;BDI;2006;0;0.09;0;0
Burundi;BDI;2007;0;0.12;0;0
Burundi;BDI;2008;0;0.11;0;0
Burundi;BDI;2009;0;0.12;0;0
Burundi;BDI;2010;0;0.14;0;0
Burundi;BDI;2011;0;0.13;0;0
Burundi;BDI;2012;0;0.14;0;0
Burundi;BDI;2013;0;0.14;0;0.01
Burundi;BDI;2014;0;0.14;0;0.01
Burundi;BDI;2015;0;0.14;0;0.01
Burundi;BDI;2016;0;0.14;0.01;0.01
Burundi;BDI;2017;0;0.19;0.01;0.01
Burundi;BDI;2018;0;0.15;0.01;0.01
Burundi;BDI;2019;0;0.22;0.01;0.01
Burundi;BDI;2020;0;0.22;0.01;0.01
Burundi;BDI;2021;0;0.22;0.01;0.01
CIS (BP);;1965;0;81.434;0;0
CIS (BP);;1990;0;2.112.386;0;0.065
CIS (BP);;1991;0;2.114.583;0;0.065
CIS (BP);;1992;0;2.160.005;0;0.063
CIS (BP);;1993;0;222.579;0;0.06
CIS (BP);;1994;0;226.33;0;0.061
CIS (BP);;1995;0;2.203.152;0;0.059
CIS (BP);;1996;0;198.816;0;0.057
CIS (BP);;1997;0;197.854;0;0.057
CIS (BP);;1998;0;198.338;0;0.058
CIS (BP);;1999;0;203.164;0;0.058
CIS (BP);;2000;0.0019;2.084.302;0;0.0791
CIS (BP);;2001;0.0031;21.730.629;0;0.1141
CIS (BP);;2002;0.0062;2.073.237;0;0.1733
CIS (BP);;2003;0.0086;20.571.356;0;0.3658
CIS (BP);;2004;0.008010101;22.578.754;0;0.4498
CIS (BP);;2005;0.0078;22.352.153;0;0.4513
CIS (BP);;2006;0.0088;22.201.114;0;0.5077
CIS (BP);;2007;0.0105;22.740.926;0;0.4985
CIS (BP);;2008;0.0081;20.766.689;0;0.5219
CIS (BP);;2009;0.0112;21.831.866;0.000007375;0.5574
CIS (BP);;2010;0.009786;21.683.788;0.000240125;0.620914
CIS (BP);;2011;0.012539;21.274.788;0.00182275;0.652208
CIS (BP);;2012;0.018116;2.130.366;0.006337759;0.597849
CIS (BP);;2013;0.0211217;22.943.721;0.0188439;0.634027
CIS (BP);;2014;0.1256712;2.211.444;0.17737725;0.7334
CIS (BP);;2015;0.3290593;21.542.581;0.41103974;0.681576
CIS (BP);;2016;0.5239033;2.358.683;0.6403929;0.64301
CIS (BP);;2017;0.6069637;24.034.909;0.78623927;0.7354732
CIS (BP);;2018;0.8290751;24.431.325;0.95261437;0.7268354
CIS (BP);;2019;13.551.434;24.845.114;16.847.017;0.7650691
CIS (BP);;2020;25.004.814;2.632.395;33.981.996;0.9161088
CIS (BP);;2021;46.057.644;26.629.605;41.045.675;0.91387737
CIS (BP);;1966;;91.823;;
CIS (BP);;1967;;88.571;;
CIS (BP);;1968;;104.04;;
CIS (BP);;1969;;115.181;;
CIS (BP);;1970;;124.377;;
CIS (BP);;1971;;126.099;;
CIS (BP);;1972;;122.899;;
CIS (BP);;1973;;122.345;;
CIS (BP);;1974;;132.03;;
CIS (BP);;1975;;125.987;;
CIS (BP);;1976;;135.735;;
CIS (BP);;1977;;147.014;;
CIS (BP);;1978;;169.701;;
CIS (BP);;1979;;172.023;;
CIS (BP);;1980;;183.938;;
CIS (BP);;1981;;186.744;;
CIS (BP);;1982;;174.677;;
CIS (BP);;1983;;180.362;;
CIS (BP);;1984;;202.988;;
CIS (BP);;1985;;19.409.212;;
CIS (BP);;1986;;19.520.139;;
CIS (BP);;1987;;19.697.798;;
CIS (BP);;1988;;20.491.965;;
CIS (BP);;1989;;19.915.674;;
Cambodia;KHM;2000;0;0.05;0;0
Cambodia;KHM;2001;0;0.03;0;0
Cambodia;KHM;2002;0;0.03;0;0
Cambodia;KHM;2003;0;0.04;0;0
Cambodia;KHM;2004;0;0.03;0;0
Cambodia;KHM;2005;0;0.04;0;0
Cambodia;KHM;2006;0;0.05;0;0.08
Cambodia;KHM;2007;0;0.05;0;0.11
Cambodia;KHM;2008;0;0.04;0;0.12
Cambodia;KHM;2009;0;0.04;0;0.11
Cambodia;KHM;2010;0;0.03;0;0.09
Cambodia;KHM;2011;0;0.05;0;0.1
Cambodia;KHM;2012;0;0.51;0.01;0.33
Cambodia;KHM;2013;0;1.01;0.01;0.23
Cambodia;KHM;2014;0;1.83;0.01;0.11
Cambodia;KHM;2015;0;1.98;0.02;0.15
Cambodia;KHM;2016;0;2.59;0.03;0.18
Cambodia;KHM;2017;0;2.71;0.03;0.32
Cambodia;KHM;2018;0;4.69;0.04;0.26
Cambodia;KHM;2019;0;4.03;0.12;0.34
Cambodia;KHM;2020;0;4.07;0.31;0.22
Cambodia;KHM;2021;0;4;0.37;0.23
Cameroon;CMR;2000;0;3.41;0;0
Cameroon;CMR;2001;0;3.44;0;0
Cameroon;CMR;2002;0;3.15;0;0
Cameroon;CMR;2003;0;3.49;0;0
Cameroon;CMR;2004;0;3.88;0;0
Cameroon;CMR;2005;0;3.73;0;0
Cameroon;CMR;2006;0;3.85;0;0
Cameroon;CMR;2007;0;3.81;0;0
Cameroon;CMR;2008;0;4.19;0;0
Cameroon;CMR;2009;0;3.98;0;0
Cameroon;CMR;2010;0;4.22;0;0
Cameroon;CMR;2011;0;4.35;0;0
Cameroon;CMR;2012;0;4.21;0;0
Cameroon;CMR;2013;0;4.33;0;0
Cameroon;CMR;2014;0;4.33;0.01;0
Cameroon;CMR;2015;0;4.32;0.01;0
Cameroon;CMR;2016;0;4.33;0.01;0
Cameroon;CMR;2017;0;5.04;0.02;0
Cameroon;CMR;2018;0;4.97;0.02;0
Cameroon;CMR;2019;0;5.34;0.02;0
Cameroon;CMR;2020;0;5.43;0.02;0
Cameroon;CMR;2021;0;5;0.02;0
Canada;CAN;1965;0;118.088;0;0
Canada;CAN;1966;0;131;0;0
Canada;CAN;1967;0;133.924;0;0
Canada;CAN;1968;0;136.2;0;0
Canada;CAN;1969;0;150.638;0;0
Canada;CAN;1970;0;158.137;0;0
Canada;CAN;1971;0;162.461;0;0
Canada;CAN;1972;0;181.639;0;0
Canada;CAN;1973;0;194.654;0;0
Canada;CAN;1974;0;210.667;0;0
Canada;CAN;1975;0;202.47;0;0
Canada;CAN;1976;0;212.689;0;0.707
Canada;CAN;1977;0;220.147;0;1.069
Canada;CAN;1978;0;235.254;0;1.132
Canada;CAN;1979;0;244.121;0;1.345
Canada;CAN;1980;0;251.148;0;1.3
Canada;CAN;1981;0;266.015;0;1.898
Canada;CAN;1982;0;257.795;0;2.139
Canada;CAN;1983;0;265.952;0;2.085
Canada;CAN;1984;0;286.123;0;2.337
Canada;CAN;1985;0.001;303.645;0;1.677
Canada;CAN;1986;0.001;310.635;0;1.865
Canada;CAN;1987;0.001;316.206;0;2.312
Canada;CAN;1988;0.001;307.435;0;2.485
Canada;CAN;1989;0.001;29.044.974;0;3.477
Canada;CAN;1990;0.001919192;29.568.332;0;3.954
Canada;CAN;1991;0.001919192;307.276;0;3.984
Canada;CAN;1992;0.059;31.517.465;0.002052632;4.465
Canada;CAN;1993;0.059;3.222.139;0.002052632;4.817
Canada;CAN;1994;0.059;3.278.556;0.002052632;5.733
Canada;CAN;1995;0.059;33.405.972;0.003842105;7.137.866
Canada;CAN;1996;0.062;35.459.207;0.005894737;7.528.515
Canada;CAN;1997;0.062;34.867.963;0.006947368;816.822
Canada;CAN;1998;0.062;33.086.993;0.010105263;8.987.254
Canada;CAN;1999;0.162;3.450.008;0.013263158;8.943.149
Canada;CAN;2000;0.26;354.92;0.02;8.5
Canada;CAN;2001;0.34;329.99;0.02;9.23
Canada;CAN;2002;0.41;347.05;0.02;9.58
Canada;CAN;2003;0.83;334.07;0.02;8.96
Canada;CAN;2004;0.95;337.43;0.01;9.29
Canada;CAN;2005;1.57;358.3;0.02;8.969.999
Canada;CAN;2006;2.47;349.32;0.02;8.67
Canada;CAN;2007;3.01;363.91;0.03;8.47
Canada;CAN;2008;3.79;373.68;0.04;77.000.003
Canada;CAN;2009;6.64;364.96;0.1;8.54
Canada;CAN;2010;8.64;347.87;0.25;9.45
Canada;CAN;2011;10.09;371.97;0.57;9.32
Canada;CAN;2012;11.2;376.46;0.87;10.05
Canada;CAN;2013;17.78;387.87;1.48;10.150.001
Canada;CAN;2014;22.32;378.68;2.1;9.030.001
Canada;CAN;2015;26.7;378.37;2.87;9.26
Canada;CAN;2016;30.62;381.58;3.99;10.650.001
Canada;CAN;2017;31.2;390.64;3.54;10.05
Canada;CAN;2018;32.85;382.02;3.76;9.76
Canada;CAN;2019;32.33;375.98;4.04;9.45
Canada;CAN;2020;35.74;380.93;4.24;8.33
Canada;CAN;2021;35.21;377.16;5.11;9.23
Cape Verde;CPV;2000;0.01;0;0;0
Cape Verde;CPV;2001;0.01;0;0;0
Cape Verde;CPV;2002;0.01;0;0;0
Cape Verde;CPV;2003;0;0;0;0
Cape Verde;CPV;2004;0.01;0;0;0
Cape Verde;CPV;2005;0.01;0;0;0
Cape Verde;CPV;2006;0.01;0;0;0
Cape Verde;CPV;2007;0.01;0;0;0
Cape Verde;CPV;2008;0.01;0;0;0
Cape Verde;CPV;2009;0.01;0;0;0
Cape Verde;CPV;2010;0;0;0;0
Cape Verde;CPV;2011;0.02;0;0.01;0
Cape Verde;CPV;2012;0.06;0;0.01;0
Cape Verde;CPV;2013;0.08;0;0.01;0
Cape Verde;CPV;2014;0.08;0;0.01;0
Cape Verde;CPV;2015;0.08;0;0.01;0
Cape Verde;CPV;2016;0.08;0;0.01;0
Cape Verde;CPV;2017;0.07;0;0.01;0
Cape Verde;CPV;2018;0.08;0;0.01;0
Cape Verde;CPV;2019;0.07;0;0.01;0
Cape Verde;CPV;2020;0.06;0;0.01;0
Cape Verde;CPV;2021;0.06;0;0.01;0
Cayman Islands;CYM;2000;0;0;0;0
Cayman Islands;CYM;2001;0;0;0;0
Cayman Islands;CYM;2002;0;0;0;0
Cayman Islands;CYM;2003;0;0;0;0
Cayman Islands;CYM;2004;0;0;0;0
Cayman Islands;CYM;2005;0;0;0;0
Cayman Islands;CYM;2006;0;0;0;0
Cayman Islands;CYM;2007;0;0;0;0
Cayman Islands;CYM;2008;0;0;0;0
Cayman Islands;CYM;2009;0;0;0;0
Cayman Islands;CYM;2010;0;0;0;0
Cayman Islands;CYM;2011;0;0;0;0
Cayman Islands;CYM;2012;0;0;0;0
Cayman Islands;CYM;2013;0;0;0;0
Cayman Islands;CYM;2014;0;0;0;0
Cayman Islands;CYM;2015;0;0;0;0
Cayman Islands;CYM;2016;0;0;0;0
Cayman Islands;CYM;2017;0;0;0.01;0
Cayman Islands;CYM;2018;0;0;0.01;0
Cayman Islands;CYM;2019;0;0;0.02;0
Cayman Islands;CYM;2020;0;0;0.02;0
Cayman Islands;CYM;2021;0;0;0.02;0
Central African Republic;CAF;2000;0;0.08;0;0
Central African Republic;CAF;2001;0;0.08;0;0
Central African Republic;CAF;2002;0;0.08;0;0
Central African Republic;CAF;2003;0;0.08;0;0
Central African Republic;CAF;2004;0;0.12;0;0
Central African Republic;CAF;2005;0;0.13;0;0
Central African Republic;CAF;2006;0;0.14;0;0
Central African Republic;CAF;2007;0;0.14;0;0
Central African Republic;CAF;2008;0;0.14;0;0
Central African Republic;CAF;2009;0;0.14;0;0
Central African Republic;CAF;2010;0;0.13;0;0
Central African Republic;CAF;2011;0;0.15;0;0
Central African Republic;CAF;2012;0;0.15;0;0
Central African Republic;CAF;2013;0;0.14;0;0
Central African Republic;CAF;2014;0;0.17;0;0
Central African Republic;CAF;2015;0;0.17;0;0
Central African Republic;CAF;2016;0;0.17;0;0
Central African Republic;CAF;2017;0;0.15;0;0
Central African Republic;CAF;2018;0;0.15;0;0
Central African Republic;CAF;2019;0;0.15;0;0
Central African Republic;CAF;2020;0;0.15;0;0
Central African Republic;CAF;2021;0;0.15;0;0
Central America (BP);;1971;0;23.249;0;0.107
Central America (BP);;1972;0;24.749;0;0.141
Central America (BP);;1973;0;26.368;0;0.117
Central America (BP);;1974;0;29.355;0;0.156
Central America (BP);;1975;0;27.535;0;0.338
Central America (BP);;1976;0;29.213;0;0.724
Central America (BP);;1977;0;29.274;0;0.699
Central America (BP);;1978;0;39.839;0;0.752
Central America (BP);;1979;0;48.552;0;0.642
Central America (BP);;1980;0;55.565;0;0.68210524
Central America (BP);;1981;0;57.702;0;11.091.052
Central America (BP);;1982;0;55.823;0;11.981.052
Central America (BP);;1983;0;61.957;0;10.261.053
Central America (BP);;1984;0;69.695;0;12.371.053
Central America (BP);;1985;0;797.932;0;0.93699
Central America (BP);;1986;0;932.351;0;0.86075
Central America (BP);;1987;0;9.683.975;0;0.910516
Central America (BP);;1988;0;10.314.301;0;0.883962
Central America (BP);;1989;0;11.134.195;0;1.171.867
Central America (BP);;1990;0;11.642.524;0;12.207.556
Central America (BP);;1991;0;11.327.269;0;13.350.639
Central America (BP);;1992;0;10.786.794;0;18.216.531
Central America (BP);;1993;0;1.202.355;0;172.201
Central America (BP);;1994;0;11.615.682;0;16.930.572
Central America (BP);;1995;0;11.462.188;0;17.508.389
Central America (BP);;1996;0.022590363;13.225.812;0;17.394.253
Central America (BP);;1997;0.07571247;12.765.683;0;18.508.323
Central America (BP);;1998;0.06420843;12.849.074;0;16.143.209
Central America (BP);;1999;0.09965608;14.995.346;0;24.137.015
Central America (BP);;2000;0.17497908;1.536.546;0;28.056.178
Central America (BP);;2001;0.1794242;13.711.556;0;3.053.275
Central America (BP);;2002;0.25431436;14.461.675;0;3.326.333
Central America (BP);;2003;0.23022385;1.509.187;0;35.462.368
Central America (BP);;2004;0.25543404;16.035.534;0;37.201.746
Central America (BP);;2005;0.20231311;17.165.888;0.000544388;4.018.037
Central America (BP);;2006;0.27216262;17.985.403;0.000647665;43.257.513
Central America (BP);;2007;0.2403967;17.931.458;0.000657647;47.871.113
Central America (BP);;2008;0.1980772;20.063.591;0.00066069;4.950.512
Central America (BP);;2009;0.42138657;18.846.294;0.00073434;5.332.244
Central America (BP);;2010;0.5218728;2.129.564;0.001016093;58.775.225
Central America (BP);;2011;0.74175715;20.975.985;0.001246614;59.415.684
Central America (BP);;2012;11.292.565;22.435.797;0.002050906;66.694.965
Central America (BP);;2013;1.348.979;2.188.181;0.00303411;7.228.454
Central America (BP);;2014;20.939.536;2.153.884;0.012918322;7.673.359
Central America (BP);;2015;31.353.307;2.249.091;0.5951424;78.309.464
Central America (BP);;2016;32.994.716;22.886.116;1.177.065;8.585.856
Central America (BP);;2017;32.095.747;2.722.947;14.604.084;8.263.187
Central America (BP);;2018;44.355.497;2.694.882;17.993.563;8.962.807
Central America (BP);;2019;4.400.176;2.158.391;22.198.498;10.071.673
Central America (BP);;2020;3.712.633;26.932.245;258.506;9.697.705
Central America (BP);;2021;40.649.514;29.871.407;30.241.053;10.043.114
Central America (BP);;1965;;1.356;;
Central America (BP);;1966;;1.493;;
Central America (BP);;1967;;1.686;;
Central America (BP);;1968;;1.865;;
Central America (BP);;1969;;2.065;;
Central America (BP);;1970;;23.407;;
Chad;TCD;2000;0;0;0;0.01
Chad;TCD;2001;0;0;0;0.01
Chad;TCD;2002;0;0;0;0.01
Chad;TCD;2003;0;0;0;0.01
Chad;TCD;2004;0;0;0;0.01
Chad;TCD;2005;0;0;0;0.01
Chad;TCD;2006;0;0;0;0.01
Chad;TCD;2007;0;0;0;0
Chad;TCD;2008;0;0;0;0
Chad;TCD;2009;0;0;0;0.01
Chad;TCD;2010;0;0;0;0.01
Chad;TCD;2011;0;0;0;0.01
Chad;TCD;2012;0;0;0;0
Chad;TCD;2013;0;0;0;0
Chad;TCD;2014;0;0;0;0
Chad;TCD;2015;0;0;0;0
Chad;TCD;2016;0.01;0;0;0
Chad;TCD;2017;0.01;0;0;0
Chad;TCD;2018;0.01;0;0;0
Chad;TCD;2019;0.01;0;0;0
Chad;TCD;2020;0.01;0;0;0
Chad;TCD;2021;0.01;0;0;0
Chile;CHL;1965;0;3.954;0;0
Chile;CHL;1966;0;4.168;0;0
Chile;CHL;1967;0;4.255;0;0
Chile;CHL;1968;0;3.565;0;0
Chile;CHL;1969;0;4.024;0;0
Chile;CHL;1970;0;4.307;0;0
Chile;CHL;1971;0;4.809;0;0.066
Chile;CHL;1972;0;5.73;0;0.057
Chile;CHL;1973;0;5.595;0;0.051
Chile;CHL;1974;0;6.364;0;0.046
Chile;CHL;1975;0;6.388;0;0.051
Chile;CHL;1976;0;6.599;0;0.073
Chile;CHL;1977;0;6.969;0;0.08
Chile;CHL;1978;0;7.251;0;0.091
Chile;CHL;1979;0;7.448;0;0.094
Chile;CHL;1980;0;7.871;0;0.105
Chile;CHL;1981;0;8.15;0;0.11
Chile;CHL;1982;0;8.914;0;0.137
Chile;CHL;1983;0;9.613;0;0.208
Chile;CHL;1984;0;9.975;0;0.201
Chile;CHL;1985;0;11.07;0;0.195
Chile;CHL;1986;0;11.83;0;0.28
Chile;CHL;1987;0;12.823;0;0.271
Chile;CHL;1988;0;12.558;0;0.327
Chile;CHL;1989;0;10.543;0;0.321
Chile;CHL;1990;0;8.941.428;0;0.963
Chile;CHL;1991;0;13.135.654;0;1.033
Chile;CHL;1992;0;1.674.015;0;1.743
Chile;CHL;1993;0;17.217.321;0;1.75
Chile;CHL;1994;0;16.985.472;0;1.786
Chile;CHL;1995;0;18.413.738;0;1.879
Chile;CHL;1996;0;16.873.468;0;1.738
Chile;CHL;1997;0;18.943.148;0;1.743
Chile;CHL;1998;0;15.937.255;0;1.161
Chile;CHL;1999;0;13.577;0;1.45
Chile;CHL;2000;0;18.48;0;1.375
Chile;CHL;2001;0;21.03;0;1.683
Chile;CHL;2002;0;22.5;0;1.781
Chile;CHL;2003;0;21.84;0;1.695
Chile;CHL;2004;0;20.87;0;2.031
Chile;CHL;2005;0;25.42;0;1.79
Chile;CHL;2006;0;28.03;0;1.431
Chile;CHL;2007;0;22.29;0;2.696
Chile;CHL;2008;0.03;23.75;0;35.882.213
Chile;CHL;2009;0.07;24.5;0;3.391.682
Chile;CHL;2010;0.32;21.23;0;34.124.773
Chile;CHL;2011;0.32;20.72;0;4.314.426
Chile;CHL;2012;0.39;20.2;0;59.831.734
Chile;CHL;2013;0.55;19.61;0.01;6.896.006
Chile;CHL;2014;1.43;23.55;0.46;4.989.873
Chile;CHL;2015;2.1;23.91;1.37;55.661.297
Chile;CHL;2016;2.25;19.46;2.56;6.722.216
Chile;CHL;2017;3.55;21.81;3.9;74.493.103
Chile;CHL;2018;4.02;23.21;5.45;9.157.252
Chile;CHL;2019;4.82;20.83;6.38;954.655
Chile;CHL;2020;5.54;20.63;7.64;8.741.824
Chile;CHL;2021;7.21;16.48;10.79;84.537.115
China;CHN;1965;0;22.097;0;0
China;CHN;1966;0;22.485.907;0;0
China;CHN;1967;0;19.383.488;0;0
China;CHN;1968;0;22.870.396;0;0
China;CHN;1969;0;23.259.302;0;0
China;CHN;1970;0;24.037.117;0;0
China;CHN;1971;0;29.075.233;0;0
China;CHN;1972;0;32.951.046;0;0
China;CHN;1973;0;3.682.686;0;0
China;CHN;1974;0;41.674.942;0;0
China;CHN;1975;0;43.610.638;0;0
China;CHN;1976;0;44.194;0;0
China;CHN;1977;0;46.134.117;0;0
China;CHN;1978;0;4.322.615;0;0
China;CHN;1979;0;48.555.946;0;0
China;CHN;1980;0;58.221.176;0;0
China;CHN;1981;0;6.551.318;0;0
China;CHN;1982;0;7.441.386;0;0
China;CHN;1983;0;8.641.695;0;0
China;CHN;1984;0;868.147;0;0
China;CHN;1985;0;9.238.756;0;0
China;CHN;1986;0;94.548.645;0;0
China;CHN;1987;0;10.002.428;0;0
China;CHN;1988;0;10.916.802;0;0
China;CHN;1989;0;11.840.898;0;0
China;CHN;1990;0.002020202;12.674.397;0.002;0.064
China;CHN;1991;0.009090909;12.468.895;0.002;0.064
China;CHN;1992;0.13131313;13.068.608;0.003;0.113
China;CHN;1993;0.21212122;15.184.616;0.004;0.117
China;CHN;1994;0.3838384;16.742.897;0.005;0.46
China;CHN;1995;0.61616164;190.58;0.007;3.014
China;CHN;1996;0.093939394;187.97;0.009;1.533
China;CHN;1997;0.1979798;195.98;0.011;2.722
China;CHN;1998;0.35555556;198.89;0.014;2.48
China;CHN;1999;0.4737374;196.58;0.017;2.52
China;CHN;2000;0.59;222.41;0.02;2.537
China;CHN;2001;0.72;277.43;0.03;2.554
China;CHN;2002;0.84;287.97;0.05;2.546
China;CHN;2003;1;283.68;0.06;2.536
China;CHN;2004;1.28;353.54;0.08;2.528
China;CHN;2005;1.95;397.02;0.08;5.322
China;CHN;2006;3.71;435.79;0.09;7.133
China;CHN;2007;5.48;485.26;0.11;9.863
China;CHN;2008;13.1;636.96;0.15;14.866
China;CHN;2009;27.61;615.64;0.28;2.085.932
China;CHN;2010;49.4;711.38;0.7;2.490.023
China;CHN;2011;74.1;688.04;2.61;27.632
China;CHN;2012;103.05;862.79;3.59;30.133
China;CHN;2013;138.26;909.61;8.37;37.133
China;CHN;2014;159.76;1059.69;23.51;4.626.822
China;CHN;2015;185.59;1114.52;39.48;5.407.029
China;CHN;2016;240.86;1153.27;66.53;62.134.766
China;CHN;2017;304.6;1165.06;117.8;7.959.891
China;CHN;2018;365.8;1198.89;176.9;9.372.523
China;CHN;2019;405.3;1272.54;224;11.272.523
China;CHN;2020;466.5;1321.71;261.1;135.625
China;CHN;2021;655.6;1300;327;16.993.158
Colombia;COL;1965;0;35.439.494;0;0
Colombia;COL;1966;0;39.372.194;0;0
Colombia;COL;1967;0;43.892.536;0;0
Colombia;COL;1968;0;48.910.117;0;0
Colombia;COL;1969;0;54.379.735;0;0
Colombia;COL;1970;0;605.274;0;0
Colombia;COL;1971;0;64.234.085;0;0
Colombia;COL;1972;0;7.115.021;0;0
Colombia;COL;1973;0;77.433.486;0;0
Colombia;COL;1974;0;87.920.685;0;0
Colombia;COL;1975;0;97.323;0;0.189
Colombia;COL;1976;0;1.022.642;0;0.202
Colombia;COL;1977;0;10.451.812;0;0.192
Colombia;COL;1978;0;1.207.144;0;0.206
Colombia;COL;1979;0;132.593;0;0.216
Colombia;COL;1980;0;1.444.702;0;0.227
Colombia;COL;1981;0;1.426.534;0;0.212
Colombia;COL;1982;0;15.238.536;0;0.231
Colombia;COL;1983;0;15.365.776;0;0.234
Colombia;COL;1984;0;1.714.022;0;0.255
Colombia;COL;1985;0;18.440.771;0;0.267
Colombia;COL;1986;0;21.332.952;0;0.266
Colombia;COL;1987;0;2.324.756;0;0.268
Colombia;COL;1988;0;245.194;0;0.274
Colombia;COL;1989;0;2.678.212;0;0.274
Colombia;COL;1990;0;27.495.852;0;0.274
Colombia;COL;1991;0;2.772.608;0;0.269
Colombia;COL;1992;0;22.280.584;0;0.34
Colombia;COL;1993;0;27.856.392;0;0.389
Colombia;COL;1994;0;3.205.839;0;0.444
Colombia;COL;1995;0;319.894;0;0.477
Colombia;COL;1996;0;35.287.624;0;0.496
Colombia;COL;1997;0;3.147.576;0;0.483
Colombia;COL;1998;0;30.781.685;0;0.532
Colombia;COL;1999;0;33.700.657;0;0.457
Colombia;COL;2000;0;31.75;0.01;0.18
Colombia;COL;2001;0;31.48;0.01;0.18
Colombia;COL;2002;0;33.63;0.01;0.17
Colombia;COL;2003;0;35.81;0.01;0.16
Colombia;COL;2004;0.05;39.68;0.01;0.15
Colombia;COL;2005;0.05;39.4;0.01;0.16
Colombia;COL;2006;0.06;42.31;0.01;0.2
Colombia;COL;2007;0.05;44;0.01;0.19
Colombia;COL;2008;0.05;45.94;0.01;0.17
Colombia;COL;2009;0.06;40.64;0.01;0.33
Colombia;COL;2010;0.04;40;0.01;0.55
Colombia;COL;2011;0.04;48.39;0.01;0.37
Colombia;COL;2012;0.05;47.11;0.01;0.4
Colombia;COL;2013;0.06;49.76;0.01;0.65
Colombia;COL;2014;0.07;47.25;0.01;0.73
Colombia;COL;2015;0.07;47.94;0.01;0.97
Colombia;COL;2016;0.05;48.46;0.01;1.01
Colombia;COL;2017;0;60.64;0.01;0.73
Colombia;COL;2018;0.04;59.16;0.02;0.84
Colombia;COL;2019;0.06;52.98;0.13;1.11
Colombia;COL;2020;0.01;48.44;0.19;1.3
Colombia;COL;2021;0.06;58.19;0.32;1.02
Comoros;COM;2000;0;0;0;0
Comoros;COM;2001;0;0;0;0
Comoros;COM;2002;0;0;0;0
Comoros;COM;2003;0;0;0;0
Comoros;COM;2004;0;0;0;0
Comoros;COM;2005;0;0;0;0
Comoros;COM;2006;0;0;0;0
Comoros;COM;2007;0;0;0;0
Comoros;COM;2008;0;0;0;0
Comoros;COM;2009;0;0;0;0
Comoros;COM;2010;0;0;0;0
Comoros;COM;2011;0;0;0;0
Comoros;COM;2012;0;0;0;0
Comoros;COM;2013;0;0;0;0
Comoros;COM;2014;0;0;0;0
Comoros;COM;2015;0;0;0;0
Comoros;COM;2016;0;0;0;0
Comoros;COM;2017;0;0;0;0
Comoros;COM;2018;0;0;0;0
Comoros;COM;2019;0;0;0;0
Comoros;COM;2020;0;0;0;0
Comoros;COM;2021;0;0;0;0
Congo;COG;2000;0;0.29;0;0
Congo;COG;2001;0;0.33;0;0
Congo;COG;2002;0;0.39;0;0
Congo;COG;2003;0;0.34;0;0.02
Congo;COG;2004;0;0.33;0;0.02
Congo;COG;2005;0;0.35;0;0.02
Congo;COG;2006;0;0.37;0;0.02
Congo;COG;2007;0;0.33;0;0.01
Congo;COG;2008;0;0.37;0;0.02
Congo;COG;2009;0;0.33;0;0.03
Congo;COG;2010;0;0.43;0;0.01
Congo;COG;2011;0;0.78;0;0.01
Congo;COG;2012;0;0.98;0;0.02
Congo;COG;2013;0;0.96;0;0.02
Congo;COG;2014;0;0.94;0;0.02
Congo;COG;2015;0;1.09;0;0.05
Congo;COG;2016;0;1.12;0;0.05
Congo;COG;2017;0;1.19;0;0.05
Congo;COG;2018;0;1.09;0;0.06
Congo;COG;2019;0;0.85;0;0.09
Congo;COG;2020;0;0.9;0;0.06
Congo;COG;2021;0;0.9;0;0.07
Cook Islands;COK;2000;0;0;0;0
Cook Islands;COK;2001;0;0;0;0
Cook Islands;COK;2002;0;0;0;0
Cook Islands;COK;2003;0;0;0;0
Cook Islands;COK;2004;0;0;0;0
Cook Islands;COK;2005;0;0;0;0
Cook Islands;COK;2006;0;0;0;0
Cook Islands;COK;2007;0;0;0;0
Cook Islands;COK;2008;0;0;0;0
Cook Islands;COK;2009;0;0;0;0
Cook Islands;COK;2010;0;0;0;0
Cook Islands;COK;2011;0;0;0;0
Cook Islands;COK;2012;0;0;0;0
Cook Islands;COK;2013;0;0;0;0
Cook Islands;COK;2014;0;0;0;0
Cook Islands;COK;2015;0;0;0;0
Cook Islands;COK;2016;0;0;0;0
Cook Islands;COK;2017;0;0;0.01;0
Cook Islands;COK;2018;0;0;0.02;0
Cook Islands;COK;2019;0;0;0.01;0
Cook Islands;COK;2020;0;0;0.01;0
Cook Islands;COK;2021;0;0;0.02;0
Costa Rica;CRI;2000;0.18;5.62;0;0.98
Costa Rica;CRI;2001;0.19;5.6;0;0.99
Costa Rica;CRI;2002;0.26;5.87;0;1.13
Costa Rica;CRI;2003;0.31;5.86;0;0.93
Costa Rica;CRI;2004;0.26;6.42;0;1.22
Costa Rica;CRI;2005;0.2;6.5;0;1.17
Costa Rica;CRI;2006;0.27;6.53;0;1.25
Costa Rica;CRI;2007;0.24;6.7;0;1.3
Costa Rica;CRI;2008;0.2;7.31;0;1.17
Costa Rica;CRI;2009;0.33;7.15;0;1.22
Costa Rica;CRI;2010;0.36;7.19;0;12.099.999
Costa Rica;CRI;2011;0.41;7.06;0;13.199.999
Costa Rica;CRI;2012;0.53;7.16;0.01;14.499.999
Costa Rica;CRI;2013;0.49;6.78;0.02;1.59
Costa Rica;CRI;2014;0.74;6.65;0.02;15.999.999
Costa Rica;CRI;2015;1.08;7.99;0.03;1.4
Costa Rica;CRI;2016;1.15;7.95;0.03;1.37
Costa Rica;CRI;2017;1.29;8.59;0.04;1.14
Costa Rica;CRI;2018;1.8;8.26;0.06;1.01
Costa Rica;CRI;2019;1.8;7.75;0.08;1.55
Costa Rica;CRI;2020;1.46;8.29;0.08;1.72
Costa Rica;CRI;2021;1.57;9.29;0.06;1.63
Cote d'Ivoire;CIV;2000;0;1.75;0;0
Cote d'Ivoire;CIV;2001;0;1.78;0;0
Cote d'Ivoire;CIV;2002;0;1.71;0;0
Cote d'Ivoire;CIV;2003;0;1.81;0;0
Cote d'Ivoire;CIV;2004;0;1.73;0;0
Cote d'Ivoire;CIV;2005;0;1.42;0;0
Cote d'Ivoire;CIV;2006;0;1.5;0;0
Cote d'Ivoire;CIV;2007;0;1.78;0;0
Cote d'Ivoire;CIV;2008;0;1.88;0;0
Cote d'Ivoire;CIV;2009;0;2.11;0;0
Cote d'Ivoire;CIV;2010;0;1.6;0;0
Cote d'Ivoire;CIV;2011;0;1.76;0;0
Cote d'Ivoire;CIV;2012;0;1.77;0;0
Cote d'Ivoire;CIV;2013;0;1.59;0;0
Cote d'Ivoire;CIV;2014;0;1.89;0;0
Cote d'Ivoire;CIV;2015;0;1.34;0;0
Cote d'Ivoire;CIV;2016;0;1.51;0;0
Cote d'Ivoire;CIV;2017;0;2.03;0.01;0
Cote d'Ivoire;CIV;2018;0;2.93;0.01;0
Cote d'Ivoire;CIV;2019;0;3.45;0.01;0
Cote d'Ivoire;CIV;2020;0;3.35;0.01;0
Cote d'Ivoire;CIV;2021;0;3.3;0.01;0
Croatia;HRV;1990;0;3.92;0;0.01
Croatia;HRV;1991;0;5.53;0;0.01
Croatia;HRV;1992;0;4.35;0;0.01
Croatia;HRV;1993;0;4.55;0;0.02
Croatia;HRV;1994;0;5.43;0;0.01
Croatia;HRV;1995;0;5.68;0;0.01
Croatia;HRV;1996;0;7.86;0;0.01
Croatia;HRV;1997;0;5.85;0;0
Croatia;HRV;1998;0;6.02;0;0.01
Croatia;HRV;1999;0;7.33;0;0.01
Croatia;HRV;2000;0;6.45;0;0
Croatia;HRV;2001;0;7.18;0;0
Croatia;HRV;2002;0;5.85;0;0
Croatia;HRV;2003;0;5.46;0;0
Croatia;HRV;2004;0;7.63;0;0
Croatia;HRV;2005;0.01;7.04;0;0.01
Croatia;HRV;2006;0.02;6.62;0;0.01
Croatia;HRV;2007;0.03;4.7;0;0.01
Croatia;HRV;2008;0.04;5.78;0;0.02
Croatia;HRV;2009;0.05;7.41;0;0.02
Croatia;HRV;2010;0.14;9.13;0;0.03
Croatia;HRV;2011;0.2;5.03;0;0.05
Croatia;HRV;2012;0.33;4.84;0;0.09
Croatia;HRV;2013;0.52;8.62;0.01;0.13
Croatia;HRV;2014;0.73;9.01;0.04;0.16
Croatia;HRV;2015;0.8;6.39;0.06;0.27
Croatia;HRV;2016;1.01;6.85;0.07;0.43
Croatia;HRV;2017;1.2;5.31;0.08;0.53
Croatia;HRV;2018;1.34;7.7;0.07;0.67
Croatia;HRV;2019;1.47;5.83;0.08;0.97
Croatia;HRV;2020;1.72;5.66;0.1;1.07
Croatia;HRV;2021;2.06;7.13;0.15;1.19
Croatia;HRV;2022;2.27;5.35;0.15;1.17
Cuba;CUB;2000;0;0.09;0;0
Cuba;CUB;2001;0;0.07;0;0
Cuba;CUB;2002;0;0.1;0;0
Cuba;CUB;2003;0;0.13;0;0
Cuba;CUB;2004;0;0.09;0;0
Cuba;CUB;2005;0;0.07;0;2.31
Cuba;CUB;2006;0;0.09;0;1.72
Cuba;CUB;2007;0;0.12;0;2.2
Cuba;CUB;2008;0.01;0.14;0;2.21
Cuba;CUB;2009;0;0.15;0;2.21
Cuba;CUB;2010;0.01;0.1;0;2.18
Cuba;CUB;2011;0.02;0.1;0;2.21
Cuba;CUB;2012;0.02;0.11;0.01;2.2
Cuba;CUB;2013;0.02;0.13;0.11;2.1
Cuba;CUB;2014;0.02;0.1;0.09;2.24
Cuba;CUB;2015;0.02;0.05;0.13;2.3
Cuba;CUB;2016;0.02;0.06;0.14;2.18
Cuba;CUB;2017;0.02;0.08;0.08;2.33
Cuba;CUB;2018;0.02;0.14;0.16;2.43
Cuba;CUB;2019;0.02;0.14;0.23;3.43
Cuba;CUB;2020;0.02;0.11;0.24;3.61
Cuba;CUB;2021;0.02;0.11;0.26;3.83
Cyprus;CYP;1965;0;0;0;0
Cyprus;CYP;1966;0;0;0;0
Cyprus;CYP;1967;0;0;0;0
Cyprus;CYP;1968;0;0;0;0
Cyprus;CYP;1969;0;0;0;0
Cyprus;CYP;1970;0;0;0;0
Cyprus;CYP;1971;0;0;0;0
Cyprus;CYP;1972;0;0;0;0
Cyprus;CYP;1973;0;0;0;0
Cyprus;CYP;1974;0;0;0;0
Cyprus;CYP;1975;0;0;0;0
Cyprus;CYP;1976;0;0;0;0
Cyprus;CYP;1977;0;0;0;0
Cyprus;CYP;1978;0;0;0;0
Cyprus;CYP;1979;0;0;0;0
Cyprus;CYP;1980;0;0;0;0
Cyprus;CYP;1981;0;0;0;0
Cyprus;CYP;1982;0;0;0;0
Cyprus;CYP;1983;0;0;0;0
Cyprus;CYP;1984;0;0;0;0
Cyprus;CYP;1985;0;0;0;0
Cyprus;CYP;1986;0;0;0;0
Cyprus;CYP;1987;0;0;0;0
Cyprus;CYP;1988;0;0;0;0
Cyprus;CYP;1989;0;0;0;0
Cyprus;CYP;1990;0;0;0;0
Cyprus;CYP;1991;0;0;0;0
Cyprus;CYP;1992;0;0;0;0
Cyprus;CYP;1993;0;0;0;0
Cyprus;CYP;1994;0;0;0;0
Cyprus;CYP;1995;0;0;0;0
Cyprus;CYP;1996;0;0;0;0
Cyprus;CYP;1997;0;0;0;0
Cyprus;CYP;1998;0;0;0;0
Cyprus;CYP;1999;0;0;0;0
Cyprus;CYP;2000;0;0;0;0
Cyprus;CYP;2001;0;0;0;0
Cyprus;CYP;2002;0;0;0;0
Cyprus;CYP;2003;0;0;0;0
Cyprus;CYP;2004;0;0;0;0
Cyprus;CYP;2005;0;0;0;0
Cyprus;CYP;2006;0;0;0;0
Cyprus;CYP;2007;0;0;0;0
Cyprus;CYP;2008;0;0;0;0.01
Cyprus;CYP;2009;0;0;0;0.03
Cyprus;CYP;2010;0.03;0;0.01;0.04
Cyprus;CYP;2011;0.11;0;0.01;0.05
Cyprus;CYP;2012;0.19;0;0.02;0.05
Cyprus;CYP;2013;0.23;0;0.05;0.05
Cyprus;CYP;2014;0.18;0;0.08;0.05
Cyprus;CYP;2015;0.22;0;0.13;0.05
Cyprus;CYP;2016;0.23;0;0.15;0.05
Cyprus;CYP;2017;0.21;0;0.17;0.05
Cyprus;CYP;2018;0.22;0;0.2;0.06
Cyprus;CYP;2019;0.24;0;0.22;0.06
Cyprus;CYP;2020;0.24;0;0.3;0.06
Cyprus;CYP;2021;0.25;0;0.47;0.06
Cyprus;CYP;2022;0.22;0;0.62;0.06
Czechia;CZE;1965;0;2.231.797;0;0
Czechia;CZE;1966;0;21.036.344;0;0
Czechia;CZE;1967;0;18.959.225;0;0
Czechia;CZE;1968;0;14.672.408;0;0
Czechia;CZE;1969;0;11.976.573;0;0
Czechia;CZE;1970;0;17.103.078;0;0
Czechia;CZE;1971;0;1.208;0;0
Czechia;CZE;1972;0;1.264;0;0
Czechia;CZE;1973;0;1.081;0;0
Czechia;CZE;1974;0;1.819;0;0
Czechia;CZE;1975;0;1.814;0;0
Czechia;CZE;1976;0;1.446;0;0
Czechia;CZE;1977;0;1.967;0;0
Czechia;CZE;1978;0;1.83;0;0
Czechia;CZE;1979;0;2.293;0;0
Czechia;CZE;1980;0;2.399;0;0
Czechia;CZE;1981;0;2.061;0;0
Czechia;CZE;1982;0;1.67;0;0
Czechia;CZE;1983;0;1.655;0;0
Czechia;CZE;1984;0;1.298;0;0
Czechia;CZE;1985;0;1.671;0;0
Czechia;CZE;1986;0;1.876;0;0
Czechia;CZE;1987;0;2.465;0;0
Czechia;CZE;1988;0;2.099;0;0
Czechia;CZE;1989;0;1.643;0;0
Czechia;CZE;1990;0;1.16;0;0
Czechia;CZE;1991;0;1.09;0;0
Czechia;CZE;1992;0;1.4;0;0
Czechia;CZE;1993;0;1.37;0;0.16
Czechia;CZE;1994;0;1.46;0;0.32
Czechia;CZE;1995;0;2;0;0.41
Czechia;CZE;1996;0;1.97;0;0.29
Czechia;CZE;1997;0;1.7;0;0.49
Czechia;CZE;1998;0;1.4;0;0.59
Czechia;CZE;1999;0;1.68;0;0.68
Czechia;CZE;2000;0;1.76;0;0.52
Czechia;CZE;2001;0;2.05;0;0.52
Czechia;CZE;2002;0;2.49;0;0.5
Czechia;CZE;2003;0;1.38;0;0.49
Czechia;CZE;2004;0.01;2.02;0;0.71
Czechia;CZE;2005;0.02;2.38;0;0.73
Czechia;CZE;2006;0.05;2.55;0;0.92
Czechia;CZE;2007;0.13;2.09;0;1.2
Czechia;CZE;2008;0.24;2.02;0.01;1.45
Czechia;CZE;2009;0.29;2.43;0.09;1.85
Czechia;CZE;2010;0.34;2.79;0.62;2.16
Czechia;CZE;2011;0.4;1.96;2.18;2.7
Czechia;CZE;2012;0.42;2.13;2.15;3.37
Czechia;CZE;2013;0.48;2.73;2.03;4.06
Czechia;CZE;2014;0.48;1.91;2.12;4.66
Czechia;CZE;2015;0.57;1.79;2.26;4.79
Czechia;CZE;2016;0.5;2;2.13;4.76
Czechia;CZE;2017;0.59;1.87;2.2;4.97
Czechia;CZE;2018;0.61;1.63;2.36;4.83
Czechia;CZE;2019;0.7;2.01;2.34;5.03
Czechia;CZE;2020;0.7;2.14;2.34;5.21
Czechia;CZE;2021;0.6;2.41;2.32;5.38
Czechia;CZE;2022;0.65;2.03;2.51;5.31
Democratic Republic of Congo;COD;2000;0;5.94;0;0
Democratic Republic of Congo;COD;2001;0;5.91;0;0
Democratic Republic of Congo;COD;2002;0;6.05;0;0
Democratic Republic of Congo;COD;2003;0;6.1;0;0
Democratic Republic of Congo;COD;2004;0;7.01;0;0
Democratic Republic of Congo;COD;2005;0;7.32;0;0
Democratic Republic of Congo;COD;2006;0;7.45;0;0
Democratic Republic of Congo;COD;2007;0;7.74;0;0
Democratic Republic of Congo;COD;2008;0;7.41;0;0
Democratic Republic of Congo;COD;2009;0;7.72;0;0
Democratic Republic of Congo;COD;2010;0;7.74;0;0
Democratic Republic of Congo;COD;2011;0;7.73;0;0
Democratic Republic of Congo;COD;2012;0;7.51;0;0
Democratic Republic of Congo;COD;2013;0;8.15;0;0
Democratic Republic of Congo;COD;2014;0;8.73;0;0
Democratic Republic of Congo;COD;2015;0;8.83;0;0
Democratic Republic of Congo;COD;2016;0;9.01;0;0
Democratic Republic of Congo;COD;2017;0;9.39;0.01;0
Democratic Republic of Congo;COD;2018;0;10.43;0.01;0
Democratic Republic of Congo;COD;2019;0;11.04;0.01;0
Democratic Republic of Congo;COD;2020;0;11.91;0.01;0
Democratic Republic of Congo;COD;2021;0;11;0.01;0
Denmark;DNK;1965;0;0.025;0;0
Denmark;DNK;1966;0;0.026;0;0
Denmark;DNK;1967;0;0.025;0;0
Denmark;DNK;1968;0;0.021;0;0
Denmark;DNK;1969;0;0.022;0;0
Denmark;DNK;1970;0;0.024;0;0
Denmark;DNK;1971;0;0.024;0;0
Denmark;DNK;1972;0;0.024;0;0
Denmark;DNK;1973;0;0.024;0;0
Denmark;DNK;1974;0;0.024;0;0
Denmark;DNK;1975;0;0.021;0;0
Denmark;DNK;1976;0;0.019;0;0
Denmark;DNK;1977;0;0.026;0;0
Denmark;DNK;1978;0.003;0.027;0;0
Denmark;DNK;1979;0.006;0.029;0;0
Denmark;DNK;1980;0.0105;0.0341;0;0
Denmark;DNK;1981;0.0105;0.0355;0;0
Denmark;DNK;1982;0.0185;0.0303;0;0
Denmark;DNK;1983;0.0271;0.0335;0;0.033
Denmark;DNK;1984;0.0332;0.0302;0;0.033
Denmark;DNK;1985;0.0514;0.0297;0;0.036
Denmark;DNK;1986;0.1256;0.0286;0;0.051
Denmark;DNK;1987;0.1738;0.0294;0;0.061
Denmark;DNK;1988;0.2917;0.0328;0;0.08
Denmark;DNK;1989;0.4284;0.0229;0;0.126
Denmark;DNK;1990;0.61;0.03;0;0.19
Denmark;DNK;1991;0.74;0.03;0;0.29
Denmark;DNK;1992;0.92;0.03;0;0.41
Denmark;DNK;1993;1.03;0.03;0;0.55
Denmark;DNK;1994;1.14;0.03;0;0.57
Denmark;DNK;1995;1.18;0.03;0;0.65
Denmark;DNK;1996;1.23;0.02;0;0.83
Denmark;DNK;1997;1.93;0.02;0;0.98
Denmark;DNK;1998;2.82;0.03;0;1.08
Denmark;DNK;1999;3.03;0.03;0;1.32
Denmark;DNK;2000;4.24;0.03;0;1.3
Denmark;DNK;2001;4.31;0.03;0;1.51
Denmark;DNK;2002;4.88;0.03;0;1.88
Denmark;DNK;2003;5.56;0.02;0;2.49
Denmark;DNK;2004;6.58;0.03;0;2.91
Denmark;DNK;2005;6.61;0.02;0;3.17
Denmark;DNK;2006;6.11;0.02;0;3.07
Denmark;DNK;2007;7.17;0.03;0;3.1
Denmark;DNK;2008;6.93;0.03;0;3.14
Denmark;DNK;2009;6.72;0.02;0;3.32
Denmark;DNK;2010;7.81;0.02;0.01;4.59
Denmark;DNK;2011;9.77;0.02;0.01;4.37
Denmark;DNK;2012;10.27;0.02;0.1;4.45
Denmark;DNK;2013;11.12;0.01;0.52;4.31
Denmark;DNK;2014;13.08;0.02;0.6;4.29
Denmark;DNK;2015;14.13;0.02;0.6;4.18
Denmark;DNK;2016;12.78;0.02;0.74;4.85
Denmark;DNK;2017;14.78;0.02;0.75;6.25
Denmark;DNK;2018;13.9;0.01;0.95;5.89
Denmark;DNK;2019;16.15;0.02;0.96;5.94
Denmark;DNK;2020;16.33;0.02;1.18;5.92
Denmark;DNK;2021;16.05;0.02;1.31;8.72
Denmark;DNK;2022;18.94;0.02;1.99;7.95
Djibouti;DJI;2000;0;0;0;0
Djibouti;DJI;2001;0;0;0;0
Djibouti;DJI;2002;0;0;0;0
Djibouti;DJI;2003;0;0;0;0
Djibouti;DJI;2004;0;0;0;0
Djibouti;DJI;2005;0;0;0;0
Djibouti;DJI;2006;0;0;0;0
Djibouti;DJI;2007;0;0;0;0
Djibouti;DJI;2008;0;0;0;0
Djibouti;DJI;2009;0;0;0;0
Djibouti;DJI;2010;0;0;0;0
Djibouti;DJI;2011;0;0;0;0
Djibouti;DJI;2012;0;0;0;0
Djibouti;DJI;2013;0;0;0;0
Djibouti;DJI;2014;0;0;0;0
Djibouti;DJI;2015;0;0;0;0
Djibouti;DJI;2016;0;0;0;0
Djibouti;DJI;2017;0;0;0;0
Djibouti;DJI;2018;0;0;0;0
Djibouti;DJI;2019;0;0;0;0
Djibouti;DJI;2020;0;0;0;0
Djibouti;DJI;2021;0;0;0;0
Dominica;DMA;2000;0;0.03;0;0
Dominica;DMA;2001;0;0.03;0;0
Dominica;DMA;2002;0;0.03;0;0
Dominica;DMA;2003;0;0.03;0;0
Dominica;DMA;2004;0;0.03;0;0
Dominica;DMA;2005;0;0.03;0;0
Dominica;DMA;2006;0;0.03;0;0
Dominica;DMA;2007;0;0.02;0;0
Dominica;DMA;2008;0;0.02;0;0
Dominica;DMA;2009;0;0.02;0;0
Dominica;DMA;2010;0;0.02;0;0
Dominica;DMA;2011;0;0.04;0;0
Dominica;DMA;2012;0;0.03;0;0
Dominica;DMA;2013;0;0.04;0;0
Dominica;DMA;2014;0;0.03;0;0
Dominica;DMA;2015;0;0.02;0;0
Dominica;DMA;2016;0;0.04;0;0
Dominica;DMA;2017;0;0.03;0;0
Dominica;DMA;2018;0;0.02;0;0
Dominica;DMA;2019;0;0.02;0;0
Dominica;DMA;2020;0;0.04;0;0
Dominica;DMA;2021;0;0.04;0;0
Dominican Republic;DOM;2000;0;0.75;0;0.01
Dominican Republic;DOM;2001;0;0.7;0;0.01
Dominican Republic;DOM;2002;0;0.87;0;0.01
Dominican Republic;DOM;2003;0;1.19;0;0.01
Dominican Republic;DOM;2004;0;1.6;0;0.01
Dominican Republic;DOM;2005;0;1.91;0;0.01
Dominican Republic;DOM;2006;0;1.75;0;0.01
Dominican Republic;DOM;2007;0;1.7;0;0.01
Dominican Republic;DOM;2008;0;1.38;0;0.01
Dominican Republic;DOM;2009;0;1.46;0;0.01
Dominican Republic;DOM;2010;0;1.43;0;0.13
Dominican Republic;DOM;2011;0.01;1.53;0;0.14
Dominican Republic;DOM;2012;0.1;1.78;0;0.14
Dominican Republic;DOM;2013;0.24;1.88;0.01;0.15
Dominican Republic;DOM;2014;0.24;1.32;0.02;0.15
Dominican Republic;DOM;2015;0.29;0.93;0.03;0.17
Dominican Republic;DOM;2016;0.32;1.5;0.08;0.49
Dominican Republic;DOM;2017;0.39;2.17;0.14;0.4
Dominican Republic;DOM;2018;0.5;1.76;0.23;0.42
Dominican Republic;DOM;2019;0.79;0.97;0.36;0.35
Dominican Republic;DOM;2020;1.14;1.18;0.43;0.19
Dominican Republic;DOM;2021;1.29;1;0.53;0.2
Eastern Africa (BP);;1971;0;89.030.695;0;0.126
Eastern Africa (BP);;1972;0;10.891.284;0;0.127
Eastern Africa (BP);;1973;0;112.493.105;0;0.132
Eastern Africa (BP);;1974;0;14.267.528;0;0.136
Eastern Africa (BP);;1975;0;15.188.581;0;0.133
Eastern Africa (BP);;1976;0;16.743.711;0;0.146
Eastern Africa (BP);;1977;0;19.092.785;0;0.149
Eastern Africa (BP);;1978;0;1.823.882;0;0.155
Eastern Africa (BP);;1979;0;19.775;0;0.161
Eastern Africa (BP);;1980;0;18.078.556;0;0.167
Eastern Africa (BP);;1981;0;18.878.674;0;0.177
Eastern Africa (BP);;1982;0;19.574.581;0;0.195
Eastern Africa (BP);;1983;0;19.379.673;0;0.189
Eastern Africa (BP);;1984;0;188.871;0;0.192
Eastern Africa (BP);;1985;0;19.691.685;0;0.227
Eastern Africa (BP);;1986;0;18.845.373;0;0.617
Eastern Africa (BP);;1987;0;1.642.696;0;0.615
Eastern Africa (BP);;1988;0;18.618.456;0;0.583
Eastern Africa (BP);;1989;0;18.026.215;0;0.574
Eastern Africa (BP);;1990;0;21.345.568;0;0.701
Eastern Africa (BP);;1991;0;21.742.558;0;0.704
Eastern Africa (BP);;1992;0;1.963.299;0;0.697
Eastern Africa (BP);;1993;0;20.532.532;0;0.696
Eastern Africa (BP);;1994;0;20.672.321;0;0.584
Eastern Africa (BP);;1995;0;20.861.898;0;0.728
Eastern Africa (BP);;1996;0;20.735.678;0;0.89209306
Eastern Africa (BP);;1997;0;21.813.017;0;0.91009307
Eastern Africa (BP);;1998;0;27.865.046;0;11.445.019
Eastern Africa (BP);;1999;0;29.365.875;0;11.321.862
Eastern Africa (BP);;2000;0.0001;30.854.149;0;14.997.631
Eastern Africa (BP);;2001;0;3.495.843;0.000174;15.956.526
Eastern Africa (BP);;2002;0.0003;37.998.413;0.000347;14.887
Eastern Africa (BP);;2003;0.0004;38.378.887;0.000347;18.968
Eastern Africa (BP);;2004;0.0009;3.895.177;0.000695;21.822
Eastern Africa (BP);;2005;0.0013;40.263.622;0.001373;21.533
Eastern Africa (BP);;2006;0.0048;42.559.586;0.005307;229.319
Eastern Africa (BP);;2007;0.011;46.386.646;0.010109283;220.555
Eastern Africa (BP);;2008;0.01607;4.578.768;0.019133093;2.321.822
Eastern Africa (BP);;2009;0.0267;48.020.245;0.033482917;26.787.221
Eastern Africa (BP);;2010;0.03821;53.977.245;0.09736586;2.936.542
Eastern Africa (BP);;2011;0.03413;5.561.847;0.1780468;29.387.567
Eastern Africa (BP);;2012;0.1539782;58.066.105;0.24909586;308.965
Eastern Africa (BP);;2013;0.3147111;617.628;0.31052437;3.436.722
Eastern Africa (BP);;2014;0.4413035;6.599.349;0.40697262;4.613.438
Eastern Africa (BP);;2015;0.7777217;65.373.634;0.46594086;63.483.105
Eastern Africa (BP);;2016;0.8899006;6.186.331;0.5325438;64.327.717
Eastern Africa (BP);;2017;0.791775;6.454.449;0.6092849;66.914
Eastern Africa (BP);;2018;0.862747;6.878.536;0.72631985;72.891.254
Eastern Africa (BP);;2019;22.248.955;68.631.454;10.392.841;7.342.404
Eastern Africa (BP);;2020;19.754.963;72.759.254;11.710.402;7.147.771
Eastern Africa (BP);;2021;26.304.996;7.795.909;13.564.011;710.964
Eastern Africa (BP);;1965;;60.475.354;;
Eastern Africa (BP);;1966;;71.675.773;;
Eastern Africa (BP);;1967;;7.010.667;;
Eastern Africa (BP);;1968;;7.197.783;;
Eastern Africa (BP);;1969;;79.119.015;;
Eastern Africa (BP);;1970;;11.339.996;;
Ecuador;ECU;1965;0;0.249;0;0
Ecuador;ECU;1966;0;0.285;0;0
Ecuador;ECU;1967;0;0.314;0;0
Ecuador;ECU;1968;0;0.328;0;0
Ecuador;ECU;1969;0;0.364;0;0
Ecuador;ECU;1970;0;0.405;0;0
Ecuador;ECU;1971;0;0.44;0;0
Ecuador;ECU;1972;0;0.445;0;0
Ecuador;ECU;1973;0;0.435;0;0
Ecuador;ECU;1974;0;0.5;0;0
Ecuador;ECU;1975;0;0.628;0;0
Ecuador;ECU;1976;0;0.605;0;0
Ecuador;ECU;1977;0;0.558;0;0
Ecuador;ECU;1978;0;0.791;0;0
Ecuador;ECU;1979;0;0.709;0;0
Ecuador;ECU;1980;0;0.872;0;0
Ecuador;ECU;1981;0;0.779;0;0
Ecuador;ECU;1982;0;0.895;0;0
Ecuador;ECU;1983;0;1.721;0;0
Ecuador;ECU;1984;0;3.233;0;0
Ecuador;ECU;1985;0;3.279;0;0
Ecuador;ECU;1986;0;4.012;0;0
Ecuador;ECU;1987;0;4.57;0;0
Ecuador;ECU;1988;0;4.826;0;0
Ecuador;ECU;1989;0;4.954;0;0
Ecuador;ECU;1990;0;49.866.877;0;0
Ecuador;ECU;1991;0;5.075.921;0;0
Ecuador;ECU;1992;0;4.973.581;0;0
Ecuador;ECU;1993;0;58.101.373;0;0
Ecuador;ECU;1994;0;65.652.776;0;0
Ecuador;ECU;1995;0;5.160.551;0;0
Ecuador;ECU;1996;0;63.434.153;0;0
Ecuador;ECU;1997;0;65.341.773;0;0
Ecuador;ECU;1998;0;65.060.954;0;0
Ecuador;ECU;1999;0;7.176.726;0;0
Ecuador;ECU;2000;0;7.53;0;0
Ecuador;ECU;2001;0;7;0;0
Ecuador;ECU;2002;0;7.45;0;0
Ecuador;ECU;2003;0;7.11;0;0
Ecuador;ECU;2004;0;7.34;0;0.37
Ecuador;ECU;2005;0;6.81;0;0.61
Ecuador;ECU;2006;0;7.06;0;0.83
Ecuador;ECU;2007;0;8.95;0;0.98
Ecuador;ECU;2008;0;11.18;0;1.24
Ecuador;ECU;2009;0;9.13;0;1.54
Ecuador;ECU;2010;0;8.55;0;1.72
Ecuador;ECU;2011;0;11.02;0;1.49
Ecuador;ECU;2012;0;12.12;0;1.68
Ecuador;ECU;2013;0.06;10.93;0;1.92
Ecuador;ECU;2014;0.08;11.34;0.02;2.34
Ecuador;ECU;2015;0.1;12.97;0.04;2.33
Ecuador;ECU;2016;0.08;15.68;0.04;2.23
Ecuador;ECU;2017;0.07;19.89;0.04;1.58
Ecuador;ECU;2018;0.08;20.47;0.04;1.71
Ecuador;ECU;2019;0.09;24.66;0.04;1.52
Ecuador;ECU;2020;0.08;24.33;0.04;1.38
Ecuador;ECU;2021;0.06;25.57;0.04;1.35
Egypt;EGY;1965;0;17.324.048;0;0
Egypt;EGY;1966;0;18.252.122;0;0
Egypt;EGY;1967;0;1.966.633;0;0
Egypt;EGY;1968;0;30.007.727;0;0
Egypt;EGY;1969;0;39.907.181;0;0
Egypt;EGY;1970;0;46.889.834;0;0
Egypt;EGY;1971;0;50.469.546;0;0
Egypt;EGY;1972;0;5.161.859;0;0
Egypt;EGY;1973;0;51.530.204;0;0
Egypt;EGY;1974;0;611.645;0;0
Egypt;EGY;1975;0;6.792.618;0;0
Egypt;EGY;1976;0;8.003.533;0;0
Egypt;EGY;1977;0;9.037.673;0;0
Egypt;EGY;1978;0;9.930.392;0;0
Egypt;EGY;1979;0;9.607.776;0;0
Egypt;EGY;1980;0;9.802.229;0;0
Egypt;EGY;1981;0;10.213.233;0;0
Egypt;EGY;1982;0;10.491.655;0;0
Egypt;EGY;1983;0;9.815.488;0;0
Egypt;EGY;1984;0;9.629.872;0;0
Egypt;EGY;1985;0;9.148;0;0
Egypt;EGY;1986;0;8.972;0;0
Egypt;EGY;1987;0;89.695;0;0
Egypt;EGY;1988;0;8.829;0;0
Egypt;EGY;1989;0;9.487;0;0
Egypt;EGY;1990;0;9.953;0;0
Egypt;EGY;1991;0;9.916;0;0
Egypt;EGY;1992;0;9.8;0;0
Egypt;EGY;1993;0;100.925;0;0
Egypt;EGY;1994;0;10.728;0;0
Egypt;EGY;1995;0;11.192;0;0
Egypt;EGY;1996;0;11.484;0;0
Egypt;EGY;1997;0;11.771;0;0
Egypt;EGY;1998;0;121.045;0;0
Egypt;EGY;1999;0.012;134.405;0;0
Egypt;EGY;2000;0.14;13.56;0;0
Egypt;EGY;2001;0.22;14.98;0;0
Egypt;EGY;2002;0.2;12.73;0;0
Egypt;EGY;2003;0.37;12.89;0;0
Egypt;EGY;2004;0.52;12.52;0;0
Egypt;EGY;2005;0.55;12.52;0;0
Egypt;EGY;2006;0.62;12.8;0;0
Egypt;EGY;2007;0.83;15.35;0;0
Egypt;EGY;2008;0.91;14.53;0;0
Egypt;EGY;2009;1.13;12.73;0;0
Egypt;EGY;2010;1.5;12.92;0.21;0
Egypt;EGY;2011;1.52;12.81;0.22;0
Egypt;EGY;2012;1.12;12.99;0.24;0
Egypt;EGY;2013;1.33;13.22;0.11;0
Egypt;EGY;2014;1.44;13.68;0.24;0
Egypt;EGY;2015;2.06;13.41;0.17;0
Egypt;EGY;2016;2.2;12.72;0.58;0
Egypt;EGY;2017;2.33;12.6;0.6;0
Egypt;EGY;2018;3.02;12.77;1.52;0
Egypt;EGY;2019;4.23;12.09;4.43;0
Egypt;EGY;2020;4.23;12.09;4.51;0
Egypt;EGY;2021;4.23;14;4.8;0
El Salvador;SLV;2000;0;1.16;0;0.87
El Salvador;SLV;2001;0;1.15;0;11.800.001
El Salvador;SLV;2002;0;1.13;0;1.27
El Salvador;SLV;2003;0;1.45;0;1.36
El Salvador;SLV;2004;0;1.37;0;1.36
El Salvador;SLV;2005;0;1.66;0;1.41
El Salvador;SLV;2006;0;1.96;0;1.53
El Salvador;SLV;2007;0;1.73;0;1.78
El Salvador;SLV;2008;0;2.03;0;1.88
El Salvador;SLV;2009;0;1.5;0;1.97
El Salvador;SLV;2010;0;2.08;0;1.89
El Salvador;SLV;2011;0;2.01;0;2.11
El Salvador;SLV;2012;0;1.84;0;2.34
El Salvador;SLV;2013;0;1.78;0.01;2.33
El Salvador;SLV;2014;0;1.71;0.02;24.099.998
El Salvador;SLV;2015;0;1.35;0.03;2.19
El Salvador;SLV;2016;0;1.26;0.04;2.38
El Salvador;SLV;2017;0;1.62;0.19;2.13
El Salvador;SLV;2018;0;1.54;0.31;2.1
El Salvador;SLV;2019;0;1.44;0.5;2.21
El Salvador;SLV;2020;0.01;1.99;0.91;2.06
El Salvador;SLV;2021;0.01;2;1.11;2.1
Equatorial Guinea;GNQ;2000;0;0.01;0;0
Equatorial Guinea;GNQ;2001;0;0.01;0;0
Equatorial Guinea;GNQ;2002;0;0.01;0;0
Equatorial Guinea;GNQ;2003;0;0.01;0;0
Equatorial Guinea;GNQ;2004;0;0.01;0;0
Equatorial Guinea;GNQ;2005;0;0.01;0;0
Equatorial Guinea;GNQ;2006;0;0.01;0;0
Equatorial Guinea;GNQ;2007;0;0.01;0;0
Equatorial Guinea;GNQ;2008;0;0.05;0;0
Equatorial Guinea;GNQ;2009;0;0.05;0;0
Equatorial Guinea;GNQ;2010;0;0.03;0;0
Equatorial Guinea;GNQ;2011;0;0.03;0;0
Equatorial Guinea;GNQ;2012;0;0.08;0;0
Equatorial Guinea;GNQ;2013;0;0.25;0;0
Equatorial Guinea;GNQ;2014;0;0.38;0;0
Equatorial Guinea;GNQ;2015;0;0.47;0;0
Equatorial Guinea;GNQ;2016;0;0.47;0;0
Equatorial Guinea;GNQ;2017;0;0.44;0;0
Equatorial Guinea;GNQ;2018;0;0.44;0;0
Equatorial Guinea;GNQ;2019;0;0.45;0;0
Equatorial Guinea;GNQ;2020;0;0.49;0;0
Equatorial Guinea;GNQ;2021;0;0.44;0;0
Eritrea;ERI;2000;0;0;0;0
Eritrea;ERI;2001;0;0;0;0
Eritrea;ERI;2002;0;0;0;0
Eritrea;ERI;2003;0;0;0;0
Eritrea;ERI;2004;0;0;0;0
Eritrea;ERI;2005;0;0;0;0
Eritrea;ERI;2006;0;0;0;0
Eritrea;ERI;2007;0;0;0;0
Eritrea;ERI;2008;0;0;0;0
Eritrea;ERI;2009;0;0;0;0
Eritrea;ERI;2010;0;0;0;0
Eritrea;ERI;2011;0;0;0;0
Eritrea;ERI;2012;0;0;0;0
Eritrea;ERI;2013;0;0;0;0
Eritrea;ERI;2014;0;0;0;0
Eritrea;ERI;2015;0;0;0;0
Eritrea;ERI;2016;0;0;0;0
Eritrea;ERI;2017;0;0;0.01;0
Eritrea;ERI;2018;0;0;0.01;0
Eritrea;ERI;2019;0;0;0.01;0
Eritrea;ERI;2020;0;0;0.01;0
Eritrea;ERI;2021;0;0;0.01;0
Estonia;EST;1990;0;0;0;0
Estonia;EST;1991;0;0;0;0
Estonia;EST;1992;0;0;0;0
Estonia;EST;1993;0;0;0;0
Estonia;EST;1994;0;0;0;0
Estonia;EST;1995;0;0;0;0.01
Estonia;EST;1996;0;0;0;0
Estonia;EST;1997;0;0;0;0.01
Estonia;EST;1998;0;0;0;0.01
Estonia;EST;1999;0;0;0;0.01
Estonia;EST;2000;0;0;0;0.01
Estonia;EST;2001;0;0.01;0;0.01
Estonia;EST;2002;0;0.01;0;0.02
Estonia;EST;2003;0.01;0.01;0;0.03
Estonia;EST;2004;0.01;0.02;0;0.03
Estonia;EST;2005;0.05;0.02;0;0.04
Estonia;EST;2006;0.08;0.01;0;0.04
Estonia;EST;2007;0.09;0.02;0;0.03
Estonia;EST;2008;0.13;0.03;0;0.04
Estonia;EST;2009;0.2;0.03;0;0.31
Estonia;EST;2010;0.28;0.03;0;0.74
Estonia;EST;2011;0.37;0.03;0;0.78
Estonia;EST;2012;0.43;0.04;0;1
Estonia;EST;2013;0.53;0.03;0;0.67
Estonia;EST;2014;0.6;0.03;0;0.76
Estonia;EST;2015;0.71;0.03;0;0.82
Estonia;EST;2016;0.59;0.04;0.01;0.95
Estonia;EST;2017;0.72;0.03;0.01;1.1
Estonia;EST;2018;0.64;0.01;0.03;1.31
Estonia;EST;2019;0.69;0.02;0.07;1.36
Estonia;EST;2020;0.84;0.03;0.25;1.85
Estonia;EST;2021;0.73;0.02;0.35;1.77
Estonia;EST;2022;0.63;0.02;0.53;2.49
Estonia;EST;1985;;0;;
Estonia;EST;1986;;0;;
Estonia;EST;1987;;0;;
Estonia;EST;1988;;0;;
Estonia;EST;1989;;0;;
Eswatini;SWZ;2000;0;0.19;0;0.36
Eswatini;SWZ;2001;0;0.19;0;0.38
Eswatini;SWZ;2002;0;0.2;0;0.39
Eswatini;SWZ;2003;0;0.12;0;0.38
Eswatini;SWZ;2004;0;0.1;0;0.37
Eswatini;SWZ;2005;0;0.16;0;0.38
Eswatini;SWZ;2006;0;0.15;0;0.39
Eswatini;SWZ;2007;0;0.17;0;0.4
Eswatini;SWZ;2008;0;0.16;0;0.38
Eswatini;SWZ;2009;0;0.2;0;0.37
Eswatini;SWZ;2010;0;0.24;0;0.34
Eswatini;SWZ;2011;0;0.28;0;0.4
Eswatini;SWZ;2012;0;0.24;0;0.46
Eswatini;SWZ;2013;0;0.31;0;0.46
Eswatini;SWZ;2014;0;0.23;0;0.38
Eswatini;SWZ;2015;0;0.12;0;0.39
Eswatini;SWZ;2016;0;0.12;0;0.4
Eswatini;SWZ;2017;0;0.21;0;0.42
Eswatini;SWZ;2018;0;0.27;0;0.44
Eswatini;SWZ;2019;0;0.23;0;0.44
Eswatini;SWZ;2020;0;0.27;0;0.43
Eswatini;SWZ;2021;0;0.25;0;0.45
Ethiopia;ETH;2000;0;1.63;0;0.01
Ethiopia;ETH;2001;0;1.97;0;0.01
Ethiopia;ETH;2002;0;2;0;0.01
Ethiopia;ETH;2003;0;2.26;0;0.01
Ethiopia;ETH;2004;0;2.5;0;0.01
Ethiopia;ETH;2005;0;2.81;0;0.01
Ethiopia;ETH;2006;0;3.23;0;0.01
Ethiopia;ETH;2007;0;3.35;0;0.02
Ethiopia;ETH;2008;0;3.26;0;0.049999997
Ethiopia;ETH;2009;0;3.49;0;0.06
Ethiopia;ETH;2010;0;4.88;0;0.03
Ethiopia;ETH;2011;0.03;6.2;0;0.02
Ethiopia;ETH;2012;0.19;7.31;0;0.01
Ethiopia;ETH;2013;0.36;8.26;0.01;0.01
Ethiopia;ETH;2014;0.5;8.92;0.02;0.01
Ethiopia;ETH;2015;0.76;9.58;0.02;0.01
Ethiopia;ETH;2016;0.78;11.64;0.02;0.02
Ethiopia;ETH;2017;0.53;12.55;0.02;0.02
Ethiopia;ETH;2018;0.85;12.89;0.02;0.02
Ethiopia;ETH;2019;0.61;13.56;0.02;0.03
Ethiopia;ETH;2020;0.61;13.56;0.03;0.02
Ethiopia;ETH;2021;0.61;14;0.04;0.03
Europe;;1965;0;38.145.035;0;29.090.002
Europe;;1966;0;41.405.478;0;39.789.999
Europe;;1967;0;41.065.195;0;4.316
Europe;;1968;0;43.710.187;0;48.180.003
Europe;;1969;0;442.712;0;5.244.904
Europe;;1970;0;46.742.227;0;6.952.357
Europe;;1971;0;47.305.194;0;70.698.833
Europe;;1972;0;48.352.777;0;6.947.608
Europe;;1973;0;48.905.432;0;7.466.391
Europe;;1974;0;5.279.655;0;783.506
Europe;;1975;0;5.275.942;0;8.300.942
Europe;;1976;0;50.419.492;0;8.324.597
Europe;;1977;0;5.947.134;0;8.662.292
Europe;;1978;0.003;6.158.949;0;9.235.139
Europe;;1979;0.006;640.884;0;9.617.958
Europe;;1980;0.0105;63.735.645;0;10.604.949
Europe;;1981;0.0105;6.445.633;0;10.643.523
Europe;;1982;0.0185;62.681.995;0;9.836.121
Europe;;1983;0.030100001;64.914.514;0;10.136.652
Europe;;1984;0.0382;67.475.525;0.001010101;10.488.478
Europe;;1985;0.0574;6.506.956;0.001010101;1.189.874
Europe;;1986;0.1336;63.857.153;0.001010101;12.975.209
Europe;;1987;0.19080001;6.734.357;0;12.817.402
Europe;;1988;0.3297;699.463;0.001010101;13.609.699
Europe;;1989;0.5154;6.356.123;0.009090909;13.474.676
Europe;;1990;0.77946043;6.461.752;0.0125;18.937.754
Europe;;1991;0.98002803;65.852.045;0.015500001;19.534.733
Europe;;1992;15.350.481;67.569.965;0.025088001;20.659.903
Europe;;1993;2.284.826;69.082.385;0.032383;22.833.096
Europe;;1994;29.792.356;7.025.557;0.0346885;239.799
Europe;;1995;38.630.292;7.056.242;0.04484;2.628.833
Europe;;1996;48.285.856;6.619.361;0.04781141;265.231
Europe;;1997;7.295.493;6.853.179;0.056926243;3.136.772
Europe;;1998;11.170.979;71.020.013;0.0670885;35.309.044
Europe;;1999;14.223.822;72.401.434;0.08019806;37.298.702
Europe;;2000;22.26;733.81;0.12;41.19
Europe;;2001;26.76;748.48;0.19999999;43.56
Europe;;2002;36.43;677.86;0.28;49.27
Europe;;2003;44.85;637.37;0.42000002;57.72
Europe;;2004;59.77;686.52;0.7;68.92
Europe;;2005;71.56;695.04;14.799.999;7.896.001
Europe;;2006;83.64;681.33;2.5;89.36
Europe;;2007;106.18;69.348.004;3.81;99.369.995
Europe;;2008;121.33;71.282.996;7.47;109.71
Europe;;2009;134.91;716.6;14.15;119.99
Europe;;2010;151.1;750.9;23.369.999;136.05
Europe;;2011;182.75;672.96;47.72;145.15
Europe;;2012;209.27;724.44;72.12;160.73
Europe;;2013;240.5;773.38;87.240.005;170.62
Europe;;2014;258.01;768.43;99.72;180.57
Europe;;2015;307.54;727.61;110.37;19.154.001
Europe;;2016;307.58;760.13;113.799.995;195.08
Europe;;2017;366.49;702.61;122.520.004;199.77
Europe;;2018;383.66;76.597.003;129.78;205.53
Europe;;2019;441.43;725.99;143.47;212.39
Europe;;2020;487.76;788.61;169.38;216.76
Europe;;2021;473.43;776.65;18.768.001;218.71
Europe (BP);;1965;0;30.219.534;0;3.009
Europe (BP);;1966;0;3.245.699;0;4.101
Europe (BP);;1967;0;32.446.274;0;4.489
Europe (BP);;1968;0;33.623.666;0;4.997
Europe (BP);;1969;0;33.097.592;0;5.422.904
Europe (BP);;1970;0;34.607.806;0;7.118.357
Europe (BP);;1971;0;34.956.314;0;72.318.835
Europe (BP);;1972;0;36.383.298;0;7.122.608
Europe (BP);;1973;0;3.693.127;0;7.663.391
Europe (BP);;1974;0;3.992.913;0;804.206
Europe (BP);;1975;0;40.751.077;0;8.520.942
Europe (BP);;1976;0;3.768.347;0;8.485.598
Europe (BP);;1977;0;45.627.164;0;8.880.291
Europe (BP);;1978;0.003;45.552.872;0;9.372.139
Europe (BP);;1979;0.006;47.914.987;0;9.762.958
Europe (BP);;1980;0.0105;46.476.663;0;1.074.095
Europe (BP);;1981;0.0105;4.704.354;0;10.753.523
Europe (BP);;1982;0.0185;46.630.966;0;9.836.121
Europe (BP);;1983;0.0301;48.012.585;0;10.136.652
Europe (BP);;1984;0.0382;48.519.354;0.001010101;10.510.578
Europe (BP);;1985;0.0574;50.299.454;0.001010101;11.904.739
Europe (BP);;1986;0.1336;48.609.317;0.001010101;13.018.809
Europe (BP);;1987;0.1908;5.295.057;0;12.875.301
Europe (BP);;1988;0.3297;567.469;0.001010101;136.781
Europe (BP);;1989;0.5154;49.380.594;0.009090909;13.537.276
Europe (BP);;1990;0.77946043;50.245.715;0.0125;18.952.852
Europe (BP);;1991;0.980028;5.130.918;0.0155;19.589.434
Europe (BP);;1992;15.350.481;5.296.567;0.025088;20.713.602
Europe (BP);;1993;2.284.826;55.046.674;0.032383;22.907.095
Europe (BP);;1994;29.792.356;55.719.666;0.0346885;240.489
Europe (BP);;1995;38.630.292;5.648.899;0.04484;26.537.632
Europe (BP);;1996;4.828.585;5.480.863;0.04781141;267.252
Europe (BP);;1997;7.295.493;56.767.896;0.056926243;3.168.752
Europe (BP);;1998;11.176.479;5.939.042;0.0670885;3.557.704
Europe (BP);;1999;14.244.322;59.818.085;0.08019806;374.546
Europe (BP);;2000;22.441.713;6.176.968;0.07447325;41.000.248
Europe (BP);;2001;26.925.287;61.199.994;0.1942025;4.494.067
Europe (BP);;2002;3.643.995;5.639.807;0.314755;51.008.335
Europe (BP);;2003;4.490.515;5.301.677;0.46869776;58.088.623
Europe (BP);;2004;59.806.786;5.708.031;0.75109786;68.965.454
Europe (BP);;2005;7.164.175;5.717.242;15.123.832;7.902.817
Europe (BP);;2006;8.377.814;5.619.314;25.690.877;8.952.852
Europe (BP);;2007;106.507.195;5.639.646;38.777.049;9.974.035
Europe (BP);;2008;1.221.649;59.303.314;75.890.713;110.142.426
Europe (BP);;2009;13.615.523;5.897.449;14.324.835;12.076.332
Europe (BP);;2010;1.534.435;6.498.002;23.497.437;13.692.763
Europe (BP);;2011;18.665.741;56.964.545;4.710.555;1.462.206
Europe (BP);;2012;21.503.241;62.563.116;7.223.394;1.630.321
Europe (BP);;2013;24.811.525;66.173.596;8.654.612;17.434.535
Europe (BP);;2014;26.481.503;6.440.572;9.733.773;1.862.033
Europe (BP);;2015;31.893.124;6.361.143;108.234.604;1.989.238
Europe (BP);;2016;32.284.747;65.117.426;112.403.564;2.042.285
Europe (BP);;2017;38.422.113;58.438.574;12.275.744;21.130.125
Europe (BP);;2018;40.332.556;6.462.277;13.616.812;21.892.198
Europe (BP);;2019;4.593.421;62.863.184;15.044.255;2.280.151
Europe (BP);;2020;5.127.316;657.916;17.565.176;23.435.455
Europe (BP);;2021;50.302.396;6.496.524;19.555.212;24.793.518
Europe (Ember);;2000;22.29;764.69;0.12;41.44
Europe (Ember);;2001;26.82;772.49;0.2;43.83
Europe (Ember);;2002;36.48;711.54;0.28;49.5
Europe (Ember);;2003;44.91;672.7;0.42;57.89
Europe (Ember);;2004;59.83;732.6;0.7;69.090.004
Europe (Ember);;2005;71.62;734.6;1.48;79.08
Europe (Ember);;2006;83.77;725.57;2.5;89.51
Europe (Ember);;2007;106.54;729.33;3.81;99.62
Europe (Ember);;2008;122.18;746.1;7.47;110.01
Europe (Ember);;2009;136.41;752.56;14.15;120.68
Europe (Ember);;2010;154.02;802.7;23.37;137.05
Europe (Ember);;2011;187.47;725.3;47.72;14.618.001
Europe (Ember);;2012;215.13;782.3;72.12;162.22
Europe (Ember);;2013;248.06;832.8;87.24;172.86
Europe (Ember);;2014;266.53;809.07;99.74;18.401.001
Europe (Ember);;2015;319.19;794.76;110.56;196.2
Europe (Ember);;2016;323.1;827.36;114.84;201.53
Europe (Ember);;2017;384.39;760.83;125.41;208
Europe (Ember);;2018;403.61;825.91;137.58;215.61
Europe (Ember);;2019;463.16;814.81;152.72;224.85
Europe (Ember);;2020;512.59;866.7;180.33;231.23
Europe (Ember);;2021;504.65;850.48;200.68;24.207.999
European Union (27);;1965;0;21.180.603;0;2.909
European Union (27);;1966;0;23.045.381;0;3.979
European Union (27);;1967;0;22.219.263;0;4.316
European Union (27);;1968;0;2.265.809;0;4.818
European Union (27);;1969;0;2.224.579;0;5.243
European Union (27);;1970;0;23.472.273;0;6.940.266
European Union (27);;1971;0;23.322.775;0;7.057.851
European Union (27);;1972;0;2.448.364;0;6.925.944
European Union (27);;1973;0;2.435.321;0;7.442.191
European Union (27);;1974;0;26.301.743;0;7.829.309
European Union (27);;1975;0;26.490.546;0;8.282.595
European Union (27);;1976;0;2.311.628;0;8.305.585
European Union (27);;1977;0;3.075.857;0;8.646.165
European Union (27);;1978;0.003;29.947.946;0;91.188.545
European Union (27);;1979;0.006;3.139.237;0;9.285.328
European Union (27);;1980;0.0105;29.770.767;0;10.387.278
European Union (27);;1981;0.0105;293.823;0;1.008.439
European Union (27);;1982;0.0185;28.888.766;0;9.287.153
European Union (27);;1983;0.0301;29.468.158;0;9.568.938
European Union (27);;1984;0.0382;2.988.656;0;9.946.245
European Union (27);;1985;0.0574;30.517.215;0;11.357.507
European Union (27);;1986;0.1336;28.830.338;0;12.278.871
European Union (27);;1987;0.1908;31.656.955;0;12.051.266
European Union (27);;1988;0.3297;33.419.867;0;12.824.092
European Union (27);;1989;0.5064;27.293.823;0.009090909;12.659.168
European Union (27);;1990;0.7704604;2.848.056;0.0115;17.343.042
European Union (27);;1991;0.971028;29.844.077;0.0135;17.869.808
European Union (27);;1992;15.020.481;31.062.717;0.022088;18.720.934
European Union (27);;1993;20.673.988;3.185.628;0.028383;20.586.823
European Union (27);;1994;26.346.245;3.279.669;0.0296885;21.322.035
European Union (27);;1995;34.704.535;3.269.626;0.03884;23.436.554
European Union (27);;1996;43.389.993;32.543.332;0.040811412;2.338.708
European Union (27);;1997;66.259.375;3.347.315;0.049926244;2.791.599
European Union (27);;1998;10.287.428;3.457.198;0.0590885;30.970.898
European Union (27);;1999;13.352.978;3.435.373;0.06919806;31.642.126
European Union (27);;2000;21.27;350.17;0.11;35.4
European Union (27);;2001;25.74;373.43;0.19;36.989.998
European Union (27);;2002;35.06;312.6;0.26999998;42.05
European Union (27);;2003;43.3;304.64;0.4;49.08
European Union (27);;2004;57.52;323.19;0.67999995;58.75
European Union (27);;2005;68.090.004;307.02;14.499.999;66.87
European Union (27);;2006;78.72;309.98;2.47;75.94
European Union (27);;2007;99.92;307.72;3.77;84.67
European Union (27);;2008;113.22;325.59;7.42;9.428.999
European Union (27);;2009;124.57;329;14.08;103.229.996
European Union (27);;2010;139.83;371.82;23.24;117.56
European Union (27);;2011;165.34;307.43;47.28;125.399.994
European Union (27);;2012;187.47;33.166.998;70.14;139.15
European Union (27);;2013;209.46;368.02;84.15;145.57
European Union (27);;2014;222.37;370.06;94.21;151.04
European Union (27);;2015;263.19;336;100.850.006;156.47
European Union (27);;2016;266.81;345.6;101.04;15.831.999
European Union (27);;2017;312.31;294.34;107.94;160.87
European Union (27);;2018;320.63;343.84;113.04;162.64
European Union (27);;2019;367.14;320.29;123.880.005;16.687.999
European Union (27);;2020;397.48;347.16;145.14;169.83
European Union (27);;2021;386.52;348.62;163.73;176.37
European Union (27);;2022;419.59;282.96;203.15;173.28
European Union (27) (Ember);;2000;21.27;350.17;0.11;35.4
European Union (27) (Ember);;2001;25.74;373.43;0.19;36.989.998
European Union (27) (Ember);;2002;35.06;312.6;0.27;42.05
European Union (27) (Ember);;2003;43.3;304.64;0.4;49.08
European Union (27) (Ember);;2004;57.52;323.19;0.68;58.75
European Union (27) (Ember);;2005;68.09;307.02;1.45;66.87
European Union (27) (Ember);;2006;78.72;309.98;2.47;75.94
European Union (27) (Ember);;2007;99.92;307.72;3.77;84.67
European Union (27) (Ember);;2008;113.22;325.59;7.42;9.428.999
European Union (27) (Ember);;2009;124.57;329;14.08;103.229.996
European Union (27) (Ember);;2010;139.83;371.82;23.24;117.56
European Union (27) (Ember);;2011;165.34;307.43;47.28;125.4
European Union (27) (Ember);;2012;187.47;331.67;70.14;139.15
European Union (27) (Ember);;2013;209.46;368.02;84.15;145.57
European Union (27) (Ember);;2014;222.37;370.06;94.21;151.04
European Union (27) (Ember);;2015;263.19;336;100.85;156.47
European Union (27) (Ember);;2016;266.81;345.6;101.04;15.831.999
European Union (27) (Ember);;2017;312.31;294.34;107.94;160.87
European Union (27) (Ember);;2018;320.63;343.84;113.04;162.64
European Union (27) (Ember);;2019;367.14;320.29;123.88;16.687.999
European Union (27) (Ember);;2020;397.48;347.16;145.14;169.83
European Union (27) (Ember);;2021;386.52;348.62;163.73;176.37
European Union (27) (Ember);;2022;419.59;282.96;203.15;173.28
Faeroe Islands;FRO;2000;0;0.08;0;0
Faeroe Islands;FRO;2001;0;0.08;0;0
Faeroe Islands;FRO;2002;0;0.1;0;0
Faeroe Islands;FRO;2003;0;0.08;0;0
Faeroe Islands;FRO;2004;0.01;0.09;0;0
Faeroe Islands;FRO;2005;0.01;0.1;0;0
Faeroe Islands;FRO;2006;0.01;0.1;0;0
Faeroe Islands;FRO;2007;0.02;0.1;0;0
Faeroe Islands;FRO;2008;0.01;0.09;0;0
Faeroe Islands;FRO;2009;0.02;0.09;0;0
Faeroe Islands;FRO;2010;0.01;0.07;0;0
Faeroe Islands;FRO;2011;0.01;0.09;0;0
Faeroe Islands;FRO;2012;0.01;0.1;0;0
Faeroe Islands;FRO;2013;0.02;0.09;0;0
Faeroe Islands;FRO;2014;0.04;0.12;0;0
Faeroe Islands;FRO;2015;0.06;0.13;0;0
Faeroe Islands;FRO;2016;0.05;0.1;0;0
Faeroe Islands;FRO;2017;0.06;0.11;0;0
Faeroe Islands;FRO;2018;0.06;0.11;0;0
Faeroe Islands;FRO;2019;0.05;0.1;0;0
Faeroe Islands;FRO;2020;0.05;0.11;0;0
Faeroe Islands;FRO;2021;0.05;0.11;0;0
Falkland Islands;FLK;2000;0;0;0;0
Falkland Islands;FLK;2001;0;0;0;0
Falkland Islands;FLK;2002;0;0;0;0
Falkland Islands;FLK;2003;0;0;0;0
Falkland Islands;FLK;2004;0;0;0;0
Falkland Islands;FLK;2005;0;0;0;0
Falkland Islands;FLK;2006;0;0;0;0
Falkland Islands;FLK;2007;0;0;0;0
Falkland Islands;FLK;2008;0;0;0;0
Falkland Islands;FLK;2009;0;0;0;0
Falkland Islands;FLK;2010;0;0;0;0
Falkland Islands;FLK;2011;0.01;0;0;0
Falkland Islands;FLK;2012;0.01;0;0;0
Falkland Islands;FLK;2013;0.01;0;0;0
Falkland Islands;FLK;2014;0.01;0;0;0
Falkland Islands;FLK;2015;0.01;0;0;0
Falkland Islands;FLK;2016;0.01;0;0;0
Falkland Islands;FLK;2017;0.01;0;0;0
Falkland Islands;FLK;2018;0.01;0;0;0
Falkland Islands;FLK;2019;0.01;0;0;0
Falkland Islands;FLK;2020;0.01;0;0;0
Falkland Islands;FLK;2021;0.01;0;0;0
Fiji;FJI;2000;0;0.41;0;0.03
Fiji;FJI;2001;0;0.46;0;0.04
Fiji;FJI;2002;0;0.45;0;0.05
Fiji;FJI;2003;0;0.34;0;0.07
Fiji;FJI;2004;0;0.37;0;0.07
Fiji;FJI;2005;0;0.34;0;0.08
Fiji;FJI;2006;0;0.34;0;0.11
Fiji;FJI;2007;0.01;0.51;0;0.08
Fiji;FJI;2008;0.02;0.5;0;0.1
Fiji;FJI;2009;0.02;0.46;0;0.1
Fiji;FJI;2010;0.01;0.41;0;0.13
Fiji;FJI;2011;0;0.45;0;0.11
Fiji;FJI;2012;0.01;0.52;0;0.09
Fiji;FJI;2013;0;0.52;0;0.09
Fiji;FJI;2014;0;0.4;0;0.13
Fiji;FJI;2015;0.01;0.4;0;0.12
Fiji;FJI;2016;0;0.49;0.01;0.1
Fiji;FJI;2017;0;0.49;0.01;0.14
Fiji;FJI;2018;0;0.56;0.01;0.14
Fiji;FJI;2019;0;0.57;0.01;0.13
Fiji;FJI;2020;0;0.57;0.01;0.12
Fiji;FJI;2021;0;0.57;0.01;0.13
Finland;FIN;1965;0;9.353.536;0;0
Finland;FIN;1966;0;10.380.808;0;0
Finland;FIN;1967;0;116.292.925;0;0
Finland;FIN;1968;0;10.488.889;0;0
Finland;FIN;1969;0;8.745.455;0;0
Finland;FIN;1970;0;9.524.242;0;0
Finland;FIN;1971;0;10.680.808;0;0
Finland;FIN;1972;0;10.379.798;0;0
Finland;FIN;1973;0;10.579.798;0;0
Finland;FIN;1974;0;12.703.031;0;0
Finland;FIN;1975;0;12.209.091;0;0
Finland;FIN;1976;0;9.481.818;0;0
Finland;FIN;1977;0;12.181.818;0;0
Finland;FIN;1978;0;979.899;0;0
Finland;FIN;1979;0;108.707.075;0;0
Finland;FIN;1980;0;10.217.172;0;0
Finland;FIN;1981;0;13.654.546;0;0
Finland;FIN;1982;0;13.088.889;0;0
Finland;FIN;1983;0;13.580.808;0;0
Finland;FIN;1984;0;13.247.475;0;0
Finland;FIN;1985;0;12.334.343;0;0
Finland;FIN;1986;0;12.389.899;0;0
Finland;FIN;1987;0;13.795.959;0;0
Finland;FIN;1988;0;13.362.626;0;0
Finland;FIN;1989;0;13.030.303;0;0
Finland;FIN;1990;0;10.86;0;5.16
Finland;FIN;1991;0;13.2;0;5
Finland;FIN;1992;0;15.11;0;4.95
Finland;FIN;1993;0;13.48;0;5.96
Finland;FIN;1994;0.01;11.79;0;6.47
Finland;FIN;1995;0.01;12.93;0;6.61
Finland;FIN;1996;0.01;11.86;0;5.89
Finland;FIN;1997;0.02;12.24;0;7.89
Finland;FIN;1998;0.02;15.05;0;9.33
Finland;FIN;1999;0.05;12.78;0;8.36
Finland;FIN;2000;0.08;14.66;0;8.64
Finland;FIN;2001;0.07;13.2;0;8.27
Finland;FIN;2002;0.06;10.78;0;8.99
Finland;FIN;2003;0.09;9.59;0;9.38
Finland;FIN;2004;0.12;15.07;0;10.44
Finland;FIN;2005;0.17;13.78;0;9.51
Finland;FIN;2006;0.16;11.49;0;10.81
Finland;FIN;2007;0.19;14.18;0;9.95
Finland;FIN;2008;0.26;17.11;0;10.4
Finland;FIN;2009;0.28;12.69;0;8.73
Finland;FIN;2010;0.29;12.92;0;10.97
Finland;FIN;2011;0.48;12.45;0.01;11.24
Finland;FIN;2012;0.49;16.86;0.01;11.2
Finland;FIN;2013;0.77;12.84;0.01;12.01
Finland;FIN;2014;1.11;13.4;0.01;11.76
Finland;FIN;2015;2.33;16.77;0.01;11.42
Finland;FIN;2016;3.07;15.8;0.02;11.52
Finland;FIN;2017;4.8;14.77;0.05;11.86
Finland;FIN;2018;5.84;13.3;0.09;12.91
Finland;FIN;2019;6.02;12.42;0.15;13.29
Finland;FIN;2020;7.94;15.88;0.22;11.57
Finland;FIN;2021;8.18;15.79;0.3;13.58
Finland;FIN;2022;11.19;14.02;0.3;13.99
France;FRA;1965;0;46.881.092;0;0
France;FRA;1966;0;5.220.847;0;0.39
France;FRA;1967;0;4.537.766;0;0.605
France;FRA;1968;0;5.042.261;0;0.926
France;FRA;1969;0;5.294.209;0;1.067
France;FRA;1970;0;56.681.484;0;13.702.458
France;FRA;1971;0;48.856.724;0;13.918.225
France;FRA;1972;0;48.831.467;0;15.151.953
France;FRA;1973;0;47.696.262;0;15.500.864
France;FRA;1974;0;56.230.286;0;15.770.591
France;FRA;1975;0;60.107.937;0;14.158.849
France;FRA;1976;0;4.856.463;0;13.329
France;FRA;1977;0;76.322.975;0;13.745.815
France;FRA;1978;0;6.835.983;0;14.183.881
France;FRA;1979;0;66.419.136;0;14.840.102
France;FRA;1980;0;6.952.675;0;14.710.236
France;FRA;1981;0;7.219.517;0;14.921.525
France;FRA;1982;0;7.057.486;0;152.734
France;FRA;1983;0;69.443.016;0;15.587
France;FRA;1984;0;6.569.011;0;16.223
France;FRA;1985;0;62.453.335;0;165.215
France;FRA;1986;0;63.010.845;0;16.628
France;FRA;1987;0;71.087.555;0;17.506
France;FRA;1988;0;7.711.729;0;177.325
France;FRA;1989;0;46.842.293;0;184.145
France;FRA;1990;0;53.87;0;1.91
France;FRA;1991;0;57.6;0;21.100.001
France;FRA;1992;0;68.96;0;21.399.999
France;FRA;1993;0;64.89;0;1.97
France;FRA;1994;0;78.79;0;21.599.998
France;FRA;1995;0;73.12;0;2.33
France;FRA;1996;0.01;66.04;0;2.42
France;FRA;1997;0.01;63.76;0;2.67
France;FRA;1998;0.02;62.09;0;2.65
France;FRA;1999;0.04;72.51;0;2.85
France;FRA;2000;0.05;64.78;0.01;2.99
France;FRA;2001;0.13;72.62;0.01;3.33
France;FRA;2002;0.27;58.88;0.01;3.53
France;FRA;2003;0.39;57.35;0.01;3.72
France;FRA;2004;0.59;58.04;0.01;3.78
France;FRA;2005;0.96;50.14;0.01;38.700.001
France;FRA;2006;2.18;54.88;0.01;38.400.002
France;FRA;2007;4.07;55.99;0.02;4.22
France;FRA;2008;5.69;62.16;0.04;4.44
France;FRA;2009;7.91;55.49;0.17;4.58
France;FRA;2010;9.94;61.2;0.62;4.92
France;FRA;2011;12.37;45.74;2.33;5.58
France;FRA;2012;15.18;59.83;4.43;58.100.004
France;FRA;2013;16.13;71.92;5.19;6.18
France;FRA;2014;17.32;63.77;6.39;65.499.997
France;FRA;2015;21.42;55.56;7.75;7.11
France;FRA;2016;21.38;60.84;8.66;8.12
France;FRA;2017;24.61;50;9.59;8.43
France;FRA;2018;28.6;65.11;10.92;8.99
France;FRA;2019;34.72;56.91;12.33;9.25
France;FRA;2020;39.86;62.59;13.46;9.37
France;FRA;2021;36.83;59.62;15.73;10.18
France;FRA;2022;38.46;46.18;19.98;10.6
French Guiana;GUF;2000;0;0;0;0
French Guiana;GUF;2001;0;0.53;0;0
French Guiana;GUF;2002;0;0.55;0;0
French Guiana;GUF;2003;0;0.57;0;0
French Guiana;GUF;2004;0;0.59;0;0
French Guiana;GUF;2005;0;0.62;0;0
French Guiana;GUF;2006;0;0.64;0;0
French Guiana;GUF;2007;0;0.66;0;0
French Guiana;GUF;2008;0;0.69;0;0
French Guiana;GUF;2009;0;0.71;0;0
French Guiana;GUF;2010;0;0.74;0;0.01
French Guiana;GUF;2011;0;0.65;0.04;0.01
French Polynesia;PYF;2000;0;0.12;0;0
French Polynesia;PYF;2001;0;0.1;0;0
French Polynesia;PYF;2002;0;0.13;0;0
French Polynesia;PYF;2003;0;0.15;0;0
French Polynesia;PYF;2004;0;0.18;0;0
French Polynesia;PYF;2005;0;0.18;0;0
French Polynesia;PYF;2006;0;0.2;0;0
French Polynesia;PYF;2007;0;0.22;0;0
French Polynesia;PYF;2008;0;0.21;0;0
French Polynesia;PYF;2009;0;0.21;0;0
French Polynesia;PYF;2010;0;0.27;0;0
French Polynesia;PYF;2011;0;0.22;0.01;0
French Polynesia;PYF;2012;0;0.2;0.01;0
French Polynesia;PYF;2013;0;0.15;0.02;0
French Polynesia;PYF;2014;0;0.17;0.03;0
French Polynesia;PYF;2015;0;0.17;0.03;0
French Polynesia;PYF;2016;0;0.18;0.03;0
French Polynesia;PYF;2017;0;0.18;0.04;0
French Polynesia;PYF;2018;0;0.16;0.04;0
French Polynesia;PYF;2019;0;0.18;0.04;0
French Polynesia;PYF;2020;0;0.18;0.04;0
French Polynesia;PYF;2021;0;0.18;0.05;0
G20 (Ember);;2000;30.52;1955.13;1.05;17.495.999
G20 (Ember);;2001;37.24;1910.59;1.32;169.69
G20 (Ember);;2002;51;1928.62;1.66;18.426.001
G20 (Ember);;2003;62.01;1933.51;2.03;196.58
G20 (Ember);;2004;83.34;2098.06;2.67;212.34
G20 (Ember);;2005;101.34;2142.36;3.74;232.53
G20 (Ember);;2006;129.69;2243.9;5.05;24.481.999
G20 (Ember);;2007;166.75;2268.64;6.82;266.75
G20 (Ember);;2008;215.46;2441.1;11.24;282.77
G20 (Ember);;2009;269.79;2450.56;18.97;303.91
G20 (Ember);;2010;338.45;2609.59;30.3;345.38
G20 (Ember);;2011;431.1;2651.47;60.57;364.7
G20 (Ember);;2012;518.4;2770.72;92.56;39.194.998
G20 (Ember);;2013;626.96;2877.27;126.65;423.72
G20 (Ember);;2014;697.15;2987.02;188.79;459.44
G20 (Ember);;2015;802.39;2986.62;243.33;494.94
G20 (Ember);;2016;930.53;3083.49;310.56;501.42
G20 (Ember);;2017;1102.15;3084.65;419.16;535.64
G20 (Ember);;2018;1221.4;3183.36;535.86;563.96
G20 (Ember);;2019;1364.59;3271.77;645.25;591.95
G20 (Ember);;2020;1523.61;3361.37;775.7;622.7
G20 (Ember);;2021;1776.05;3249.01;937.75;68.119.995
G7 (Ember);;2000;16.87;847.13;0.95;117.99
G7 (Ember);;2001;20.07;767.67;1.18;109.979.996
G7 (Ember);;2002;29.96;810.5;1.46;119.19
G7 (Ember);;2003;35.08;810.57;1.79;125.420.006
G7 (Ember);;2004;46.79;816.45;2.38;130.34
G7 (Ember);;2005;55.1;808.54;3.39;13.918.001
G7 (Ember);;2006;71.93;835.15;4.6;144.2
G7 (Ember);;2007;93.95;792.85;5.81;152.61
G7 (Ember);;2008;121.14;827.26;7.82;153.51
G7 (Ember);;2009;147.29;838.8;11.2;159.39
G7 (Ember);;2010;175.22;822.86;19.3;172.25
G7 (Ember);;2011;223;884.37;40.2;178.84
G7 (Ember);;2012;256.98;852.69;62.83;19.123.999
G7 (Ember);;2013;302.98;883.18;83.2;206.75
G7 (Ember);;2014;332.15;862.83;122.78;219.5
G7 (Ember);;2015;380.15;835.49;153.65;23.382.999
G7 (Ember);;2016;419.93;851.04;183.88;234.27
G7 (Ember);;2017;489.67;880.13;220.72;238.91
G7 (Ember);;2018;525.88;886.3;249.56;243.58
G7 (Ember);;2019;580.93;867.3;273.63;243.27
G7 (Ember);;2020;646.52;875.23;315.27;244.62
G7 (Ember);;2021;659.8;833.03;360.81;243.07
Gabon;GAB;2000;0;0.8;0;0
Gabon;GAB;2001;0;0.87;0;0
Gabon;GAB;2002;0;0.91;0;0
Gabon;GAB;2003;0;0.89;0;0
Gabon;GAB;2004;0;0.88;0;0
Gabon;GAB;2005;0;0.8;0;0
Gabon;GAB;2006;0;0.94;0;0
Gabon;GAB;2007;0;0.79;0;0
Gabon;GAB;2008;0;0.88;0;0
Gabon;GAB;2009;0;0.94;0;0
Gabon;GAB;2010;0;0.9;0;0
Gabon;GAB;2011;0;0.83;0;0
Gabon;GAB;2012;0;0.9;0;0
Gabon;GAB;2013;0;0.93;0;0
Gabon;GAB;2014;0;0.79;0;0
Gabon;GAB;2015;0;0.91;0;0.02
Gabon;GAB;2016;0;0.94;0;0.02
Gabon;GAB;2017;0;0.92;0;0.02
Gabon;GAB;2018;0;0.89;0;0.02
Gabon;GAB;2019;0;0.99;0;0.02
Gabon;GAB;2020;0;0.99;0;0.02
Gabon;GAB;2021;0;1;0;0.02
Gambia;GMB;2000;0;0;0;0
Gambia;GMB;2001;0;0;0;0
Gambia;GMB;2002;0;0;0;0
Gambia;GMB;2003;0;0;0;0
Gambia;GMB;2004;0;0;0;0
Gambia;GMB;2005;0;0;0;0
Gambia;GMB;2006;0;0;0;0
Gambia;GMB;2007;0;0;0;0
Gambia;GMB;2008;0;0;0;0
Gambia;GMB;2009;0;0;0;0
Gambia;GMB;2010;0;0;0;0
Gambia;GMB;2011;0;0;0;0
Gambia;GMB;2012;0;0;0;0
Gambia;GMB;2013;0;0;0;0
Gambia;GMB;2014;0;0;0;0
Gambia;GMB;2015;0;0;0;0
Gambia;GMB;2016;0;0;0;0
Gambia;GMB;2017;0;0;0;0
Gambia;GMB;2018;0;0;0;0
Gambia;GMB;2019;0;0;0;0
Gambia;GMB;2020;0;0;0;0
Gambia;GMB;2021;0;0;0;0
Georgia;GEO;2000;0;5.8;0;0
Georgia;GEO;2001;0;5.49;0;0
Georgia;GEO;2002;0;6.7;0;0
Georgia;GEO;2003;0;6.46;0;0
Georgia;GEO;2004;0;5.99;0;0
Georgia;GEO;2005;0;6.17;0;0
Georgia;GEO;2006;0;5.26;0;0
Georgia;GEO;2007;0;6.75;0;0
Georgia;GEO;2008;0;7.09;0;0
Georgia;GEO;2009;0;7.34;0;0
Georgia;GEO;2010;0;9.27;0;0
Georgia;GEO;2011;0;7.81;0;0
Georgia;GEO;2012;0;7.15;0;0
Georgia;GEO;2013;0;8.19;0;0
Georgia;GEO;2014;0;8.25;0;0
Georgia;GEO;2015;0;8.37;0;0
Georgia;GEO;2016;0.01;9.24;0;0
Georgia;GEO;2017;0.09;9.12;0;0
Georgia;GEO;2018;0.08;9.85;0;0
Georgia;GEO;2019;0.09;8.84;0;0
Georgia;GEO;2020;0.09;8.25;0;0
Georgia;GEO;2021;0.08;10.18;0;0
Germany;DEU;1965;0;1.621.221;0;0
Germany;DEU;1966;0;17.533.998;0;0
Germany;DEU;1967;0;16.652.311;0;0
Germany;DEU;1968;0;1.689.899;0;0
Germany;DEU;1969;0;13.713.478;0;0
Germany;DEU;1970;0;17.533.678;0;0.92002016
Germany;DEU;1971;0;13.455.188;0;10.010.282
Germany;DEU;1972;0;13.205.894;0;10.187.488
Germany;DEU;1973;0;15.229.462;0;10.531.049
Germany;DEU;1974;0;17.638.132;0;107.625
Germany;DEU;1975;0;17.059.124;0;11.247.102
Germany;DEU;1976;0;13.846.833;0;12.776.853
Germany;DEU;1977;0;1.758.216;0;12.465.839
Germany;DEU;1978;0;18.362.234;0;1.317.466
Germany;DEU;1979;0;18.383.686;0;14.433.178
Germany;DEU;1980;0;19.069.143;0;19.662.538
Germany;DEU;1981;0;19.914.673;0;18.042.376
Germany;DEU;1982;0;19.737.993;0;1.798.813
Germany;DEU;1983;0;18.712.017;0;15.402.381
Germany;DEU;1984;0;18.479.174;0;16.429.448
Germany;DEU;1985;0;1.740.065;0;16.440.297
Germany;DEU;1986;0.001;18.571.981;0;15.955.696
Germany;DEU;1987;0.002;2.034.297;0;14.458.493
Germany;DEU;1988;0.008;20.079.391;0;16.378.818
Germany;DEU;1989;0.026;18.243.729;0;17.492.679
Germany;DEU;1990;0.07;17.43;0;1.6
Germany;DEU;1991;0.22;14.89;0;1.87
Germany;DEU;1992;0.29;17.4;0;2.04
Germany;DEU;1993;0.67;17.88;0;1.97
Germany;DEU;1994;1.43;19.93;0.01;2.07
Germany;DEU;1995;1.71;21.78;0.01;2.43
Germany;DEU;1996;2.08;21.96;0.01;2.5
Germany;DEU;1997;3.03;17.36;0.02;2.65
Germany;DEU;1998;4.59;17.22;0.04;3.06
Germany;DEU;1999;5.53;19.65;0.03;3.51
Germany;DEU;2000;9.35;21.73;0.06;4.33
Germany;DEU;2001;10.46;22.73;0.12;4.59
Germany;DEU;2002;15.86;23.12;0.19;5.31
Germany;DEU;2003;19.09;18.32;0.31;8.95
Germany;DEU;2004;26.02;20.75;0.56;10.64
Germany;DEU;2005;27.77;19.64;1.28;14.71
Germany;DEU;2006;31.32;20.03;2.22;18.94
Germany;DEU;2007;40.51;21.17;3.08;24.62
Germany;DEU;2008;41.38;20.44;4.42;28.04
Germany;DEU;2009;39.42;19.03;6.58;30.91
Germany;DEU;2010;38.55;20.95;11.73;33.949.997
Germany;DEU;2011;49.86;17.67;19.6;36.91
Germany;DEU;2012;51.68;21.75;26.38;43.23
Germany;DEU;2013;52.74;23;31.01;45.59
Germany;DEU;2014;58.5;19.59;36.06;48.39
Germany;DEU;2015;80.62;18.98;38.73;50.460.003
Germany;DEU;2016;79.92;20.55;38.1;51.1
Germany;DEU;2017;105.69;20.15;39.4;51.079.998
Germany;DEU;2018;109.95;17.69;43.46;50.97
Germany;DEU;2019;125.89;19.73;44.38;50.33
Germany;DEU;2020;132.1;18.72;49.5;51.16
Germany;DEU;2021;114.65;19.66;49.34;47.15
Germany;DEU;2022;126.1;17.45;58.98;47.54
Ghana;GHA;2000;0;6.54;0;0
Ghana;GHA;2001;0;6.54;0;0.01
Ghana;GHA;2002;0;4.99;0;0.01
Ghana;GHA;2003;0;3.85;0;0.01
Ghana;GHA;2004;0;5.23;0;0
Ghana;GHA;2005;0;5.57;0;0.01
Ghana;GHA;2006;0;5.56;0;0.01
Ghana;GHA;2007;0;3.69;0;0.01
Ghana;GHA;2008;0;6.13;0;0.01
Ghana;GHA;2009;0;6.81;0;0.01
Ghana;GHA;2010;0;6.93;0;0.02
Ghana;GHA;2011;0;7.49;0;0.02
Ghana;GHA;2012;0;7.99;0;0.01
Ghana;GHA;2013;0;8.15;0;0.02
Ghana;GHA;2014;0;8.3;0;0.02
Ghana;GHA;2015;0;5.79;0;0.02
Ghana;GHA;2016;0;5.51;0.03;0.02
Ghana;GHA;2017;0;5.62;0.03;0.02
Ghana;GHA;2018;0;6.02;0.03;0.02
Ghana;GHA;2019;0;7.25;0.05;0.02
Ghana;GHA;2020;0;7.29;0.06;0.03
Ghana;GHA;2021;0;7.21;0.06;0.03
Gibraltar;GIB;2000;0;0;0;
Gibraltar;GIB;2001;0;0;0;
Gibraltar;GIB;2002;0;0;0;
Gibraltar;GIB;2003;0;0;0;
Gibraltar;GIB;2004;0;0;0;
Gibraltar;GIB;2005;0;0;0;
Gibraltar;GIB;2006;0;0;0;
Gibraltar;GIB;2007;0;0;0;
Gibraltar;GIB;2008;0;0;0;
Gibraltar;GIB;2009;0;0;0;
Gibraltar;GIB;2010;0;0;0;
Gibraltar;GIB;2011;0;0;0;
Gibraltar;GIB;2012;0;0;0;
Gibraltar;GIB;2013;0;0;0;
Gibraltar;GIB;2014;0;0;0;
Gibraltar;GIB;2015;0;0;0;
Gibraltar;GIB;2016;0;0;0;
Gibraltar;GIB;2017;0;0;0;
Gibraltar;GIB;2018;0;0;0;
Gibraltar;GIB;2019;0;0;0;
Gibraltar;GIB;2020;0;0;0;
Gibraltar;GIB;2021;0;0;0;
Greece;GRC;1965;0;0.801;0;0
Greece;GRC;1966;0;1.73;0;0
Greece;GRC;1967;0;1.66;0;0
Greece;GRC;1968;0;1.368;0;0
Greece;GRC;1969;0;2.055;0;0
Greece;GRC;1970;0;2.636;0;0
Greece;GRC;1971;0;2.652;0;0
Greece;GRC;1972;0;2.677;0;0
Greece;GRC;1973;0;2.223;0;0
Greece;GRC;1974;0;2.347;0;0
Greece;GRC;1975;0;2.015;0;0
Greece;GRC;1976;0;1.879;0;0
Greece;GRC;1977;0;1.922;0;0
Greece;GRC;1978;0;2.988;0;0
Greece;GRC;1979;0;3.566;0;0
Greece;GRC;1980;0;3.405;0;0
Greece;GRC;1981;0;3.407;0;0
Greece;GRC;1982;0;3.561;0;0
Greece;GRC;1983;0;2.34;0;0
Greece;GRC;1984;0;2.862;0;0
Greece;GRC;1985;0;2.805;0;0
Greece;GRC;1986;0;3.235;0;0
Greece;GRC;1987;0.001;2.78;0;0
Greece;GRC;1988;0.001;2.366;0;0
Greece;GRC;1989;0.001;1.9;0;0
Greece;GRC;1990;0;1.77;0;0
Greece;GRC;1991;0;3.1;0;0
Greece;GRC;1992;0.01;2.2;0;0
Greece;GRC;1993;0.05;2.28;0;0
Greece;GRC;1994;0.04;2.6;0;0
Greece;GRC;1995;0.03;3.53;0;0
Greece;GRC;1996;0.04;4.35;0;0
Greece;GRC;1997;0.04;3.88;0;0
Greece;GRC;1998;0.07;3.72;0;0
Greece;GRC;1999;0.16;4.59;0;0
Greece;GRC;2000;0.45;3.69;0;0
Greece;GRC;2001;0.76;2.1;0;0.08
Greece;GRC;2002;0.65;2.8;0;0.13
Greece;GRC;2003;1.02;4.77;0;0.1
Greece;GRC;2004;1.12;4.67;0;0.12
Greece;GRC;2005;1.27;5.02;0;0.12
Greece;GRC;2006;1.7;5.86;0;0.11
Greece;GRC;2007;1.82;2.59;0;0.18
Greece;GRC;2008;2.24;3.31;0.01;0.19
Greece;GRC;2009;2.54;5.35;0.05;0.22
Greece;GRC;2010;2.71;7.47;0.16;0.19
Greece;GRC;2011;3.32;4.01;0.61;0.21
Greece;GRC;2012;3.85;4.39;1.69;0.2
Greece;GRC;2013;4.14;6.35;3.65;0.22
Greece;GRC;2014;3.69;4.48;3.79;0.22
Greece;GRC;2015;4.62;6.1;3.9;0.23
Greece;GRC;2016;5.15;5.54;3.93;0.27
Greece;GRC;2017;5.54;3.96;3.99;0.31
Greece;GRC;2018;6.3;5.74;3.79;0.31
Greece;GRC;2019;7.27;4;4.43;0.4
Greece;GRC;2020;9.31;3.34;4.45;0.45
Greece;GRC;2021;10.48;5.9;5.25;0.5
Greece;GRC;2022;10.86;4.73;6.62;0.5
Greenland;GRL;2000;0;0.17;0;0
Greenland;GRL;2001;0;0.16;0;0
Greenland;GRL;2002;0;0.18;0;0
Greenland;GRL;2003;0;0.18;0;0
Greenland;GRL;2004;0;0.19;0;0
Greenland;GRL;2005;0;0.2;0;0
Greenland;GRL;2006;0;0.2;0;0
Greenland;GRL;2007;0;0.2;0;0
Greenland;GRL;2008;0;0.2;0;0
Greenland;GRL;2009;0;0.26;0;0
Greenland;GRL;2010;0;0.29;0;0
Greenland;GRL;2011;0;0.34;0;0
Greenland;GRL;2012;0;0.34;0;0
Greenland;GRL;2013;0;0.37;0;0
Greenland;GRL;2014;0;0.39;0;0
Greenland;GRL;2015;0;0.42;0;0
Greenland;GRL;2016;0;0.4;0;0
Greenland;GRL;2017;0;0.38;0;0
Greenland;GRL;2018;0;0.41;0;0
Greenland;GRL;2019;0;0.4;0;0
Greenland;GRL;2020;0;0.5;0;0
Greenland;GRL;2021;0;0.5;0;0
Grenada;GRD;2000;0;0;0;0
Grenada;GRD;2001;0;0;0;0
Grenada;GRD;2002;0;0;0;0
Grenada;GRD;2003;0;0;0;0
Grenada;GRD;2004;0;0;0;0
Grenada;GRD;2005;0;0;0;0
Grenada;GRD;2006;0;0;0;0
Grenada;GRD;2007;0;0;0;0
Grenada;GRD;2008;0;0;0;0
Grenada;GRD;2009;0;0;0;0
Grenada;GRD;2010;0;0;0;0
Grenada;GRD;2011;0;0;0;0
Grenada;GRD;2012;0;0;0;0
Grenada;GRD;2013;0;0;0;0
Grenada;GRD;2014;0;0;0;0
Grenada;GRD;2015;0;0;0;0
Grenada;GRD;2016;0;0;0;0
Grenada;GRD;2017;0;0;0;0
Grenada;GRD;2018;0;0;0;0
Grenada;GRD;2019;0;0;0;0
Grenada;GRD;2020;0;0;0;0
Grenada;GRD;2021;0;0;0;0
Guadeloupe;GLP;2000;0.02;0;0;0.42
Guadeloupe;GLP;2001;0.02;0;0;0.42
Guadeloupe;GLP;2002;0.03;0;0;0.4
Guadeloupe;GLP;2003;0.05;0;0;0.47
Guadeloupe;GLP;2004;0.05;0;0;0.55
Guadeloupe;GLP;2005;0.05;0;0;0.55
Guadeloupe;GLP;2006;0.05;0;0;0.58
Guadeloupe;GLP;2007;0.05;0;0;0.6
Guadeloupe;GLP;2008;0.05;0;0;0.59000003
Guadeloupe;GLP;2009;0.05;0;0;0.59000003
Guadeloupe;GLP;2010;0.04;0;0.02;0.59000003
Guadeloupe;GLP;2011;0.05;0;0.03;0.45
Guam;GUM;2000;0;0;0;0
Guam;GUM;2001;0;0;0;0
Guam;GUM;2002;0;0;0;0
Guam;GUM;2003;0;0;0;0
Guam;GUM;2004;0;0;0;0
Guam;GUM;2005;0;0;0;0
Guam;GUM;2006;0;0;0;0
Guam;GUM;2007;0;0;0;0
Guam;GUM;2008;0;0;0;0
Guam;GUM;2009;0;0;0;0
Guam;GUM;2010;0;0;0;0
Guam;GUM;2011;0;0;0;0
Guam;GUM;2012;0;0;0;0
Guam;GUM;2013;0;0;0;0
Guam;GUM;2014;0;0;0;0
Guam;GUM;2015;0;0;0.03;0
Guam;GUM;2016;0;0;0.07;0
Guam;GUM;2017;0;0;0.06;0
Guam;GUM;2018;0;0;0.07;0
Guam;GUM;2019;0;0;0.07;0
Guam;GUM;2020;0;0;0.07;0
Guam;GUM;2021;0;0;0.08;0
Guatemala;GTM;2000;0;2.5;0;0.69
Guatemala;GTM;2001;0;2.18;0;0.82
Guatemala;GTM;2002;0;1.93;0;0.86
Guatemala;GTM;2003;0;2.65;0;0.9
Guatemala;GTM;2004;0;2.54;0;0.75
Guatemala;GTM;2005;0;2.91;0;1.08
Guatemala;GTM;2006;0;3.27;0;13.399.999
Guatemala;GTM;2007;0;3;0;1.58
Guatemala;GTM;2008;0;3.64;0;1.41
Guatemala;GTM;2009;0;2.91;0;15.899.999
Guatemala;GTM;2010;0;3.81;0;1.22
Guatemala;GTM;2011;0;4.13;0;1.13
Guatemala;GTM;2012;0;4.46;0;1.48
Guatemala;GTM;2013;0;4.65;0;17.900.001
Guatemala;GTM;2014;0;4.84;0.01;2.05
Guatemala;GTM;2015;0.11;3.87;0.16;2.72
Guatemala;GTM;2016;0.22;3.99;0.19;28.799.999
Guatemala;GTM;2017;0.22;5.81;0.2;26.599.998
Guatemala;GTM;2018;0.32;5.31;0.2;3.37
Guatemala;GTM;2019;0.33;4.47;0.23;3.44
Guatemala;GTM;2020;0.31;5.78;0.22;2.84
Guatemala;GTM;2021;0.32;5.92;0.23;31.399.999
Guinea;GIN;2000;0;0.41;0;0
Guinea;GIN;2001;0;0.55;0;0
Guinea;GIN;2002;0;0.59;0;0
Guinea;GIN;2003;0;0.4;0;0
Guinea;GIN;2004;0;0.55;0;0
Guinea;GIN;2005;0;0.49;0;0
Guinea;GIN;2006;0;0.46;0;0
Guinea;GIN;2007;0;0.53;0;0
Guinea;GIN;2008;0;0.52;0;0
Guinea;GIN;2009;0;0.52;0;0
Guinea;GIN;2010;0;0.48;0;0
Guinea;GIN;2011;0;0.41;0;0
Guinea;GIN;2012;0;0.49;0;0
Guinea;GIN;2013;0;0.48;0;0
Guinea;GIN;2014;0;0.42;0;0
Guinea;GIN;2015;0;0.88;0.02;0
Guinea;GIN;2016;0;1.08;0.02;0
Guinea;GIN;2017;0;1.21;0.02;0
Guinea;GIN;2018;0;0.74;0.02;0
Guinea;GIN;2019;0;1.29;0.02;0
Guinea;GIN;2020;0;2.47;0.02;0
Guinea;GIN;2021;0;2;0.02;0
Guinea-Bissau;GNB;2000;0;0;0;0
Guinea-Bissau;GNB;2001;0;0;0;0
Guinea-Bissau;GNB;2002;0;0;0;0
Guinea-Bissau;GNB;2003;0;0;0;0
Guinea-Bissau;GNB;2004;0;0;0;0
Guinea-Bissau;GNB;2005;0;0;0;0
Guinea-Bissau;GNB;2006;0;0;0;0
Guinea-Bissau;GNB;2007;0;0;0;0
Guinea-Bissau;GNB;2008;0;0;0;0
Guinea-Bissau;GNB;2009;0;0;0;0
Guinea-Bissau;GNB;2010;0;0;0;0
Guinea-Bissau;GNB;2011;0;0;0;0
Guinea-Bissau;GNB;2012;0;0;0;0
Guinea-Bissau;GNB;2013;0;0;0;0
Guinea-Bissau;GNB;2014;0;0;0;0
Guinea-Bissau;GNB;2015;0;0;0;0
Guinea-Bissau;GNB;2016;0;0;0;0
Guinea-Bissau;GNB;2017;0;0;0;0
Guinea-Bissau;GNB;2018;0;0;0;0
Guinea-Bissau;GNB;2019;0;0;0;0
Guinea-Bissau;GNB;2020;0;0;0;0
Guinea-Bissau;GNB;2021;0;0;0;0
Guyana;GUY;2000;0;0;0;0.06
Guyana;GUY;2001;0;0;0;0.06
Guyana;GUY;2002;0;0;0;0.06
Guyana;GUY;2003;0;0;0;0.05
Guyana;GUY;2004;0;0;0;0.06
Guyana;GUY;2005;0;0;0;0.05
Guyana;GUY;2006;0;0;0;0.05
Guyana;GUY;2007;0;0;0;0.05
Guyana;GUY;2008;0;0;0;0.05
Guyana;GUY;2009;0;0;0;0.11
Guyana;GUY;2010;0;0;0;0.13
Guyana;GUY;2011;0;0;0;0.14
Guyana;GUY;2012;0;0;0;0.14
Guyana;GUY;2013;0;0;0;0.14
Guyana;GUY;2014;0;0;0;0.15
Guyana;GUY;2015;0;0;0;0.16
Guyana;GUY;2016;0;0;0;0.15
Guyana;GUY;2017;0;0;0;0.15
Guyana;GUY;2018;0;0;0.01;0.15
Guyana;GUY;2019;0;0;0.01;0.15
Guyana;GUY;2020;0;0;0.01;0.14
Guyana;GUY;2021;0;0;0.01;0.15
Haiti;HTI;2000;0;0.28;0;0
Haiti;HTI;2001;0;0.28;0;0
Haiti;HTI;2002;0;0.26;0;0
Haiti;HTI;2003;0;0.25;0;0
Haiti;HTI;2004;0;0.26;0;0
Haiti;HTI;2005;0;0.26;0;0
Haiti;HTI;2006;0;0.27;0;0
Haiti;HTI;2007;0;0.15;0;0
Haiti;HTI;2008;0;0.18;0;0
Haiti;HTI;2009;0;0.2;0;0
Haiti;HTI;2010;0;0.17;0;0
Haiti;HTI;2011;0;0.12;0;0
Haiti;HTI;2012;0;0.22;0;0
Haiti;HTI;2013;0;0.14;0;0
Haiti;HTI;2014;0;0.09;0;0
Haiti;HTI;2015;0;0.08;0;0
Haiti;HTI;2016;0;0.07;0;0
Haiti;HTI;2017;0;0.13;0;0
Haiti;HTI;2018;0;0.2;0;0
Haiti;HTI;2019;0;0.17;0;0
Haiti;HTI;2020;0;0.11;0;0
Haiti;HTI;2021;0;0.13;0;0
High-income countries;;1965;0;7.056.941;0;17.885.233
High-income countries;;1966;0;745.083;0;19.684.008
High-income countries;;1967;0;763.759;0;19.813.572
High-income countries;;1968;0;7.837.301;0;21.941.046
High-income countries;;1969;0;8.189.756;0;23.079.964
High-income countries;;1970;0;8.409.904;0;24.964.964
High-income countries;;1971;0;8.778.005;0;25.509.909
High-income countries;;1972;0;915.132;0;27.498.178
High-income countries;;1973;0;91.619.336;0;29.371.082
High-income countries;;1974;0;100.590.735;0;31.125.929
High-income countries;;1975;0;10.056.749;0;31.102.913
High-income countries;;1976;0;96.319.366;0;3.459.475
High-income countries;;1977;0;96.771.844;0;3.631.119
High-income countries;;1978;0.003;1.040.888;0;38.399.734
High-income countries;;1979;0.006;10.825.781;0;40.237.312
High-income countries;;1980;0.0105;10.724.165;0;42.139.984
High-income countries;;1981;0.0105;10.821.362;0;43.527.237
High-income countries;;1982;0.0185;11.118.145;0;50.898.537
High-income countries;;1983;0.03279495;11.678.391;0.003;55.702.415
High-income countries;;1984;0.044755556;11.635.408;0.006311111;6.333.676
High-income countries;;1985;0.0642202;11.598.821;0.011747476;6.534.927
High-income countries;;1986;0.13883132;1.158.509;0.015183838;70.283.806
High-income countries;;1987;0.19537677;11.531.249;0.01060303;75.525.024
High-income countries;;1988;0.3315798;11.531.642;0.01019596;777.357
High-income countries;;1989;2.649.777;11.258.265;0.2622232;868.685
High-income countries;;1990;35.971.372;1.164.544;0.38529494;9.662.821
High-income countries;;1991;39.627.059;11.803.627;0.5012029;1.010.439
High-income countries;;1992;4.511.429;1.165.996;0.46058512;10.774.438
High-income countries;;1993;5.384.533;12.271.355;0.54869753;112.216.995
High-income countries;;1994;6.528.023;11.918.569;0.5870139;1.155.704
High-income countries;;1995;71.266.384;12.672.628;0.6258037;11.756.831
High-income countries;;1996;8.173.981;12.930.583;0.6781474;12.082.481
High-income countries;;1997;10.701.239;13.252.185;0.72652215;12.836.581
High-income countries;;1998;143.348.255;12.932.545;0.7846993;13.248.087
High-income countries;;1999;19.039.782;13.027.513;0.8750003;13.638.516
High-income countries;;2000;28.42;1306.58;1.02;146.91
High-income countries;;2001;34.46;1225.73;1.28;140
High-income countries;;2002;48.13;1231.2;1.58;15.306.999
High-income countries;;2003;58.57;1209.69;19.399.999;161.87
High-income countries;;2004;77.28;1222.62;2.56;175.16
High-income countries;;2005;94.380.005;12.355.599;36.299.999;189.22
High-income countries;;2006;117.71;1244.74;4.94;199.7
High-income countries;;2007;150.54;1223.18;6.65;212.38
High-income countries;;2008;188.49;1263.91;11.03;22.006.999
High-income countries;;2009;225.7;1268.63;18.67;23.018.001
High-income countries;;2010;266.34;1275.78;29.63;254.89
High-income countries;;2011;327.05;1306.09;57.440.002;26.790.997
High-income countries;;2012;374.48;1308.42;86.86;288.31
High-income countries;;2013;440.21;1340.62;114.35;304.18
High-income countries;;2014;476.25;1334.65;159.16;321.38
High-income countries;;2015;542;1293;19.581.999;338.98
High-income countries;;2016;586.89;1317.39;231.7;339.53
High-income countries;;2017;675.19;1318.28;277.67;348.8
High-income countries;;2018;715.88;1340.78;315.89;35.568.002
High-income countries;;2019;801.62;1299.52;362.61;35.765.997
High-income countries;;2020;896.52;1338.78;43.872.998;356.6
High-income countries;;2021;924.33;1278.46;519.47;365.94
Honduras;HND;2000;0;2.24;0;0
Honduras;HND;2001;0;1.88;0;0.01
Honduras;HND;2002;0;1.6;0;0.03
Honduras;HND;2003;0;1.72;0;0.09
Honduras;HND;2004;0;1.39;0;0.15
Honduras;HND;2005;0;1.7;0;0.22
Honduras;HND;2006;0;2.05;0;0.21
Honduras;HND;2007;0;2.19;0;0.25
Honduras;HND;2008;0;2.27;0;0.31
Honduras;HND;2009;0;2.77;0;0.3
Honduras;HND;2010;0;3.05;0;0.29
Honduras;HND;2011;0.12;2.79;0;0.49
Honduras;HND;2012;0.34;2.76;0.01;0.44
Honduras;HND;2013;0.31;2.71;0.01;0.55
Honduras;HND;2014;0.4;2.58;0.01;0.63
Honduras;HND;2015;0.67;2.32;0.43;0.87
Honduras;HND;2016;0.58;2.33;0.89;1
Honduras;HND;2017;0.58;2.97;0.93;0.96000004
Honduras;HND;2018;0.93;3.15;1;1.05
Honduras;HND;2019;0.82;2.43;1.12;13.599.999
Honduras;HND;2020;0.71;2.7;1.05;13.900.001
Honduras;HND;2021;0.8;2.7;1.28;1.45
Hong Kong;HKG;1965;0;0;0;0
Hong Kong;HKG;1966;0;0;0;0
Hong Kong;HKG;1967;0;0;0;0
Hong Kong;HKG;1968;0;0;0;0
Hong Kong;HKG;1969;0;0;0;0
Hong Kong;HKG;1970;0;0;0;0
Hong Kong;HKG;1971;0;0;0;0
Hong Kong;HKG;1972;0;0;0;0
Hong Kong;HKG;1973;0;0;0;0
Hong Kong;HKG;1974;0;0;0;0
Hong Kong;HKG;1975;0;0;0;0
Hong Kong;HKG;1976;0;0;0;0
Hong Kong;HKG;1977;0;0;0;0
Hong Kong;HKG;1978;0;0;0;0
Hong Kong;HKG;1979;0;0;0;0
Hong Kong;HKG;1980;0;0;0;0
Hong Kong;HKG;1981;0;0;0;0
Hong Kong;HKG;1982;0;0;0;0
Hong Kong;HKG;1983;0;0;0;0
Hong Kong;HKG;1984;0;0;0;0
Hong Kong;HKG;1985;0;0;0;0
Hong Kong;HKG;1986;0;0;0;0
Hong Kong;HKG;1987;0;0;0;0
Hong Kong;HKG;1988;0;0;0;0
Hong Kong;HKG;1989;0;0;0;0
Hong Kong;HKG;1990;0;0;0;0
Hong Kong;HKG;1991;0;0;0;0
Hong Kong;HKG;1992;0;0;0;0
Hong Kong;HKG;1993;0;0;0;0
Hong Kong;HKG;1994;0;0;0;0
Hong Kong;HKG;1995;0;0;0;0
Hong Kong;HKG;1996;0;0;0;0
Hong Kong;HKG;1997;0;0;0;0
Hong Kong;HKG;1998;0;0;0;0
Hong Kong;HKG;1999;0;0;0;0
Hong Kong;HKG;2000;0;0;0;0
Hong Kong;HKG;2001;0;0;0;0
Hong Kong;HKG;2002;0;0;0;0
Hong Kong;HKG;2003;0;0;0;0
Hong Kong;HKG;2004;0;0;0;0
Hong Kong;HKG;2005;0;0;0;0
Hong Kong;HKG;2006;0;0;0;0
Hong Kong;HKG;2007;0;0;0;0
Hong Kong;HKG;2008;0;0;0;0
Hong Kong;HKG;2009;0;0;0;0
Hong Kong;HKG;2010;0;0;0;0
Hong Kong;HKG;2011;0;0;0;0
Hong Kong;HKG;2012;0;0;0;0
Hong Kong;HKG;2013;0;0;0;0
Hong Kong;HKG;2014;0;0;0;0
Hong Kong;HKG;2015;0;0;0;0
Hong Kong;HKG;2016;0;0;0;0
Hong Kong;HKG;2017;0;0;0.01;0
Hong Kong;HKG;2018;0;0;0.01;0
Hong Kong;HKG;2019;0;0;0.02;0
Hong Kong;HKG;2020;0;0;0.02;0
Hong Kong;HKG;2021;0;0;0.02;0
Hungary;HUN;1965;0;0.075;0;0
Hungary;HUN;1966;0;0.1;0;0
Hungary;HUN;1967;0;0.082;0;0
Hungary;HUN;1968;0;0.089;0;0
Hungary;HUN;1969;0;0.095;0;0
Hungary;HUN;1970;0;0.088;0;0
Hungary;HUN;1971;0;0.096;0;0
Hungary;HUN;1972;0;0.11;0;0
Hungary;HUN;1973;0;0.101;0;0
Hungary;HUN;1974;0;0.081;0;0
Hungary;HUN;1975;0;0.163;0;0
Hungary;HUN;1976;0;0.165;0;0
Hungary;HUN;1977;0;0.149;0;0
Hungary;HUN;1978;0;0.138;0;0
Hungary;HUN;1979;0;0.146;0;0
Hungary;HUN;1980;0;0.112;0;0
Hungary;HUN;1981;0;0.168;0;0
Hungary;HUN;1982;0;0.159;0;0
Hungary;HUN;1983;0;0.155;0;0
Hungary;HUN;1984;0;0.181;0;0
Hungary;HUN;1985;0;0.155;0;0
Hungary;HUN;1986;0;0.154;0;0
Hungary;HUN;1987;0;0.169;0;0
Hungary;HUN;1988;0;0.169;0;0
Hungary;HUN;1989;0;0.158;0;0
Hungary;HUN;1990;0;0.18;0;0.02
Hungary;HUN;1991;0;0.19;0;0.02
Hungary;HUN;1992;0;0.16;0;0.05
Hungary;HUN;1993;0;0.17;0;0.04
Hungary;HUN;1994;0;0.16;0;0.05
Hungary;HUN;1995;0;0.16;0;0.06
Hungary;HUN;1996;0;0.21;0;0.05
Hungary;HUN;1997;0;0.22;0;0.05
Hungary;HUN;1998;0;0.16;0;0.06
Hungary;HUN;1999;0;0.18;0;0.06
Hungary;HUN;2000;0;0.18;0;0.06
Hungary;HUN;2001;0;0.19;0;0.07
Hungary;HUN;2002;0;0.19;0;0.04
Hungary;HUN;2003;0;0.17;0;0.16
Hungary;HUN;2004;0.01;0.2;0;0.73
Hungary;HUN;2005;0.01;0.2;0;1.66
Hungary;HUN;2006;0.04;0.19;0;1.26
Hungary;HUN;2007;0.11;0.21;0;1.56
Hungary;HUN;2008;0.2;0.21;0;1.94
Hungary;HUN;2009;0.33;0.23;0;2.33
Hungary;HUN;2010;0.53;0.19;0;2.3
Hungary;HUN;2011;0.63;0.22;0;1.86
Hungary;HUN;2012;0.77;0.21;0.01;1.65
Hungary;HUN;2013;0.72;0.21;0.02;1.83
Hungary;HUN;2014;0.66;0.3;0.07;2.13
Hungary;HUN;2015;0.69;0.23;0.14;2.16
Hungary;HUN;2016;0.68;0.26;0.24;2.07
Hungary;HUN;2017;0.76;0.22;0.35;2.15
Hungary;HUN;2018;0.61;0.22;0.63;2.31
Hungary;HUN;2019;0.73;0.22;1.5;2.25
Hungary;HUN;2020;0.65;0.24;2.46;2.17
Hungary;HUN;2021;0.66;0.21;3.8;2.24
Hungary;HUN;2022;0.61;0.19;4.47;2.26
Iceland;ISL;1965;0;0.6407;0;0
Iceland;ISL;1966;0;0.6239;0;0
Iceland;ISL;1967;0;0.6645;0;0
Iceland;ISL;1968;0;0.6869;0;0
Iceland;ISL;1969;0;0.8601;0;0.001904
Iceland;ISL;1970;0;14.129;0;0.012091
Iceland;ISL;1971;0;15.396;0;0.012033
Iceland;ISL;1972;0;17.026;0;0.021664
Iceland;ISL;1973;0;2.181;0;0.0242
Iceland;ISL;1974;0;22.582;0;0.005751
Iceland;ISL;1975;0;22.056;0;0.018347
Iceland;ISL;1976;0;23.495;0;0.019012
Iceland;ISL;1977;0;25.197;0;0.016126
Iceland;ISL;1978;0;2.605;0;0.018285
Iceland;ISL;1979;0;28.191;0;0.04563
Iceland;ISL;1980;0;30.532;0;0.044672
Iceland;ISL;1981;0;30.845;0;0.123133
Iceland;ISL;1982;0;34.071;0;0.158968
Iceland;ISL;1983;0;35.879;0;0.171714
Iceland;ISL;1984;0;37.379;0;0.173233
Iceland;ISL;1985;0;36.629;0;0.171233
Iceland;ISL;1986;0;38.418;0;0.212339
Iceland;ISL;1987;0;3.914;0;0.234136
Iceland;ISL;1988;0;4.164;0;0.245608
Iceland;ISL;1989;0;42.132;0;0.257508
Iceland;ISL;1990;0;4.2;0;0.3
Iceland;ISL;1991;0;4.2;0;0.28
Iceland;ISL;1992;0;4.31;0;0.23
Iceland;ISL;1993;0;4.47;0;0.26
Iceland;ISL;1994;0;4.51;0;0.26
Iceland;ISL;1995;0;4.68;0;0.29
Iceland;ISL;1996;0;4.77;0;0.35
Iceland;ISL;1997;0;5.21;0;0.38
Iceland;ISL;1998;0;5.62;0;0.65
Iceland;ISL;1999;0;6.05;0;1.14
Iceland;ISL;2000;0;6.36;0;1.32
Iceland;ISL;2001;0;6.58;0;1.45
Iceland;ISL;2002;0;6.98;0;1.43
Iceland;ISL;2003;0;7.09;0;1.41
Iceland;ISL;2004;0;7.13;0;1.48
Iceland;ISL;2005;0;7.02;0;1.66
Iceland;ISL;2006;0;7.29;0;2.63
Iceland;ISL;2007;0;8.39;0;3.58
Iceland;ISL;2008;0;12.43;0;4.04
Iceland;ISL;2009;0;12.28;0;4.55
Iceland;ISL;2010;0;12.59;0;4.47
Iceland;ISL;2011;0;12.51;0;4.7
Iceland;ISL;2012;0;12.34;0;5.21
Iceland;ISL;2013;0;12.86;0;5.25
Iceland;ISL;2014;0.01;12.87;0;5.24
Iceland;ISL;2015;0.01;13.78;0;5
Iceland;ISL;2016;0.01;13.47;0;5.07
Iceland;ISL;2017;0.01;14.06;0;5.17
Iceland;ISL;2018;0;13.81;0;6.01
Iceland;ISL;2019;0.01;13.46;0;6.02
Iceland;ISL;2020;0.01;13.16;0;5.96
Iceland;ISL;2021;0.006083361;13.824.003;0;5.787.858
India;IND;1965;0;19.166.937;0;0
India;IND;1966;0;20.015.463;0;0
India;IND;1967;0;2.239.752;0;0
India;IND;1968;0;25.849.072;0;0
India;IND;1969;0;28.699.583;0;0
India;IND;1970;0;30.436.407;0;0
India;IND;1971;0;33.384.148;0;0
India;IND;1972;0;3.240.304;0;0
India;IND;1973;0;34.506.676;0;0
India;IND;1974;0;33.202.953;0;0
India;IND;1975;0;39.668.533;0;0
India;IND;1976;0;41.498.165;0;0
India;IND;1977;0;45.276.752;0;0
India;IND;1978;0;5.617.499;0;0
India;IND;1979;0;54.168.587;0;0
India;IND;1980;0;55.441.372;0;0
India;IND;1981;0;5.908.296;0;0
India;IND;1982;0;49.859.673;0;0
India;IND;1983;0;48.043.297;0;0
India;IND;1984;0;53.682.453;0;0
India;IND;1985;0;51.813.046;0;0
India;IND;1986;0;52.568.764;0;0
India;IND;1987;0;48.962.532;0;0
India;IND;1988;0;54.614.944;0;0
India;IND;1989;0;63.369.778;0;0
India;IND;1990;0.03030303;66.397.064;0;0.037586335
India;IND;1991;0.11291;73.918.884;0;0.09507132
India;IND;1992;0.08847;70.060.745;0;0.11939189
India;IND;1993;0.09477;707.325;0;0.25204954
India;IND;1994;0.19128;8.021.211;0;0.3802853
India;IND;1995;0.49647;75.920.876;0.001010101;0.56379503
India;IND;1996;0.87838;6.905.754;0.006060606;0.75614864
India;IND;1997;0.988;70.211.006;0.006060606;0.9816667
India;IND;1998;1.079;8.363.273;0.006060606;12.925.278
India;IND;1999;1.446;8.224.945;0.006060606;16.860.788
India;IND;2000;1.58;76.99;0.01;16.860.788
India;IND;2001;2.09;72.02;0.01;206.915
India;IND;2002;2.09;68.54;0.01;21.399.007
India;IND;2003;2.6;69.3;0.02;27.125.397
India;IND;2004;5.23;100.64;0.02;33.143.632
India;IND;2005;5.99;97.42;0.02;4.035.136
India;IND;2006;9.34;112.62;0.01;5.587
India;IND;2007;11.68;122.61;0.06;7.403
India;IND;2008;14.38;115.17;0.06;9.302
India;IND;2009;16.27;106.34;0.08;11.642
India;IND;2010;19.46;108.74;0.11;14.295
India;IND;2011;23.95;131.7;0.83;17.137
India;IND;2012;27.43;115.78;2.1;19.936
India;IND;2013;30.01;131.98;3.43;22.478
India;IND;2014;33.45;139;4.91;24.676
India;IND;2015;32.74;133.28;6.57;30.617.342
India;IND;2016;43.45;128.38;11.56;24.816.965
India;IND;2017;52.63;135.82;21.54;24.908.186
India;IND;2018;60.31;139.75;36.33;2.722.409
India;IND;2019;63.31;162.07;46.27;31.511.576
India;IND;2020;60.43;163.71;58.68;3.293.788
India;IND;2021;68.09;160.33;68.31;35.473.618
Indonesia;IDN;1965;0;18.252.122;0;0
Indonesia;IDN;1966;0;23.732.178;0;0
Indonesia;IDN;1967;0;26.648.982;0;0
Indonesia;IDN;1968;0;3.292.453;0;0
Indonesia;IDN;1969;0;34.427.125;0;0
Indonesia;IDN;1970;0;41.851.716;0;0
Indonesia;IDN;1971;0;13.788.528;0;0
Indonesia;IDN;1972;0;12.330.126;0;0
Indonesia;IDN;1973;0;15.556.288;0;0
Indonesia;IDN;1974;0;1.723.566;0;0
Indonesia;IDN;1975;0;18.075.346;0;0
Indonesia;IDN;1976;0;1.060.656;0;0
Indonesia;IDN;1977;0;17.633.406;0;0
Indonesia;IDN;1978;0;1.259.529;0;0
Indonesia;IDN;1979;0;14.009.498;0;0
Indonesia;IDN;1980;0;12.683.678;0;0
Indonesia;IDN;1981;0;12.639.484;0;0
Indonesia;IDN;1982;0;13.788.528;0;0
Indonesia;IDN;1983;0;20.726.986;0;0
Indonesia;IDN;1984;0;22.627.327;0;0
Indonesia;IDN;1985;0;27.665.443;0;0
Indonesia;IDN;1986;0;44.547.553;0;0
Indonesia;IDN;1987;0;45.829.177;0;0
Indonesia;IDN;1988;0;50.336.967;0;0
Indonesia;IDN;1989;0;62.799.673;0;0
Indonesia;IDN;1990;0;649.244;0;112.742
Indonesia;IDN;1991;0;740.917;0;105.146
Indonesia;IDN;1992;0;964.548;0;108.574
Indonesia;IDN;1993;0;889.108;0;109.197
Indonesia;IDN;1994;0;798.294;0;160.391
Indonesia;IDN;1995;0;829.314;0;221.253
Indonesia;IDN;1996;0;882.437;0;234.287
Indonesia;IDN;1997;0;586.562;0;272.838
Indonesia;IDN;1998;0;103.635;0;32.865
Indonesia;IDN;1999;0;1.037.978;0;394.073
Indonesia;IDN;2000;0;10.02;0;9.58
Indonesia;IDN;2001;0;11.65;0;10.54
Indonesia;IDN;2002;0;9.93;0;11.07
Indonesia;IDN;2003;0;9.1;0;10.72
Indonesia;IDN;2004;0;9.67;0;11.3
Indonesia;IDN;2005;0;10.73;0;11.93
Indonesia;IDN;2006;0;9.62;0;11.559.999
Indonesia;IDN;2007;0;11.29;0;13
Indonesia;IDN;2008;0;11.53;0;14.81
Indonesia;IDN;2009;0;11.38;0;15.41
Indonesia;IDN;2010;0;17.46;0;17.17
Indonesia;IDN;2011;0;12.42;0;18.04
Indonesia;IDN;2012;0;12.8;0;18.31
Indonesia;IDN;2013;0;16.92;0.01;18.57
Indonesia;IDN;2014;0;15.16;0.01;19.240.002
Indonesia;IDN;2015;0;13.74;0.01;19.810.001
Indonesia;IDN;2016;0.01;18.68;0.02;20.869.999
Indonesia;IDN;2017;0;18.63;0.03;24.51
Indonesia;IDN;2018;0.19;21.64;0.09;26.46
Indonesia;IDN;2019;0.48;21.16;0.12;26.279.999
Indonesia;IDN;2020;0.47;24.33;0.17;27.939.999
Indonesia;IDN;2021;0.44;24.7;0.19;30.89
Iran;IRN;1965;0;17.191.466;0;0
Iran;IRN;1966;0;18.473.092;0;0
Iran;IRN;1967;0;198.873;0;0
Iran;IRN;1968;0;21.389.897;0;0
Iran;IRN;1969;0;23.025.074;0;0
Iran;IRN;1970;0;24.792.833;0;0
Iran;IRN;1971;0;26.648.982;0;0
Iran;IRN;1972;0;35.001.647;0;0
Iran;IRN;1973;0;29.654.174;0;0
Iran;IRN;1974;0;32.659.366;0;0
Iran;IRN;1975;0;34.294.543;0;0
Iran;IRN;1976;0;38.360.393;0;0
Iran;IRN;1977;0;39.642.017;0;0
Iran;IRN;1978;0;6.209.257;0;0
Iran;IRN;1979;0;5.382.829;0;0
Iran;IRN;1980;0;5.581.702;0;0
Iran;IRN;1981;0;60.943.527;0;0
Iran;IRN;1982;0;63.948.717;0;0
Iran;IRN;1983;0;625.787;0;0
Iran;IRN;1984;0;58.512.855;0;0
Iran;IRN;1985;0;5.899;0;0
Iran;IRN;1986;0;7.05;0;0
Iran;IRN;1987;0;7.816;0;0
Iran;IRN;1988;0;8.246;0;0
Iran;IRN;1989;0;6.732;0;0
Iran;IRN;1990;0;7.381;0;0
Iran;IRN;1991;0;5.607;0;0
Iran;IRN;1992;0;9.204;0;0
Iran;IRN;1993;0;10.533;0;0
Iran;IRN;1994;0;6.896;0;0
Iran;IRN;1995;0;8.323;0;0
Iran;IRN;1996;0;8.814;0;0
Iran;IRN;1997;0;5.941;0;0
Iran;IRN;1998;0;7.488;0;0
Iran;IRN;1999;0.035;5.143;0;0
Iran;IRN;2000;0.04;3.78;0;0
Iran;IRN;2001;0.03;4.12;0;0
Iran;IRN;2002;0.03;8.01;0;0
Iran;IRN;2003;0.03;9.59;0;0
Iran;IRN;2004;0.05;11.93;0;0
Iran;IRN;2005;0.07;14.45;0;0
Iran;IRN;2006;0.13;18.51;0;0
Iran;IRN;2007;0.14;17.96;0;0
Iran;IRN;2008;0.2;7.44;0;0
Iran;IRN;2009;0.23;6.72;0;0.0017
Iran;IRN;2010;0.17;10.25;0;0.0102
Iran;IRN;2011;0.21;10.68;0;0.022
Iran;IRN;2012;0.28;12.5;0;0.0226
Iran;IRN;2013;0.22;14.62;0;0.0193
Iran;IRN;2014;0.2;14.5;0;0.0466
Iran;IRN;2015;0.14;13.25;0;0.0163
Iran;IRN;2016;0.16;15.42;0;0.0218
Iran;IRN;2017;0.32;17.23;0.09;0.02444
Iran;IRN;2018;0.75;9.84;0.22;0.02444
Iran;IRN;2019;0.72;33.87;0.51;0.010686
Iran;IRN;2020;1.13;23.2;0.64;0.010715277
Iran;IRN;2021;1.13;14.88;0.67;0.010686
Iraq;IRQ;1965;0;0.0707104;0;0
Iraq;IRQ;1966;0;0.0928074;0;0
Iraq;IRQ;1967;0;0.1060656;0;0
Iraq;IRQ;1968;0;0.1281626;0;0
Iraq;IRQ;1969;0;0.1414208;0;0
Iraq;IRQ;1970;0;0.1723566;0;0
Iraq;IRQ;1971;0;0.2;0;0
Iraq;IRQ;1972;0;0.2;0;0
Iraq;IRQ;1973;0;0.29;0;0
Iraq;IRQ;1974;0;0.4;0;0
Iraq;IRQ;1975;0;0.461;0;0
Iraq;IRQ;1976;0;0.459;0;0
Iraq;IRQ;1977;0;0.566;0;0
Iraq;IRQ;1978;0;0.708;0;0
Iraq;IRQ;1979;0;1.032;0;0
Iraq;IRQ;1980;0;0.69;0;0
Iraq;IRQ;1981;0;0.61;0;0
Iraq;IRQ;1982;0;0.6;0;0
Iraq;IRQ;1983;0;0.6;0;0
Iraq;IRQ;1984;0;0.61;0;0
Iraq;IRQ;1985;0;0.61;0;0
Iraq;IRQ;1986;0;0.6;0;0
Iraq;IRQ;1987;0;2.6;0;0
Iraq;IRQ;1988;0;2.6;0;0
Iraq;IRQ;1989;0;2.6;0;0
Iraq;IRQ;1990;0;4.650.264;0;0
Iraq;IRQ;1991;0;2.145.184;0;0
Iraq;IRQ;1992;0;5.219.066;0;0
Iraq;IRQ;1993;0;6.161.732;0;0
Iraq;IRQ;1994;0;6.247.761;0;0
Iraq;IRQ;1995;0;7.119.707;0;0
Iraq;IRQ;1996;0;6.489.375;0;0
Iraq;IRQ;1997;0;6.608.055;0;0
Iraq;IRQ;1998;0;619.756;0;0
Iraq;IRQ;1999;0;355.905;0;0
Iraq;IRQ;2000;0;0.61;0;0
Iraq;IRQ;2001;0;0.61;0;0
Iraq;IRQ;2002;0;0.51;0;0
Iraq;IRQ;2003;0;0.43;0;0
Iraq;IRQ;2004;0;0.49;0;0
Iraq;IRQ;2005;0;5.94;0;0
Iraq;IRQ;2006;0;6.04;0;0
Iraq;IRQ;2007;0;5.68;0;0
Iraq;IRQ;2008;0;3.45;0;0
Iraq;IRQ;2009;0;3.19;0;0
Iraq;IRQ;2010;0;4.72;0;0
Iraq;IRQ;2011;0;3.36;0;0
Iraq;IRQ;2012;0;4.35;0;0
Iraq;IRQ;2013;0;4.71;0.05;0
Iraq;IRQ;2014;0;2.9;0.06;0
Iraq;IRQ;2015;0;2.52;0.06;0
Iraq;IRQ;2016;0;3.34;0.06;0
Iraq;IRQ;2017;0;2.15;0.06;0
Iraq;IRQ;2018;0;1.8;0.38;0
Iraq;IRQ;2019;0;4.96;0.38;0
Iraq;IRQ;2020;0;4.92;0.38;0
Iraq;IRQ;2021;0;4.9;0.38;0
Ireland;IRL;1965;0;0.94203;0;0
Ireland;IRL;1966;0;0.84899;0;0
Ireland;IRL;1967;0;0.80247;0;0
Ireland;IRL;1968;0;0.76758;0;0
Ireland;IRL;1969;0;0.5815;0;0
Ireland;IRL;1970;0;0.80247;0;0
Ireland;IRL;1971;0;0.4652;0;0
Ireland;IRL;1972;0;0.68617;0;0
Ireland;IRL;1973;0;0.63965;0;0
Ireland;IRL;1974;0;0.79084;0;0
Ireland;IRL;1975;0;0.52335;0;0
Ireland;IRL;1976;0;0.59313;0;0
Ireland;IRL;1977;0;0.74432;0;0
Ireland;IRL;1978;0;0.6978;0;0
Ireland;IRL;1979;0;0.82573;0;0
Ireland;IRL;1980;0;0.83736;0;0
Ireland;IRL;1981;0;0.86062;0;0
Ireland;IRL;1982;0;0.80247;0;0
Ireland;IRL;1983;0;0.77921;0;0
Ireland;IRL;1984;0;0.68617;0;0
Ireland;IRL;1985;0;0.83736;0;0
Ireland;IRL;1986;0;0.91877;0;0
Ireland;IRL;1987;0;0.68617;0;0
Ireland;IRL;1988;0;0.87225;0;0
Ireland;IRL;1989;0;0.6978;0;0
Ireland;IRL;1990;0;0.7;0;0
Ireland;IRL;1991;0;0.75;0;0
Ireland;IRL;1992;0;0.82;0;0
Ireland;IRL;1993;0.01;0.76;0;0
Ireland;IRL;1994;0.02;0.92;0;0
Ireland;IRL;1995;0.02;0.71;0;0
Ireland;IRL;1996;0.01;0.72;0;0.03
Ireland;IRL;1997;0.05;0.68;0;0.08
Ireland;IRL;1998;0.17;0.92;0;0.09
Ireland;IRL;1999;0.19;0.85;0;0.09
Ireland;IRL;2000;0.24;0.85;0;0.09
Ireland;IRL;2001;0.33;0.6;0;0.1
Ireland;IRL;2002;0.39;0.91;0;0.08
Ireland;IRL;2003;0.45;0.6;0;0.09
Ireland;IRL;2004;0.65;0.63;0;0.11
Ireland;IRL;2005;1.11;0.63;0;0.13
Ireland;IRL;2006;1.62;0.72;0;0.13
Ireland;IRL;2007;1.96;0.67;0;0.18
Ireland;IRL;2008;2.41;0.97;0;0.22
Ireland;IRL;2009;2.96;0.9;0;0.26
Ireland;IRL;2010;2.81;0.6;0;0.31
Ireland;IRL;2011;4.38;0.71;0;0.34
Ireland;IRL;2012;4.01;0.8;0;0.44
Ireland;IRL;2013;4.54;0.6;0;0.49
Ireland;IRL;2014;5.14;0.71;0;0.54
Ireland;IRL;2015;6.57;0.81;0;0.48
Ireland;IRL;2016;6.15;0.68;0.01;0.68
Ireland;IRL;2017;7.44;0.69;0.01;0.74
Ireland;IRL;2018;8.64;0.69;0.02;0.85
Ireland;IRL;2019;10.02;0.89;0.04;0.85
Ireland;IRL;2020;11.55;0.93;0.06;0.92
Ireland;IRL;2021;9.78;0.75;0.09;1
Ireland;IRL;2022;11.5;0.72;0.09;1.08
Israel;ISR;1965;0;0;0;0
Israel;ISR;1966;0;0;0;0
Israel;ISR;1967;0;0;0;0
Israel;ISR;1968;0;0;0;0
Israel;ISR;1969;0;0;0;0
Israel;ISR;1970;0;0;0;0
Israel;ISR;1971;0;0;0;0
Israel;ISR;1972;0;0;0;0
Israel;ISR;1973;0;0;0;0
Israel;ISR;1974;0;0;0;0
Israel;ISR;1975;0;0;0;0
Israel;ISR;1976;0;0;0;0
Israel;ISR;1977;0;0;0;0
Israel;ISR;1978;0;0;0;0
Israel;ISR;1979;0;0;0;0
Israel;ISR;1980;0;0;0;0
Israel;ISR;1981;0;0.002;0;0
Israel;ISR;1982;0;0.002;0;0
Israel;ISR;1983;0;0.001;0;0
Israel;ISR;1984;0;0.002;0;0
Israel;ISR;1985;0;0.002;0;0
Israel;ISR;1986;0;0.006;0;0
Israel;ISR;1987;0;0.01;0;0
Israel;ISR;1988;0;0.01;0;0
Israel;ISR;1989;0;0.003;0;0
Israel;ISR;1990;0;0.003;0;0
Israel;ISR;1991;0;0.006;0;0
Israel;ISR;1992;0;0.029;0;0
Israel;ISR;1993;0;0.026;0;0
Israel;ISR;1994;0;0.023;0;0
Israel;ISR;1995;0;0.025;0;0
Israel;ISR;1996;0;0.024;0;0
Israel;ISR;1997;0;0.025;0;0
Israel;ISR;1998;0;0.025;0;0
Israel;ISR;1999;0;0.033;0;0
Israel;ISR;2000;0;0.03;0;0
Israel;ISR;2001;0.01;0.01;0;0
Israel;ISR;2002;0.01;0.02;0;0
Israel;ISR;2003;0.01;0.03;0;0
Israel;ISR;2004;0.01;0.03;0;0
Israel;ISR;2005;0.01;0.03;0;0
Israel;ISR;2006;0.01;0.01;0;0
Israel;ISR;2007;0.01;0.01;0;0.01
Israel;ISR;2008;0.01;0.02;0;0.01
Israel;ISR;2009;0.01;0.02;0.02;0.02
Israel;ISR;2010;0.01;0.03;0.07;0.03
Israel;ISR;2011;0.01;0.03;0.19;0.03
Israel;ISR;2012;0.01;0.03;0.37;0.03
Israel;ISR;2013;0.01;0.03;0.49;0.05
Israel;ISR;2014;0.01;0.01;0.88;0.06
Israel;ISR;2015;0.01;0.02;1.12;0.1
Israel;ISR;2016;0.05;0;1.54;0.1
Israel;ISR;2017;0.18;0;1.51;0.1
Israel;ISR;2018;0.18;0;1.57;0.1
Israel;ISR;2019;0.19;0;2.61;0.1
Israel;ISR;2020;0.2;0.02;3.53;0.11
Israel;ISR;2021;0.19;0.02;4.64;0.11
Italy;ITA;1965;0;42.634;0;2.676
Italy;ITA;1966;0;43.72;0;3.351
Italy;ITA;1967;0;42.34;0;3.475
Italy;ITA;1968;0;42.677;0;3.617
Italy;ITA;1969;0;41.166;0;3.812
Italy;ITA;1970;0;40.373;0;4.228
Italy;ITA;1971;0;39.079;0;4.209
Italy;ITA;1972;0;41.348;0;3.807
Italy;ITA;1973;0;37.523;0;3.845
Italy;ITA;1974;0;37.795;0;4.245
Italy;ITA;1975;0;41.021;0;3.986
Italy;ITA;1976;0;39.176;0;3.812
Italy;ITA;1977;0;51.139;0;3.73
Italy;ITA;1978;0;45.491;0;3.811
Italy;ITA;1979;0;45.947;0;3.825
Italy;ITA;1980;0;45.244;0;3.96
Italy;ITA;1981;0;43.034;0;3.469
Italy;ITA;1982;0;41.461;0;3.521
Italy;ITA;1983;0;41.445;0;3.393
Italy;ITA;1984;0;42.401;0;3.472
Italy;ITA;1985;0;41.092;0;3.212
Italy;ITA;1986;0;41.096;0;3.501
Italy;ITA;1987;0;39.505;0;3.693
Italy;ITA;1988;0;40.676;0;3.787
Italy;ITA;1989;0.002;34.057;0.002020202;3.197
Italy;ITA;1990;0;31.63;0;3.27
Italy;ITA;1991;0;42.24;0;3.29
Italy;ITA;1992;0;42.2;0.01;3.56
Italy;ITA;1993;0;41.42;0.01;3.79
Italy;ITA;1994;0.01;44.66;0.01;35.700.002
Italy;ITA;1995;0.01;37.78;0.01;3.66
Italy;ITA;1996;0.03;42.04;0.01;4.14
Italy;ITA;1997;0.12;41.6;0.01;4.46
Italy;ITA;1998;0.23;41.22;0.02;5.01
Italy;ITA;1999;0.4;45.37;0.02;5.53
Italy;ITA;2000;0.56;44.2;0.02;60.899.997
Italy;ITA;2001;1.18;46.81;0.02;6.34
Italy;ITA;2002;1.4;39.52;0.02;7.37
Italy;ITA;2003;1.46;36.67;0.02;8.71
Italy;ITA;2004;1.85;42.34;0.03;9.66
Italy;ITA;2005;2.34;36.07;0.03;9.99
Italy;ITA;2006;2.97;36.99;0.04;10.64
Italy;ITA;2007;4.03;32.82;0.04;10.83
Italy;ITA;2008;4.86;41.62;0.19;11.49
Italy;ITA;2009;6.54;49.14;0.68;12.9
Italy;ITA;2010;9.13;51.12;1.91;14.82
Italy;ITA;2011;9.86;45.82;10.8;16.48
Italy;ITA;2012;13.41;41.87;18.86;18.08
Italy;ITA;2013;14.9;52.77;21.59;22.74
Italy;ITA;2014;15.18;58.55;22.31;24.64
Italy;ITA;2015;14.84;45.54;22.94;25.57
Italy;ITA;2016;17.69;42.43;22.1;25.79
Italy;ITA;2017;17.74;36.2;24.38;25.57
Italy;ITA;2018;17.72;48.79;22.65;25.25
Italy;ITA;2019;20.2;46.32;23.69;25.619.999
Italy;ITA;2020;18.76;47.55;24.94;25.650.002
Italy;ITA;2021;20.93;45.39;25.04;24.97
Italy;ITA;2022;19.91;29.94;27.73;24.029.999
Jamaica;JAM;2000;0;0.11;0;0.29
Jamaica;JAM;2001;0;0.06;0;0.29
Jamaica;JAM;2002;0;0.09;0;0.3
Jamaica;JAM;2003;0;0.12;0;0.31
Jamaica;JAM;2004;0.03;0.13;0;0.31
Jamaica;JAM;2005;0.05;0.15;0;0.32
Jamaica;JAM;2006;0.05;0.16;0;0.32
Jamaica;JAM;2007;0.05;0.16;0;0.25
Jamaica;JAM;2008;0.05;0.16;0;0.18
Jamaica;JAM;2009;0.06;0.14;0;0.18
Jamaica;JAM;2010;0.05;0.15;0;0.18
Jamaica;JAM;2011;0.09;0.15;0;0.18
Jamaica;JAM;2012;0.11;0.15;0;0.17
Jamaica;JAM;2013;0.12;0.12;0;0.16
Jamaica;JAM;2014;0.12;0.14;0.01;0.16
Jamaica;JAM;2015;0.13;0.13;0.01;0.16
Jamaica;JAM;2016;0.21;0.12;0.01;0.16
Jamaica;JAM;2017;0.25;0.15;0.04;0.16
Jamaica;JAM;2018;0.3;0.18;0.05;0.16
Jamaica;JAM;2019;0.27;0.16;0.09;0.13
Jamaica;JAM;2020;0.28;0.14;0.12;0.11
Jamaica;JAM;2021;0.3;0.14;0.15;0.12
Japan;JPN;1965;0;76.07;0;0
Japan;JPN;1966;0;79.35;0;0
Japan;JPN;1967;0;68.55;0;0
Japan;JPN;1968;0;73.45;0;0
Japan;JPN;1969;0;75.35;0;0
Japan;JPN;1970;0;75.4;0;0.242704
Japan;JPN;1971;0;84.2;0;0.235611
Japan;JPN;1972;0;85.1;0;0.248591
Japan;JPN;1973;0;66.778;0;0.253998
Japan;JPN;1974;0;82.68;0;0.307547
Japan;JPN;1975;0;83.406;0;0.378507
Japan;JPN;1976;0;83.59;0;0.367553
Japan;JPN;1977;0;72.968;0;0.533774
Japan;JPN;1978;0;70.047;0;0.827644
Japan;JPN;1979;0;80.743;0;1.099.732
Japan;JPN;1980;0;88.292;0;109.144
Japan;JPN;1981;0;87.594;0;1.136.527
Japan;JPN;1982;0;81.606;0;9.870.767
Japan;JPN;1983;0;84.273;0;11.030.233
Japan;JPN;1984;0;71.617;0;12.119.023
Japan;JPN;1985;0;82.874;0;12.699.479
Japan;JPN;1986;0;80.816;0;13.803.359
Japan;JPN;1987;0;74.787;0;14.792.468
Japan;JPN;1988;0;90.291;0;15.986.553
Japan;JPN;1989;0;91.741;0;1.704.698
Japan;JPN;1990;0;86.895;0.001;11.340.126
Japan;JPN;1991;0;94.416;0.001;11.650.857
Japan;JPN;1992;0;80.046;0.0105;11.850.117
Japan;JPN;1993;0.000959596;92.58;0.0225;11.559.372
Japan;JPN;1994;0.000959596;64.462;0.029;13.472.534
Japan;JPN;1995;0.000959596;78.793;0.0395;14.295.146
Japan;JPN;1996;0.001919192;77.173;0.0545;15.247.687
Japan;JPN;1997;0.000959596;86.44;0.096302845;16.437.628
Japan;JPN;1998;0.007070707;89.079;0.14324625;16.172.628
Japan;JPN;1999;0.036363635;83.792;0.218025;1.648.681
Japan;JPN;2000;0.11;86.38;0.35;17.32
Japan;JPN;2001;0.25;83.32;0.47;17.32
Japan;JPN;2002;0.41;81.55;0.67;18.470.001
Japan;JPN;2003;0.83;93.66;0.9;18.79
Japan;JPN;2004;1.3;93.12;1.19;19.119.999
Japan;JPN;2005;1.75;75.71;1.49;21.619.999
Japan;JPN;2006;2.17;86.65;1.79;21.46
Japan;JPN;2007;2.61;73.27;2.02;22.900.002
Japan;JPN;2008;2.94;75.68;2.25;19.92
Japan;JPN;2009;3.61;76.13;2.76;19.779.999
Japan;JPN;2010;4.02;83.43;3.54;22.93
Japan;JPN;2011;4.68;84.55;4.84;22.43
Japan;JPN;2012;4.84;76.18;6.61;23.46
Japan;JPN;2013;5.19;79.04;12.88;24.369.999
Japan;JPN;2014;5.22;83.16;22.95;25.2
Japan;JPN;2015;5.58;86.75;34.8;30.21
Japan;JPN;2016;6.17;79.14;45.76;26.630.001
Japan;JPN;2017;6.49;83.42;55.07;30.140.001
Japan;JPN;2018;7.18;80.63;62.67;33.15
Japan;JPN;2019;7.58;79.82;69.38;35.94
Japan;JPN;2020;8.48;78.81;79.09;39.22
Japan;JPN;2021;8.96;79.14;88.7;39.93
Jordan;JOR;2000;0;0.04;0;0.01
Jordan;JOR;2001;0;0.04;0;0.01
Jordan;JOR;2002;0;0.05;0;0.01
Jordan;JOR;2003;0;0.04;0;0.01
Jordan;JOR;2004;0;0.05;0;0.01
Jordan;JOR;2005;0;0.06;0;0.01
Jordan;JOR;2006;0;0.05;0;0.02
Jordan;JOR;2007;0;0.06;0;0.02
Jordan;JOR;2008;0;0.06;0;0.02
Jordan;JOR;2009;0;0.06;0;0.02
Jordan;JOR;2010;0;0.06;0;0.02
Jordan;JOR;2011;0;0.05;0;0.02
Jordan;JOR;2012;0;0.06;0;0.02
Jordan;JOR;2013;0;0.05;0;0.02
Jordan;JOR;2014;0;0.06;0;0.02
Jordan;JOR;2015;0.12;0.05;0.05;0.07
Jordan;JOR;2016;0.39;0.04;0.43;0.07
Jordan;JOR;2017;0.45;0.04;0.91;0.07
Jordan;JOR;2018;0.71;0.02;1.43;0.06
Jordan;JOR;2019;0.88;0.02;2.06;0.06
Jordan;JOR;2020;1.38;0.02;2.87;0.05
Jordan;JOR;2021;1.57;0.02;3.5;0.06
Kazakhstan;KAZ;1990;0;7.366;0;0
Kazakhstan;KAZ;1991;0;7.2;0;0
Kazakhstan;KAZ;1992;0;6.866;0;0
Kazakhstan;KAZ;1993;0;7.629;0;0
Kazakhstan;KAZ;1994;0;9.179;0;0
Kazakhstan;KAZ;1995;0;8.331;0;0
Kazakhstan;KAZ;1996;0;7.331;0;0
Kazakhstan;KAZ;1997;0;6.499;0;0
Kazakhstan;KAZ;1998;0;6.141;0;0
Kazakhstan;KAZ;1999;0;6.132;0;0
Kazakhstan;KAZ;2000;0;7.53;0;0
Kazakhstan;KAZ;2001;0;8.08;0;0
Kazakhstan;KAZ;2002;0;8.89;0;0
Kazakhstan;KAZ;2003;0;8.62;0;0
Kazakhstan;KAZ;2004;0;8.06;0;0
Kazakhstan;KAZ;2005;0;7.86;0;0
Kazakhstan;KAZ;2006;0;7.77;0;0
Kazakhstan;KAZ;2007;0;8.17;0;0
Kazakhstan;KAZ;2008;0;7.46;0;0
Kazakhstan;KAZ;2009;0;6.88;0;0
Kazakhstan;KAZ;2010;0;8.02;0;0
Kazakhstan;KAZ;2011;0;7.88;0;0
Kazakhstan;KAZ;2012;0;7.64;0;0
Kazakhstan;KAZ;2013;0;7.73;0;0
Kazakhstan;KAZ;2014;0.01;8.26;0;0
Kazakhstan;KAZ;2015;0.13;9.27;0.05;0.000476
Kazakhstan;KAZ;2016;0.27;11.62;0.09;0.00186
Kazakhstan;KAZ;2017;0.34;11.21;0.09;0.0021442
Kazakhstan;KAZ;2018;0.39;10.38;0.14;0.0024284
Kazakhstan;KAZ;2019;0.71;9.99;0.39;0.0049671
Kazakhstan;KAZ;2020;1.14;9.8;2.57;0.0065268
Kazakhstan;KAZ;2021;1.8;9.44;2.96;0.004567772
Kazakhstan;KAZ;1985;;52.104.726;;
Kazakhstan;KAZ;1986;;47.817.907;;
Kazakhstan;KAZ;1987;;57.319.617;;
Kazakhstan;KAZ;1988;;6.991.491;;
Kazakhstan;KAZ;1989;;729.201;;
Kenya;KEN;2000;0;1.31;0;0.70000005
Kenya;KEN;2001;0;2.38;0;0.68
Kenya;KEN;2002;0;3.09;0;0.53999996
Kenya;KEN;2003;0;3.23;0;0.87
Kenya;KEN;2004;0;2.84;0;1.14
Kenya;KEN;2005;0;3;0;1.15
Kenya;KEN;2006;0;3.24;0;1.22
Kenya;KEN;2007;0;3.45;0;1.18
Kenya;KEN;2008;0;2.82;0;13.499.999
Kenya;KEN;2009;0.01;2.15;0;15.500.001
Kenya;KEN;2010;0.02;3.39;0;1.74
Kenya;KEN;2011;0.02;3.42;0.01;1.78
Kenya;KEN;2012;0.01;4.26;0.01;1.82
Kenya;KEN;2013;0.01;3.91;0.03;2.21
Kenya;KEN;2014;0.02;3.28;0.05;3.38
Kenya;KEN;2015;0.06;3.75;0.05;4.63
Kenya;KEN;2016;0.06;3.31;0.06;4.84
Kenya;KEN;2017;0.06;3.17;0.07;5.13
Kenya;KEN;2018;0.38;3.99;0.09;5.33
Kenya;KEN;2019;1.56;3.21;0.09;53.799.996
Kenya;KEN;2020;1.33;4.23;0.09;5.17
Kenya;KEN;2021;1.51;4;0.1;5.24
Kiribati;KIR;2000;0;0;0;0
Kiribati;KIR;2001;0;0;0;0
Kiribati;KIR;2002;0;0;0;0
Kiribati;KIR;2003;0;0;0;0
Kiribati;KIR;2004;0;0;0;0
Kiribati;KIR;2005;0;0;0;0
Kiribati;KIR;2006;0;0;0;0
Kiribati;KIR;2007;0;0;0;0
Kiribati;KIR;2008;0;0;0;0
Kiribati;KIR;2009;0;0;0;0
Kiribati;KIR;2010;0;0;0;0
Kiribati;KIR;2011;0;0;0;0
Kiribati;KIR;2012;0;0;0;0
Kiribati;KIR;2013;0;0;0;0
Kiribati;KIR;2014;0;0;0;0
Kiribati;KIR;2015;0;0;0;0
Kiribati;KIR;2016;0;0;0;0
Kiribati;KIR;2017;0;0;0;0
Kiribati;KIR;2018;0;0;0;0
Kiribati;KIR;2019;0;0;0;0
Kiribati;KIR;2020;0;0;0;0
Kiribati;KIR;2021;0;0;0;0
Kosovo;OWID_KOS;2000;0;0.05;0;0
Kosovo;OWID_KOS;2001;0;0.05;0;0
Kosovo;OWID_KOS;2002;0;0.05;0;0
Kosovo;OWID_KOS;2003;0;0.05;0;0
Kosovo;OWID_KOS;2004;0;0.11;0;0
Kosovo;OWID_KOS;2005;0;0.11;0;0
Kosovo;OWID_KOS;2006;0;0.1;0;0
Kosovo;OWID_KOS;2007;0;0.09;0;0
Kosovo;OWID_KOS;2008;0;0.08;0;0
Kosovo;OWID_KOS;2009;0;0.12;0;0
Kosovo;OWID_KOS;2010;0;0.16;0;0
Kosovo;OWID_KOS;2011;0;0.1;0;0
Kosovo;OWID_KOS;2012;0;0.1;0;0
Kosovo;OWID_KOS;2013;0;0.14;0;0
Kosovo;OWID_KOS;2014;0;0.15;0;0
Kosovo;OWID_KOS;2015;0;0.14;0;0
Kosovo;OWID_KOS;2016;0;0.25;0;0
Kosovo;OWID_KOS;2017;0;0.18;0;0
Kosovo;OWID_KOS;2018;0.03;0.27;0;0
Kosovo;OWID_KOS;2019;0.09;0.21;0.01;0
Kosovo;OWID_KOS;2020;0.09;0.26;0.01;0
Kuwait;KWT;1965;0;0;0;0
Kuwait;KWT;1966;0;0;0;0
Kuwait;KWT;1967;0;0;0;0
Kuwait;KWT;1968;0;0;0;0
Kuwait;KWT;1969;0;0;0;0
Kuwait;KWT;1970;0;0;0;0
Kuwait;KWT;1971;0;0;0;0
Kuwait;KWT;1972;0;0;0;0
Kuwait;KWT;1973;0;0;0;0
Kuwait;KWT;1974;0;0;0;0
Kuwait;KWT;1975;0;0;0;0
Kuwait;KWT;1976;0;0;0;0
Kuwait;KWT;1977;0;0;0;0
Kuwait;KWT;1978;0;0;0;0
Kuwait;KWT;1979;0;0;0;0
Kuwait;KWT;1980;0;0;0;0
Kuwait;KWT;1981;0;0;0;0
Kuwait;KWT;1982;0;0;0;0
Kuwait;KWT;1983;0;0;0;0
Kuwait;KWT;1984;0;0;0;0
Kuwait;KWT;1985;0;0;0;0
Kuwait;KWT;1986;0;0;0;0
Kuwait;KWT;1987;0;0;0;0
Kuwait;KWT;1988;0;0;0;0
Kuwait;KWT;1989;0;0;0;0
Kuwait;KWT;1990;0;0;0;0
Kuwait;KWT;1991;0;0;0;0
Kuwait;KWT;1992;0;0;0;0
Kuwait;KWT;1993;0;0;0;0
Kuwait;KWT;1994;0;0;0;0
Kuwait;KWT;1995;0;0;0;0
Kuwait;KWT;1996;0;0;0;0
Kuwait;KWT;1997;0;0;0;0
Kuwait;KWT;1998;0;0;0;0
Kuwait;KWT;1999;0;0;0;0
Kuwait;KWT;2000;0;0;0;0
Kuwait;KWT;2001;0;0;0;0
Kuwait;KWT;2002;0;0;0;0
Kuwait;KWT;2003;0;0;0;0
Kuwait;KWT;2004;0;0;0;0
Kuwait;KWT;2005;0;0;0;0
Kuwait;KWT;2006;0;0;0;0
Kuwait;KWT;2007;0;0;0;0
Kuwait;KWT;2008;0;0;0;0
Kuwait;KWT;2009;0;0;0;0
Kuwait;KWT;2010;0;0;0;0
Kuwait;KWT;2011;0;0;0;0
Kuwait;KWT;2012;0;0;0;0
Kuwait;KWT;2013;0.01;0;0;0
Kuwait;KWT;2014;0.01;0;0;0
Kuwait;KWT;2015;0.01;0;0;0
Kuwait;KWT;2016;0.01;0;0.01;0
Kuwait;KWT;2017;0.03;0;0.01;0
Kuwait;KWT;2018;0.04;0;0.02;0
Kuwait;KWT;2019;0.04;0;0.02;0
Kuwait;KWT;2020;0.03;0;0.02;0
Kuwait;KWT;2021;0.03;0;0.02;0
Kyrgyzstan;KGZ;2000;0;13.55;0;0
Kyrgyzstan;KGZ;2001;0;12.31;0;0
Kyrgyzstan;KGZ;2002;0;10.68;0;0
Kyrgyzstan;KGZ;2003;0;13.38;0;0
Kyrgyzstan;KGZ;2004;0;13.95;0;0
Kyrgyzstan;KGZ;2005;0;12.66;0;0
Kyrgyzstan;KGZ;2006;0;12.35;0;0
Kyrgyzstan;KGZ;2007;0;12.61;0;0
Kyrgyzstan;KGZ;2008;0;10.02;0;0
Kyrgyzstan;KGZ;2009;0;10.11;0;0
Kyrgyzstan;KGZ;2010;0;11;0;0
Kyrgyzstan;KGZ;2011;0;14;0;0
Kyrgyzstan;KGZ;2012;0;14.04;0;0
Kyrgyzstan;KGZ;2013;0;13;0;0
Kyrgyzstan;KGZ;2014;0;13.16;0;0
Kyrgyzstan;KGZ;2015;0;10.99;0;0
Kyrgyzstan;KGZ;2016;0;11.38;0;0
Kyrgyzstan;KGZ;2017;0;14.06;0;0
Kyrgyzstan;KGZ;2018;0;14.17;0;0
Kyrgyzstan;KGZ;2019;0;13.71;0;0
Kyrgyzstan;KGZ;2020;0;14.8;0;0
Kyrgyzstan;KGZ;2021;0;13;0;0
Laos;LAO;2000;0;3.28;0;0
Laos;LAO;2001;0;3.3;0;0
Laos;LAO;2002;0;3.21;0;0
Laos;LAO;2003;0;2.83;0;0
Laos;LAO;2004;0;3;0;0
Laos;LAO;2005;0;3.51;0;0
Laos;LAO;2006;0;3.6;0;0
Laos;LAO;2007;0;3.37;0;0
Laos;LAO;2008;0;3.72;0;0
Laos;LAO;2009;0;3.37;0;0
Laos;LAO;2010;0;8.36;0;0
Laos;LAO;2011;0;12.84;0;0
Laos;LAO;2012;0;12.93;0;0
Laos;LAO;2013;0;15.35;0;0.01
Laos;LAO;2014;0;15.12;0;0.01
Laos;LAO;2015;0;13.9;0;0.07
Laos;LAO;2016;0;17.53;0;0.16
Laos;LAO;2017;0;20.1;0.01;0.21
Laos;LAO;2018;0;22.33;0.02;0.6
Laos;LAO;2019;0;19.74;0.04;0.57
Laos;LAO;2020;0;28.51;0.04;0.57
Laos;LAO;2021;0;28.51;0.04;0.61
Latin America and Caribbean (Ember);;2000;0.26;577.86;0.02;23.45
Latin America and Caribbean (Ember);;2001;0.32;539.04;0.02;24.609.999
Latin America and Caribbean (Ember);;2002;0.44;560.21;0.02;26
Latin America and Caribbean (Ember);;2003;0.52;578.41;0.02;29.64
Latin America and Caribbean (Ember);;2004;0.54;605.03;0.02;32.15
Latin America and Caribbean (Ember);;2005;0.54;641.31;0.02;38
Latin America and Caribbean (Ember);;2006;0.8;671.42;0.02;38.21
Latin America and Caribbean (Ember);;2007;1.35;689.21;0.02;44.25
Latin America and Caribbean (Ember);;2008;1.54;705.73;0.02;46.379.997
Latin America and Caribbean (Ember);;2009;2.63;710.14;0.02;49.530.003
Latin America and Caribbean (Ember);;2010;4.61;728.03;0.06;58.239.998
Latin America and Caribbean (Ember);;2011;5.89;769.94;0.12;59.329.998
Latin America and Caribbean (Ember);;2012;11.74;750.13;0.24;61.77
Latin America and Caribbean (Ember);;2013;14.74;731.69;0.58;68.56
Latin America and Caribbean (Ember);;2014;24.73;702.32;1.28;75.28
Latin America and Caribbean (Ember);;2015;39.57;694.54;3.07;79.840.004
Latin America and Caribbean (Ember);;2016;54.47;707.82;5.28;82.17
Latin America and Caribbean (Ember);;2017;65.35;724.92;8.56;82.56
Latin America and Caribbean (Ember);;2018;78.1;742.46;14.19;85.049.995
Latin America and Caribbean (Ember);;2019;94.5;712.58;25.65;85.149.994
Latin America and Caribbean (Ember);;2020;104;716.54;36.55;88.979.996
Latin America and Caribbean (Ember);;2021;125.55;689.28;50.55;90.5
Latvia;LVA;1990;0;4.5;0;0
Latvia;LVA;1991;0;3.28;0;0
Latvia;LVA;1992;0;2.52;0;0
Latvia;LVA;1993;0;2.88;0;0
Latvia;LVA;1994;0;3.31;0;0
Latvia;LVA;1995;0;2.94;0;0
Latvia;LVA;1996;0;1.86;0;0
Latvia;LVA;1997;0;2.95;0;0
Latvia;LVA;1998;0;4.32;0;0
Latvia;LVA;1999;0;2.76;0;0
Latvia;LVA;2000;0;2.82;0;0
Latvia;LVA;2001;0;2.83;0;0
Latvia;LVA;2002;0.01;2.46;0;0.01
Latvia;LVA;2003;0.05;2.27;0;0.02
Latvia;LVA;2004;0.05;3.11;0;0.04
Latvia;LVA;2005;0.05;3.33;0;0.04
Latvia;LVA;2006;0.05;2.7;0;0.04
Latvia;LVA;2007;0.05;2.73;0;0.04
Latvia;LVA;2008;0.06;3.11;0;0.04
Latvia;LVA;2009;0.05;3.46;0;0.05
Latvia;LVA;2010;0.05;3.52;0;0.07
Latvia;LVA;2011;0.07;2.89;0;0.12
Latvia;LVA;2012;0.11;3.71;0;0.29
Latvia;LVA;2013;0.12;2.91;0;0.5
Latvia;LVA;2014;0.14;1.99;0;0.67
Latvia;LVA;2015;0.15;1.86;0;0.77
Latvia;LVA;2016;0.13;2.53;0;0.82
Latvia;LVA;2017;0.15;4.38;0;0.93
Latvia;LVA;2018;0.12;2.43;0;0.94
Latvia;LVA;2019;0.15;2.11;0;0.93
Latvia;LVA;2020;0.18;2.6;0;0.86
Latvia;LVA;2021;0.14;2.71;0.01;0.86
Latvia;LVA;2022;0.19;2.77;0.01;0.68
Latvia;LVA;1985;;29.786.756;;
Latvia;LVA;1986;;30.007.727;;
Latvia;LVA;1987;;36.990.378;;
Latvia;LVA;1988;;30.007.727;;
Latvia;LVA;1989;;36.062.305;;
Lebanon;LBN;2000;0;0.44;0;0
Lebanon;LBN;2001;0;0.33;0;0
Lebanon;LBN;2002;0;0.67;0;0
Lebanon;LBN;2003;0;1.35;0;0
Lebanon;LBN;2004;0;1.11;0;0
Lebanon;LBN;2005;0;1.04;0;0
Lebanon;LBN;2006;0;0.69;0;0
Lebanon;LBN;2007;0;0.58;0;0
Lebanon;LBN;2008;0;0.37;0;0
Lebanon;LBN;2009;0;0.62;0;0
Lebanon;LBN;2010;0;0.83;0;0
Lebanon;LBN;2011;0;0.8;0;0
Lebanon;LBN;2012;0;1;0;0.01
Lebanon;LBN;2013;0;1.26;0;0.01
Lebanon;LBN;2014;0.01;0.19;0.01;0.01
Lebanon;LBN;2015;0.01;0.47;0.02;0.01
Lebanon;LBN;2016;0.01;0.38;0.04;0.06
Lebanon;LBN;2017;0.01;0.41;0.06;0.06
Lebanon;LBN;2018;0.01;0.34;0.09;0.06
Lebanon;LBN;2019;0.01;0.97;0.11;0.06
Lebanon;LBN;2020;0.01;1.05;0.12;0.06
Lebanon;LBN;2021;0.01;0.97;0.12;0.06
Lesotho;LSO;2000;0;0.29;0;0
Lesotho;LSO;2001;0;0.28;0;0
Lesotho;LSO;2002;0;0.31;0;0
Lesotho;LSO;2003;0;0.32;0;0
Lesotho;LSO;2004;0;0.3;0;0
Lesotho;LSO;2005;0;0.46;0;0
Lesotho;LSO;2006;0;0.52;0;0
Lesotho;LSO;2007;0;0.55;0;0
Lesotho;LSO;2008;0;0.58;0;0
Lesotho;LSO;2009;0;0.65;0;0
Lesotho;LSO;2010;0;0.69;0;0
Lesotho;LSO;2011;0;0.49;0;0
Lesotho;LSO;2012;0;0.49;0;0
Lesotho;LSO;2013;0;0.51;0;0
Lesotho;LSO;2014;0;0.52;0;0
Lesotho;LSO;2015;0;0.53;0;0
Lesotho;LSO;2016;0;0.52;0;0
Lesotho;LSO;2017;0;0.54;0;0
Lesotho;LSO;2018;0;0.54;0;0
Lesotho;LSO;2019;0;0.5;0;0
Lesotho;LSO;2020;0;0.5;0;0
Lesotho;LSO;2021;0;0.5;0;0
Liberia;LBR;2000;0;0;0;0
Liberia;LBR;2001;0;0;0;0
Liberia;LBR;2002;0;0;0;0
Liberia;LBR;2003;0;0;0;0
Liberia;LBR;2004;0;0;0;0
Liberia;LBR;2005;0;0;0;0
Liberia;LBR;2006;0;0;0;0
Liberia;LBR;2007;0;0;0;0
Liberia;LBR;2008;0;0;0;0
Liberia;LBR;2009;0;0;0;0
Liberia;LBR;2010;0;0;0;0
Liberia;LBR;2011;0;0;0;0
Liberia;LBR;2012;0;0;0;0
Liberia;LBR;2013;0;0;0;0
Liberia;LBR;2014;0;0;0;0
Liberia;LBR;2015;0;0;0;0
Liberia;LBR;2016;0;0;0;0
Liberia;LBR;2017;0;0;0;0
Liberia;LBR;2018;0;0;0;0
Liberia;LBR;2019;0;0;0;0
Liberia;LBR;2020;0;0.53;0;0
Liberia;LBR;2021;0;0.53;0;0
Libya;LBY;2000;0;0;0;0
Libya;LBY;2001;0;0;0;0
Libya;LBY;2002;0;0;0;0
Libya;LBY;2003;0;0;0;0
Libya;LBY;2004;0;0;0;0
Libya;LBY;2005;0;0;0;0
Libya;LBY;2006;0;0;0;0
Libya;LBY;2007;0;0;0;0
Libya;LBY;2008;0;0;0;0
Libya;LBY;2009;0;0;0;0
Libya;LBY;2010;0;0;0.01;0
Libya;LBY;2011;0;0;0.01;0
Libya;LBY;2012;0;0;0.01;0
Libya;LBY;2013;0;0;0.01;0
Libya;LBY;2014;0;0;0.01;0
Libya;LBY;2015;0;0;0.01;0
Libya;LBY;2016;0;0;0.01;0
Libya;LBY;2017;0;0;0.01;0
Libya;LBY;2018;0;0;0.01;0
Libya;LBY;2019;0;0;0.01;0
Libya;LBY;2020;0;0;0.01;0
Libya;LBY;2021;0;0;0.01;0
Lithuania;LTU;1990;0;0.41;0;0
Lithuania;LTU;1991;0;0.34;0;0
Lithuania;LTU;1992;0;0.31;0;0
Lithuania;LTU;1993;0;0.39;0;0
Lithuania;LTU;1994;0;0.45;0;0
Lithuania;LTU;1995;0;0.37;0;0
Lithuania;LTU;1996;0;0.33;0;0
Lithuania;LTU;1997;0;0.3;0;0
Lithuania;LTU;1998;0;0.42;0;0
Lithuania;LTU;1999;0;0.41;0;0
Lithuania;LTU;2000;0;0.34;0;0
Lithuania;LTU;2001;0;0.33;0;0
Lithuania;LTU;2002;0;0.35;0;0
Lithuania;LTU;2003;0;0.32;0;0.01
Lithuania;LTU;2004;0;0.42;0;0.01
Lithuania;LTU;2005;0;0.45;0;0.01
Lithuania;LTU;2006;0.01;0.4;0;0.02
Lithuania;LTU;2007;0.11;0.42;0;0.05
Lithuania;LTU;2008;0.13;0.4;0;0.07
Lithuania;LTU;2009;0.16;0.42;0;0.1
Lithuania;LTU;2010;0.22;0.54;0;0.15
Lithuania;LTU;2011;0.47;0.48;0;0.16
Lithuania;LTU;2012;0.54;0.42;0;0.22
Lithuania;LTU;2013;0.6;0.52;0.05;0.36
Lithuania;LTU;2014;0.64;0.4;0.07;0.4
Lithuania;LTU;2015;0.81;0.35;0.07;0.45
Lithuania;LTU;2016;1.14;0.45;0.07;0.44
Lithuania;LTU;2017;1.36;0.6;0.07;0.5
Lithuania;LTU;2018;1.14;0.43;0.09;0.54
Lithuania;LTU;2019;1.5;0.35;0.09;0.53
Lithuania;LTU;2020;1.55;0.3;0.13;0.59
Lithuania;LTU;2021;1.36;0.38;0.19;0.69
Lithuania;LTU;2022;1.59;0.45;0.43;0.65
Lithuania;LTU;1985;;0.3933266;;
Lithuania;LTU;1986;;0.3844878;;
Lithuania;LTU;1987;;0.3623908;;
Lithuania;LTU;1988;;0.3844878;;
Lithuania;LTU;1989;;0.3844878;;
Low-income countries;;2000;0;36.16;0;0.24
Low-income countries;;2001;0;39.510.002;0;0.26
Low-income countries;;2002;0;39.98;0;0.29
Low-income countries;;2003;0;39.89;0;0.34
Low-income countries;;2004;0;44.3;0;0.34
Low-income countries;;2005;0;47.579.998;0;0.36999997
Low-income countries;;2006;0;48.16;0.01;0.42
Low-income countries;;2007;0;50.77;0.01;0.45
Low-income countries;;2008;0;49.88;0.02;0.59
Low-income countries;;2009;0;51.63;0.02;0.59
Low-income countries;;2010;0;58.03;0.04;0.44000003
Low-income countries;;2011;0.03;60.16;0.049999997;0.47
Low-income countries;;2012;0.19;60.21;0.13;0.69
Low-income countries;;2013;0.36;63.93;0.14999999;0.71
Low-income countries;;2014;0.5;66.5;0.19999999;1.4
Low-income countries;;2015;0.76;63.25;0.35999998;2.05
Low-income countries;;2016;0.78999996;68.42;0.47;1.59
Low-income countries;;2017;0.54999995;68.55;0.58;1.57
Low-income countries;;2018;0.87;70.18;1.03;1.58
Low-income countries;;2019;0.63;71.68;1.23;1.42
Low-income countries;;2020;0.63;76.93;1.31;1.38
Low-income countries;;2021;0.63;74.86;15.600.001;1.46
Lower-middle-income countries;;1965;0;30.508.142;0;0
Lower-middle-income countries;;1966;0;31.975.643;0;0
Lower-middle-income countries;;1967;0;35.482.807;0;0
Lower-middle-income countries;;1968;0;41.705.223;0;0
Lower-middle-income countries;;1969;0;46.369.812;0;0
Lower-middle-income countries;;1970;0;50.074.368;0;0
Lower-middle-income countries;;1971;0;516.863;0;0
Lower-middle-income countries;;1972;0;52.052.994;0;0
Lower-middle-income countries;;1973;0;54.179.226;0;0
Lower-middle-income countries;;1974;0;54.110.386;0;0
Lower-middle-income countries;;1975;0;62.223.434;0;0
Lower-middle-income countries;;1976;0;66.057.434;0;0
Lower-middle-income countries;;1977;0;7.235.619;0;0.001
Lower-middle-income countries;;1978;0;88.563.484;0;0.003
Lower-middle-income countries;;1979;0;8.683.935;0;0.63694
Lower-middle-income countries;;1980;0;8.982.618;0;204.485
Lower-middle-income countries;;1981;0;9.475.383;0;391.219
Lower-middle-income countries;;1982;0;87.082.695;0;390.786
Lower-middle-income countries;;1983;0;8.607.145;0;493.498
Lower-middle-income countries;;1984;0;94.648.384;0;535.846
Lower-middle-income countries;;1985;0;11.009.123;0;594.218
Lower-middle-income countries;;1986;0;11.218.494;0;55.733
Lower-middle-income countries;;1987;0;113.718.864;0;489.597
Lower-middle-income countries;;1988;0;12.543.052;0;522.291
Lower-middle-income countries;;1989;0;13.437.073;0;570.166
Lower-middle-income countries;;1990;0.03030303;1.412.857;0;7.060.766
Lower-middle-income countries;;1991;0.11291;14.981.071;0;6.904.531
Lower-middle-income countries;;1992;0.08847;14.934.587;0;6.905.132
Lower-middle-income countries;;1993;0.09477;15.877.457;0;7.011.019
Lower-middle-income countries;;1994;0.19128;16.766.705;0;8.304.195
Lower-middle-income countries;;1995;0.49647;16.512.077;0.001010101;8.911.325
Lower-middle-income countries;;1996;0.87838;16.325.507;0.006060606;96.330.185
Lower-middle-income countries;;1997;0.988;15.191.847;0.006060606;10.947.046
Lower-middle-income countries;;1998;1.082;18.212.651;0.006060606;13.493.027
Lower-middle-income countries;;1999;14.994.999;18.038.603;0.006060606;1.622.081
Lower-middle-income countries;;2000;1.86;24.190.001;0.02;26.669.998
Lower-middle-income countries;;2001;2.6;246.84;0.02;27.240.002
Lower-middle-income countries;;2002;2.57;246.74;0.02;27.759.998
Lower-middle-income countries;;2003;32.599.998;26.158.002;0.03;28.22
Lower-middle-income countries;;2004;6.08;300.71;0.03;30.91
Lower-middle-income countries;;2005;6.93;306.45;0.03;32.809.998
Lower-middle-income countries;;2006;10.400.001;330.18;0.03;34.92
Lower-middle-income countries;;2007;13.09;340.69;0.11;38.83
Lower-middle-income countries;;2008;15.95;329.52;0.12;43.47
Lower-middle-income countries;;2009;18.369.999;324.74;0.15;46.53
Lower-middle-income countries;;2010;22.32;355.21;0.47;51.37
Lower-middle-income countries;;2011;27.18;38.816.998;1.26;55.679.996
Lower-middle-income countries;;2012;31.070.002;390.59;30.499.997;59.54
Lower-middle-income countries;;2013;35.72;43.137.997;4.69;62.29
Lower-middle-income countries;;2014;41.460.003;433.31;6.41;68.94
Lower-middle-income countries;;2015;43.04;414.78;8.9;78.58
Lower-middle-income countries;;2016;54.91;424.69;16.720.001;75.5
Lower-middle-income countries;;2017;65.33;47.058.002;28.460.001;77.84
Lower-middle-income countries;;2018;77.58;491.62;46.29;83.149.994
Lower-middle-income countries;;2019;84.87;509.63;68.19;87.36
Lower-middle-income countries;;2020;83.49;524.12;90.799.995;90.630.005
Lower-middle-income countries;;2021;94.85;521.13;117.56;96.89
Luxembourg;LUX;1965;0;0.086412;0;0
Luxembourg;LUX;1966;0;0.077759;0;0
Luxembourg;LUX;1967;0;0.087757;0;0
Luxembourg;LUX;1968;0;0.089632;0;0
Luxembourg;LUX;1969;0;0.077997;0;0
Luxembourg;LUX;1970;0;0.086214;0;0
Luxembourg;LUX;1971;0;0.04873;0;0
Luxembourg;LUX;1972;0;0.057462;0;0
Luxembourg;LUX;1973;0;0.050733;0;0
Luxembourg;LUX;1974;0;0.074939;0;0
Luxembourg;LUX;1975;0;0.064745;0;0
Luxembourg;LUX;1976;0;0.040794;0;0
Luxembourg;LUX;1977;0;0.078625;0;0.013
Luxembourg;LUX;1978;0;0.074805;0;0.015
Luxembourg;LUX;1979;0;0.081656;0;0.016
Luxembourg;LUX;1980;0;0.086242;0;0.015
Luxembourg;LUX;1981;0;0.092202;0;0.018
Luxembourg;LUX;1982;0;0.08187;0;0.018
Luxembourg;LUX;1983;0;0.080733;0;0.017
Luxembourg;LUX;1984;0;0.085908;0;0.019
Luxembourg;LUX;1985;0;0.069611;0;0.018
Luxembourg;LUX;1986;0;0.086091;0;0.017
Luxembourg;LUX;1987;0;0.100081;0;0.022
Luxembourg;LUX;1988;0;0.09197;0;0.023
Luxembourg;LUX;1989;0;0.070064;0;0.019
Luxembourg;LUX;1990;0;0.07;0;0.01
Luxembourg;LUX;1991;0;0.08;0;0.01
Luxembourg;LUX;1992;0;0.07;0;0.01
Luxembourg;LUX;1993;0;0.07;0;0.01
Luxembourg;LUX;1994;0;0.09;0;0.02
Luxembourg;LUX;1995;0;0.09;0;0.02
Luxembourg;LUX;1996;0;0.06;0;0.02
Luxembourg;LUX;1997;0;0.08;0;0.02
Luxembourg;LUX;1998;0.01;0.12;0;0.02
Luxembourg;LUX;1999;0.02;0.09;0;0.02
Luxembourg;LUX;2000;0.02;0.12;0;0.02
Luxembourg;LUX;2001;0.02;0.12;0;0.03
Luxembourg;LUX;2002;0.02;0.1;0;0.03
Luxembourg;LUX;2003;0.03;0.08;0;0.03
Luxembourg;LUX;2004;0.04;0.1;0.01;0.04
Luxembourg;LUX;2005;0.05;0.09;0.02;0.05
Luxembourg;LUX;2006;0.06;0.11;0.02;0.06
Luxembourg;LUX;2007;0.06;0.12;0.02;0.06
Luxembourg;LUX;2008;0.06;0.13;0.02;0.07
Luxembourg;LUX;2009;0.06;0.11;0.02;0.08
Luxembourg;LUX;2010;0.06;0.11;0.02;0.08
Luxembourg;LUX;2011;0.06;0.06;0.03;0.09
Luxembourg;LUX;2012;0.08;0.1;0.04;0.09
Luxembourg;LUX;2013;0.08;0.12;0.07;0.09
Luxembourg;LUX;2014;0.08;0.11;0.09;0.12
Luxembourg;LUX;2015;0.1;0.1;0.1;0.13
Luxembourg;LUX;2016;0.1;0.12;0.1;0.14
Luxembourg;LUX;2017;0.23;0.09;0.11;0.17
Luxembourg;LUX;2018;0.25;0.09;0.12;0.22
Luxembourg;LUX;2019;0.28;0.11;0.13;0.28
Luxembourg;LUX;2020;0.35;0.09;0.16;0.37
Luxembourg;LUX;2021;0.31;0.11;0.18;0.39
Luxembourg;LUX;2022;0.32;0.06;0.24;0.4
Macao;MAC;2000;0;0;0;0
Macao;MAC;2001;0;0;0;0
Macao;MAC;2002;0;0;0;0
Macao;MAC;2003;0;0;0;0
Macao;MAC;2004;0;0;0;0
Macao;MAC;2005;0;0;0;0
Macao;MAC;2006;0;0;0;0
Macao;MAC;2007;0;0;0;0
Macao;MAC;2008;0;0;0;0
Macao;MAC;2009;0;0;0;0
Macao;MAC;2010;0;0;0;0
Macao;MAC;2011;0;0;0;0
Macao;MAC;2012;0;0;0;0
Macao;MAC;2013;0;0;0;0
Macao;MAC;2014;0;0;0;0
Macao;MAC;2015;0;0;0;0
Macao;MAC;2016;0;0;0;0
Macao;MAC;2017;0;0;0;0
Macao;MAC;2018;0;0;0;0
Macao;MAC;2019;0;0;0;0
Macao;MAC;2020;0;0;0;0
Macao;MAC;2021;0;0;0;0
Madagascar;MDG;2000;0;0.54;0;0
Madagascar;MDG;2001;0;0.53;0;0
Madagascar;MDG;2002;0;0.54;0;0
Madagascar;MDG;2003;0;0.6;0;0
Madagascar;MDG;2004;0;0.63;0;0
Madagascar;MDG;2005;0;0.64;0;0
Madagascar;MDG;2006;0;0.63;0;0
Madagascar;MDG;2007;0;0.71;0;0
Madagascar;MDG;2008;0;0.69;0;0
Madagascar;MDG;2009;0;0.73;0;0
Madagascar;MDG;2010;0;0.7;0;0
Madagascar;MDG;2011;0;0.68;0;0
Madagascar;MDG;2012;0;0.75;0;0
Madagascar;MDG;2013;0;0.8;0.01;0
Madagascar;MDG;2014;0;0.88;0.01;0
Madagascar;MDG;2015;0;0.93;0.02;0
Madagascar;MDG;2016;0;0.88;0.02;0
Madagascar;MDG;2017;0;0.78;0.02;0
Madagascar;MDG;2018;0;0.96;0.02;0
Madagascar;MDG;2019;0;0.89;0.02;0
Madagascar;MDG;2020;0;0.66;0.02;0
Madagascar;MDG;2021;0;0.7;0.02;0
Malawi;MWI;2000;0;1.02;0;0.05
Malawi;MWI;2001;0;1.04;0;0.05
Malawi;MWI;2002;0;1.09;0;0.06
Malawi;MWI;2003;0;1.14;0;0.07
Malawi;MWI;2004;0;1.26;0;0.06
Malawi;MWI;2005;0;1.31;0;0.06
Malawi;MWI;2006;0;1.34;0;0.06
Malawi;MWI;2007;0;1.37;0;0.06
Malawi;MWI;2008;0;1.52;0;0.08
Malawi;MWI;2009;0;1.49;0;0.07
Malawi;MWI;2010;0;1.74;0;0.07
Malawi;MWI;2011;0;1.79;0;0.06
Malawi;MWI;2012;0;1.86;0.01;0.07
Malawi;MWI;2013;0;1.86;0.01;0.07
Malawi;MWI;2014;0;1.97;0.02;0.07
Malawi;MWI;2015;0;1.96;0.03;0.07
Malawi;MWI;2016;0;1.94;0.03;0.07
Malawi;MWI;2017;0;1.82;0.04;0.06
Malawi;MWI;2018;0;1.36;0.05;0.02
Malawi;MWI;2019;0;1.3;0.17;0.02
Malawi;MWI;2020;0;1.3;0.17;0.02
Malawi;MWI;2021;0;1;0.17;0.02
Malaysia;MYS;1965;0;0.587;0;0
Malaysia;MYS;1966;0;0.692;0;0
Malaysia;MYS;1967;0;0.725;0;0
Malaysia;MYS;1968;0;0.804;0;0
Malaysia;MYS;1969;0;1.014;0;0
Malaysia;MYS;1970;0;1.202;0;0
Malaysia;MYS;1971;0;1.046;0;0
Malaysia;MYS;1972;0;1.154;0;0
Malaysia;MYS;1973;0;1.108;0;0
Malaysia;MYS;1974;0;1.006;0;0
Malaysia;MYS;1975;0;1.005;0;0
Malaysia;MYS;1976;0;0.948;0;0
Malaysia;MYS;1977;0;0.769;0;0
Malaysia;MYS;1978;0;0.90395063;0;0
Malaysia;MYS;1979;0;11.035.241;0;0
Malaysia;MYS;1980;0;14.087.542;0;0
Malaysia;MYS;1981;0;15.613.693;0;0
Malaysia;MYS;1982;0;15.026.711;0;0
Malaysia;MYS;1983;0;17.492.031;0;0
Malaysia;MYS;1984;0;34.514.477;0;0
Malaysia;MYS;1985;0;37.684.176;0;0
Malaysia;MYS;1986;0;4.120.606;0;0
Malaysia;MYS;1987;0;49.658.585;0;0
Malaysia;MYS;1988;0;5.728.934;0;0
Malaysia;MYS;1989;0;5.294.568;0;0
Malaysia;MYS;1990;0;4.026.689;0;0
Malaysia;MYS;1991;0;44.493.155;0;0
Malaysia;MYS;1992;0;4.286;0;0
Malaysia;MYS;1993;0;4.853;0;0
Malaysia;MYS;1994;0;6.483;0;0
Malaysia;MYS;1995;0;6.218;0;0
Malaysia;MYS;1996;0;5.184;0;0
Malaysia;MYS;1997;0;4.173;0;0
Malaysia;MYS;1998;0;4.457;0;0
Malaysia;MYS;1999;0;7.552;0;0
Malaysia;MYS;2000;0;6.99;0;0.570903
Malaysia;MYS;2001;0;6.07;0;0.574094
Malaysia;MYS;2002;0;5.41;0;0.4044
Malaysia;MYS;2003;0;5.09;0;0.4165
Malaysia;MYS;2004;0;5.57;0;0.57636
Malaysia;MYS;2005;0;6.01;0;0.5925
Malaysia;MYS;2006;0;6.32;0;0.623964
Malaysia;MYS;2007;0;5.96;0;0.759773
Malaysia;MYS;2008;0;7.81;0;0.796761
Malaysia;MYS;2009;0;6.89;0;1.393.368
Malaysia;MYS;2010;0;6.36;0;12.629.545
Malaysia;MYS;2011;0;8.06;0;1.537.535
Malaysia;MYS;2012;0;9.25;0.01;15.016.624
Malaysia;MYS;2013;0;11.8;0.14;110.359
Malaysia;MYS;2014;0;13.39;0.23;0.693
Malaysia;MYS;2015;0;13.92;0.27;0.751
Malaysia;MYS;2016;0;20.02;0.31;0.76
Malaysia;MYS;2017;0;26.85;0.33;0.765
Malaysia;MYS;2018;0;26.33;0.63;1.351
Malaysia;MYS;2019;0;26.2;0.94;16.189.669
Malaysia;MYS;2020;0;27.74;1.17;16.319.377
Malaysia;MYS;2021;0;30.79;1.5;16.377.085
Maldives;MDV;2000;0;0;0;0
Maldives;MDV;2001;0;0;0;0
Maldives;MDV;2002;0;0;0;0
Maldives;MDV;2003;0;0;0;0
Maldives;MDV;2004;0;0;0;0
Maldives;MDV;2005;0;0;0;0
Maldives;MDV;2006;0;0;0;0
Maldives;MDV;2007;0;0;0;0
Maldives;MDV;2008;0;0;0;0
Maldives;MDV;2009;0;0;0;0
Maldives;MDV;2010;0;0;0;0
Maldives;MDV;2011;0;0;0;0
Maldives;MDV;2012;0;0;0;0
Maldives;MDV;2013;0;0;0;0
Maldives;MDV;2014;0;0;0.01;0
Maldives;MDV;2015;0;0;0.01;0
Maldives;MDV;2016;0;0;0.01;0
Maldives;MDV;2017;0;0;0.02;0
Maldives;MDV;2018;0;0;0.03;0
Maldives;MDV;2019;0;0;0.03;0
Maldives;MDV;2020;0;0;0.04;0
Maldives;MDV;2021;0;0;0.05;0
Mali;MLI;2000;0;0.23;0;0.02
Mali;MLI;2001;0;0.23;0;0.02
Mali;MLI;2002;0;0.24;0;0.02
Mali;MLI;2003;0;0.23;0;0.03
Mali;MLI;2004;0;0.25;0;0.03
Mali;MLI;2005;0;0.45;0;0.04
Mali;MLI;2006;0;0.48;0;0.05
Mali;MLI;2007;0;0.47;0;0.05
Mali;MLI;2008;0;0.57;0;0.06
Mali;MLI;2009;0;0.67;0;0.06
Mali;MLI;2010;0;1.1;0.01;0.07
Mali;MLI;2011;0;1.15;0.02;0.07
Mali;MLI;2012;0;1.24;0.03;0.1
Mali;MLI;2013;0;1.11;0.03;0.1
Mali;MLI;2014;0;1.38;0.03;0.1
Mali;MLI;2015;0;1.12;0.03;0.12
Mali;MLI;2016;0;1.48;0.03;0.11
Mali;MLI;2017;0;1.48;0.03;0.14
Mali;MLI;2018;0;1.36;0.03;0.17
Mali;MLI;2019;0;0.95;0.03;0.19
Mali;MLI;2020;0;0.95;0.03;0.18
Mali;MLI;2021;0;1;0.03;0.19
Malta;MLT;1990;0;0;0;0
Malta;MLT;1991;0;0;0;0
Malta;MLT;1992;0;0;0;0
Malta;MLT;1993;0;0;0;0
Malta;MLT;1994;0;0;0;0
Malta;MLT;1995;0;0;0;0
Malta;MLT;1996;0;0;0;0
Malta;MLT;1997;0;0;0;0
Malta;MLT;1998;0;0;0;0
Malta;MLT;1999;0;0;0;0
Malta;MLT;2000;0;0;0;0
Malta;MLT;2001;0;0;0;0
Malta;MLT;2002;0;0;0;0
Malta;MLT;2003;0;0;0;0
Malta;MLT;2004;0;0;0;0
Malta;MLT;2005;0;0;0;0
Malta;MLT;2006;0;0;0;0
Malta;MLT;2007;0;0;0;0
Malta;MLT;2008;0;0;0;0
Malta;MLT;2009;0;0;0;0
Malta;MLT;2010;0;0;0;0
Malta;MLT;2011;0;0;0;0
Malta;MLT;2012;0;0;0.02;0.01
Malta;MLT;2013;0;0;0.03;0.01
Malta;MLT;2014;0;0;0.07;0.01
Malta;MLT;2015;0;0;0.09;0.01
Malta;MLT;2016;0;0;0.13;0.01
Malta;MLT;2017;0;0;0.16;0.01
Malta;MLT;2018;0;0;0.19;0.01
Malta;MLT;2019;0;0;0.2;0.01
Malta;MLT;2020;0;0;0.24;0.01
Malta;MLT;2021;0;0;0.21;0.01
Malta;MLT;2022;0;0;0.26;0.01
Martinique;MTQ;2000;0;0;0;0
Martinique;MTQ;2001;0;0;0;0
Martinique;MTQ;2002;0;0;0;0
Martinique;MTQ;2003;0;0;0;0
Martinique;MTQ;2004;0;0;0;0
Martinique;MTQ;2005;0;0;0;0
Martinique;MTQ;2006;0;0;0;0
Martinique;MTQ;2007;0;0;0;0
Martinique;MTQ;2008;0;0;0;0
Martinique;MTQ;2009;0;0;0;0
Martinique;MTQ;2010;0;0;0;0
Martinique;MTQ;2011;0;0;0;0
Martinique;MTQ;2012;;;0;
Martinique;MTQ;2013;;;0;
Martinique;MTQ;2014;;;0;
Martinique;MTQ;2015;;;0;
Martinique;MTQ;2016;;;0;
Martinique;MTQ;2017;;;0;
Martinique;MTQ;2018;;;0;
Martinique;MTQ;2019;;;0;
Martinique;MTQ;2020;;;0;
Martinique;MTQ;2021;;;0;
Mauritania;MRT;2000;0;0.03;0;0
Mauritania;MRT;2001;0;0.03;0;0
Mauritania;MRT;2002;0;0.03;0;0
Mauritania;MRT;2003;0;0.04;0;0
Mauritania;MRT;2004;0;0.04;0;0
Mauritania;MRT;2005;0;0.05;0;0
Mauritania;MRT;2006;0;0.05;0;0
Mauritania;MRT;2007;0;0.05;0;0
Mauritania;MRT;2008;0;0.06;0;0
Mauritania;MRT;2009;0;0.11;0;0
Mauritania;MRT;2010;0;0.12;0;0
Mauritania;MRT;2011;0;0.13;0;0
Mauritania;MRT;2012;0;0.14;0;0
Mauritania;MRT;2013;0.01;0.17;0.03;0
Mauritania;MRT;2014;0.01;0.18;0.03;0
Mauritania;MRT;2015;0.1;0.19;0.03;0
Mauritania;MRT;2016;0.1;0.13;0.06;0
Mauritania;MRT;2017;0.1;0.17;0.06;0
Mauritania;MRT;2018;0.1;0.19;0.14;0
Mauritania;MRT;2019;0.12;0.2;0.14;0
Mauritania;MRT;2020;0.13;0.21;0.14;0
Mauritania;MRT;2021;0.15;0.21;0.14;0
Mauritius;MUS;2000;0;0.09;0;0.17
Mauritius;MUS;2001;0;0.07;0;0.22
Mauritius;MUS;2002;0;0.09;0;0.22
Mauritius;MUS;2003;0;0.12;0;0.23
Mauritius;MUS;2004;0;0.12;0;0.23
Mauritius;MUS;2005;0;0.11;0;0.48
Mauritius;MUS;2006;0;0.08;0;0.26
Mauritius;MUS;2007;0;0.08;0;0.27
Mauritius;MUS;2008;0;0.11;0;0.25
Mauritius;MUS;2009;0;0.12;0;0.36
Mauritius;MUS;2010;0;0.1;0;0.37
Mauritius;MUS;2011;0;0.05;0;0.35
Mauritius;MUS;2012;0;0.07;0;0.28
Mauritius;MUS;2013;0;0.09;0;0.3
Mauritius;MUS;2014;0;0.09;0.03;0.31
Mauritius;MUS;2015;0;0.12;0.03;0.34
Mauritius;MUS;2016;0.02;0.1;0.03;0.35
Mauritius;MUS;2017;0.01;0.09;0.04;0.36
Mauritius;MUS;2018;0.01;0.12;0.05;0.36
Mauritius;MUS;2019;0.01;0.1;0.13;0.36
Mauritius;MUS;2020;0.02;0.1;0.15;0.31
Mauritius;MUS;2021;0.02;0.1;0.16;0.33
Mexico;MEX;1965;0;8.863;0;0
Mexico;MEX;1966;0;10.118;0;0
Mexico;MEX;1967;0;11.017;0;0
Mexico;MEX;1968;0;12.642;0;0
Mexico;MEX;1969;0;13.406;0;0
Mexico;MEX;1970;0;15.005;0;0
Mexico;MEX;1971;0;14.572;0;0
Mexico;MEX;1972;0;15.531;0;0
Mexico;MEX;1973;0;16.371;0;0.161
Mexico;MEX;1974;0;16.708;0;0.463
Mexico;MEX;1975;0;15.182;0;0.518
Mexico;MEX;1976;0;17.255;0;0.579
Mexico;MEX;1977;0;19.193;0;0.592
Mexico;MEX;1978;0;16.217;0;0.598
Mexico;MEX;1979;0;18.008;0;1.019
Mexico;MEX;1980;0;16.91;0;0.915
Mexico;MEX;1981;0;24.618;0;0.964
Mexico;MEX;1982;0;22.924;0;1.296
Mexico;MEX;1983;0;20.733;0;1.353
Mexico;MEX;1984;0;23.603;0;1.424
Mexico;MEX;1985;0;28.427.292;0;1.641
Mexico;MEX;1986;0;212.975;0;3.394
Mexico;MEX;1987;0;19.285.194;0;4.418
Mexico;MEX;1988;0;21.836.111;0;4.633
Mexico;MEX;1989;0;25.354.195;0;4.675
Mexico;MEX;1990;0.001;24.480.944;0.001;5.124
Mexico;MEX;1991;0.001;22.625.263;0.002;58.325.124
Mexico;MEX;1992;0.001;26.813.694;0.003;6.365.523
Mexico;MEX;1993;0.001;2.665.493;0.004;64.997.606
Mexico;MEX;1994;0.005;2.027.132;0.005;62.185.254
Mexico;MEX;1995;0.007;27.598.667;0.005;64.144.435
Mexico;MEX;1996;0.006;31.336.277;0.006;6.184.555
Mexico;MEX;1997;0.012;26.362.097;0.006;58.832.464
Mexico;MEX;1998;0.015;24.592.945;0.007;6.138.586
Mexico;MEX;1999;0.017;3.271.232;0.007;60.600.014
Mexico;MEX;2000;0.02;32.8;0.01;11.68
Mexico;MEX;2001;0.02;28.22;0.01;11.309.999
Mexico;MEX;2002;0.02;24.7;0.01;10.940.001
Mexico;MEX;2003;0.02;19.68;0.01;12.4
Mexico;MEX;2004;0.02;24.95;0.01;13.21
Mexico;MEX;2005;0.02;27.38;0.01;14.88
Mexico;MEX;2006;0.06;30.09;0.01;13.469.999
Mexico;MEX;2007;0.26;27;0.01;14.87
Mexico;MEX;2008;0.27;38.79;0.01;14.15
Mexico;MEX;2009;0.6;26.45;0.01;13.53
Mexico;MEX;2010;1.24;36.79;0.03;13.309.999
Mexico;MEX;2011;1.63;35.93;0.04;13.1
Mexico;MEX;2012;3.67;31.59;0.07;11.870.001
Mexico;MEX;2013;4.17;27.72;0.11;12.67
Mexico;MEX;2014;6.35;38.55;0.22;12.34
Mexico;MEX;2015;8.45;30.61;0.24;13.12
Mexico;MEX;2016;9.93;29.74;0.46;12.84
Mexico;MEX;2017;9.91;31.74;1.07;13.16
Mexico;MEX;2018;12.53;32.3;1.36;12.59
Mexico;MEX;2019;16.78;23.54;6.97;11.71
Mexico;MEX;2020;19.77;26.74;11.24;11.440.001
Mexico;MEX;2021;20.97;34.47;14.16;11.05
Middle Africa (BP);;1980;0;6.639;0;0
Middle Africa (BP);;1981;0;7.012;0;0
Middle Africa (BP);;1982;0;7.3;0;0
Middle Africa (BP);;1983;0;7.709;0;0
Middle Africa (BP);;1984;0;8.065;0;0
Middle Africa (BP);;1985;0;9.145;0;0
Middle Africa (BP);;1986;0;9.438;0;0
Middle Africa (BP);;1987;0;9.454;0;0
Middle Africa (BP);;1988;0;9.604;0;0
Middle Africa (BP);;1989;0;11.446;0;0
Middle Africa (BP);;1990;0;10.288;0;0.003
Middle Africa (BP);;1991;0;9.976;0;0.008
Middle Africa (BP);;1992;0;10.821;0;0.008
Middle Africa (BP);;1993;0;10.213;0;0.008
Middle Africa (BP);;1994;0;9.732;0;0.009
Middle Africa (BP);;1995;0;10.831;0;0.009
Middle Africa (BP);;1996;0;10.867;0;0.007
Middle Africa (BP);;1997;0;10.138;0;0.007
Middle Africa (BP);;1998;0;9.925;0;0.007
Middle Africa (BP);;1999;0;10.329;0;0.007
Middle Africa (BP);;2000;0;113.698;0;0.007
Middle Africa (BP);;2001;0;116.278;0.000048;0.007
Middle Africa (BP);;2002;0;117.401;0.000405;0.007
Middle Africa (BP);;2003;0;121.539;0.000587;0.007
Middle Africa (BP);;2004;0;140.842;0.000834;0.007
Middle Africa (BP);;2005;0;144.952;0.001256;0.008
Middle Africa (BP);;2006;0;15.683;0.001637;0.65
Middle Africa (BP);;2007;0;15.161;0.004487;0.084
Middle Africa (BP);;2008;0;16.231;0.007803;0.085
Middle Africa (BP);;2009;0;16.159;0.010288;0.079
Middle Africa (BP);;2010;0;168.348;0.013519;0.067
Middle Africa (BP);;2011;0;17.13;0.016594;0.07
Middle Africa (BP);;2012;0;169.384;0.020063;0.073
Middle Africa (BP);;2013;0;194.839;0.023546;0.078
Middle Africa (BP);;2014;0;206.817;0.028389;0.082
Middle Africa (BP);;2015;0;210.916;0.032699;0.045
Middle Africa (BP);;2016;0.0089;221.116;0.038616;0.048
Middle Africa (BP);;2017;0.0089;24.865.995;0.045344;0.048976
Middle Africa (BP);;2018;0.0089;28.182.573;0.069895;0.050622
Middle Africa (BP);;2019;0.0089;3.011.991;0.069895;0.05259
Middle Africa (BP);;2020;0.008924383;3.267.672;0.071159944;0.05273408
Middle Africa (BP);;2021;0.0089;3.336.135;0.07113727;0.05259
Middle Africa (BP);;1965;;3.935;;
Middle Africa (BP);;1966;;4.093;;
Middle Africa (BP);;1967;;3.846;;
Middle Africa (BP);;1968;;4.012;;
Middle Africa (BP);;1969;;4.36;;
Middle Africa (BP);;1970;;4.865;;
Middle Africa (BP);;1971;;5.19;;
Middle Africa (BP);;1972;;5.31;;
Middle Africa (BP);;1973;;5.756;;
Middle Africa (BP);;1974;;5.651;;
Middle Africa (BP);;1975;;6.207;;
Middle Africa (BP);;1976;;5.975;;
Middle Africa (BP);;1977;;6.132;;
Middle Africa (BP);;1978;;6.161;;
Middle Africa (BP);;1979;;6.299;;
Middle East (BP);;1971;0;37.548.983;0;0
Middle East (BP);;1972;0;45.691.648;0;0
Middle East (BP);;1973;0;37.504.175;0;0
Middle East (BP);;1974;0;48.159.366;0;0
Middle East (BP);;1975;0;54.404.545;0;0
Middle East (BP);;1976;0;63.250.394;0;0
Middle East (BP);;1977;0;70.982.018;0;0
Middle East (BP);;1978;0;9.812.257;0;0
Middle East (BP);;1979;0;9.615.829;0;0
Middle East (BP);;1980;0;9.682.702;0;0
Middle East (BP);;1981;0;10.214.353;0;0
Middle East (BP);;1982;0;10.605.872;0;0
Middle East (BP);;1983;0;1.022.087;0;0
Middle East (BP);;1984;0;10.373.285;0;0
Middle East (BP);;1985;0;10.438;0;0
Middle East (BP);;1986;0;11.079;0;0
Middle East (BP);;1987;0;13.915;0;0
Middle East (BP);;1988;0;14.299;0;0
Middle East (BP);;1989;0;12.624;0;0
Middle East (BP);;1990;0.001;15.273.264;0;0
Middle East (BP);;1991;0.001;11.009.184;0;0
Middle East (BP);;1992;0.001;17.827.066;0;0
Middle East (BP);;1993;0.001;20.046.732;0;0
Middle East (BP);;1994;0.001;1.654.976;0;0
Middle East (BP);;1995;0.001;18.652.706;0;0
Middle East (BP);;1996;0.001;18.698.376;0;0
Middle East (BP);;1997;0.003;15.927.055;0;0
Middle East (BP);;1998;0.003;1.721.056;0;0
Middle East (BP);;1999;0.038;1.180.105;0;0
Middle East (BP);;2000;0.0395;10.722.177;0;0.003
Middle East (BP);;2001;0.0467;11.617.796;0;0.005
Middle East (BP);;2002;0.0443;16.823.881;0;0.005
Middle East (BP);;2003;0.0426;18.484.583;0;0.006
Middle East (BP);;2004;0.0614;23.082.361;0;0.006
Middle East (BP);;2005;0.086;23.918.102;0;0.005
Middle East (BP);;2006;0.1394;28.254.223;0.0001;0.006
Middle East (BP);;2007;0.155;26.705.812;0.0001;0.01
Middle East (BP);;2008;0.2101;13.690.433;0.003509;0.016
Middle East (BP);;2009;0.2405;12.116.322;0.034263;0.0507
Middle East (BP);;2010;0.1823;17.390.324;0.0977515;0.0802
Middle East (BP);;2011;0.2243;18.255.754;0.226665;0.217844
Middle East (BP);;2012;0.2953;21.407.372;0.4309066;0.219444
Middle East (BP);;2013;0.235789;23.509.758;0.691371;0.183244
Middle East (BP);;2014;0.219578;1.994.348;13.069.485;0.268444
Middle East (BP);;2015;0.280589;16.767.385;1.838.847;0.211444
Middle East (BP);;2016;0.563;20.145.979;2.780.138;0.324144
Middle East (BP);;2017;0.792871;20.614.758;3.545.037;0.329384
Middle East (BP);;2018;1.467.211;12.780.051;5.411.068;0.343984
Middle East (BP);;2019;1.617.493;4.056.568;1.015.524;0.36043
Middle East (BP);;2020;26.210.256;2.809.854;12.667.598;0.37408626
Middle East (BP);;2021;28.963.327;1.950.412;15.211.198;0.41840345
Middle East (BP);;1965;;2.345.857;;
Middle East (BP);;1966;;25.461.166;;
Middle East (BP);;1967;;28.287.957;;
Middle East (BP);;1968;;30.811.522;;
Middle East (BP);;1969;;33.959.281;;
Middle East (BP);;1970;;357.964;;
Moldova;MDA;2000;0;0.39;0;0
Moldova;MDA;2001;0;0.36;0;0
Moldova;MDA;2002;0;0.35;0;0
Moldova;MDA;2003;0;0.36;0;0
Moldova;MDA;2004;0;0.35;0;0
Moldova;MDA;2005;0;0.36;0;0
Moldova;MDA;2006;0;0.37;0;0
Moldova;MDA;2007;0;0.35;0;0
Moldova;MDA;2008;0;0.38;0;0
Moldova;MDA;2009;0;0.35;0;0
Moldova;MDA;2010;0;0.4;0;0
Moldova;MDA;2011;0;0.35;0;0
Moldova;MDA;2012;0;0.27;0;0
Moldova;MDA;2013;0;0.31;0;0
Moldova;MDA;2014;0;0.32;0;0.01
Moldova;MDA;2015;0;0.26;0;0.01
Moldova;MDA;2016;0;0.23;0;0.01
Moldova;MDA;2017;0.01;0.28;0;0.01
Moldova;MDA;2018;0.02;0.27;0;0.01
Moldova;MDA;2019;0.04;0.3;0;0.01
Moldova;MDA;2020;0.05;0.28;0;0.01
Moldova;MDA;2021;0.08;0.32;0.01;0.02
Mongolia;MNG;2000;0;0;0;0
Mongolia;MNG;2001;0;0;0;0
Mongolia;MNG;2002;0;0;0;0
Mongolia;MNG;2003;0;0;0;0
Mongolia;MNG;2004;0;0;0;0
Mongolia;MNG;2005;0;0;0;0
Mongolia;MNG;2006;0;0;0;0
Mongolia;MNG;2007;0;0;0;0
Mongolia;MNG;2008;0;0;0.01;0
Mongolia;MNG;2009;0;0;0.01;0
Mongolia;MNG;2010;0;0.04;0.01;0
Mongolia;MNG;2011;0;0.05;0.01;0
Mongolia;MNG;2012;0;0.05;0.01;0
Mongolia;MNG;2013;0.05;0.06;0.01;0
Mongolia;MNG;2014;0.13;0.07;0.01;0
Mongolia;MNG;2015;0.15;0.06;0.01;0
Mongolia;MNG;2016;0.15;0.09;0.01;0
Mongolia;MNG;2017;0.14;0.08;0.03;0
Mongolia;MNG;2018;0.3;0.08;0.06;0
Mongolia;MNG;2019;0.48;0.09;0.08;0
Mongolia;MNG;2020;0.48;0.08;0.12;0
Mongolia;MNG;2021;0.48;0.08;0.14;0
Montenegro;MNE;2005;0;1.87;0;0
Montenegro;MNE;2006;0;1.75;0;0
Montenegro;MNE;2007;0;1.28;0;0
Montenegro;MNE;2008;0;1.54;0;0
Montenegro;MNE;2009;0;2.07;0;0
Montenegro;MNE;2010;0;2.75;0;0
Montenegro;MNE;2011;0;1.2;0;0
Montenegro;MNE;2012;0;1.48;0;0
Montenegro;MNE;2013;0;2.5;0;0
Montenegro;MNE;2014;0;1.75;0;0
Montenegro;MNE;2015;0;1.49;0;0
Montenegro;MNE;2016;0;1.84;0;0
Montenegro;MNE;2017;0.1;1.02;0;0
Montenegro;MNE;2018;0.14;2.11;0;0
Montenegro;MNE;2019;0.3;1.63;0;0
Montenegro;MNE;2020;0.32;1.45;0;0
Montenegro;MNE;2021;0.33;1.98;0;0
Montserrat;MSR;2000;0;0;0;0
Montserrat;MSR;2001;0;0;0;0
Montserrat;MSR;2002;0;0;0;0
Montserrat;MSR;2003;0;0;0;0
Montserrat;MSR;2004;0;0;0;0
Montserrat;MSR;2005;0;0;0;0
Montserrat;MSR;2006;0;0;0;0
Montserrat;MSR;2007;0;0;0;0
Montserrat;MSR;2008;0;0;0;0
Montserrat;MSR;2009;0;0;0;0
Montserrat;MSR;2010;0;0;0;0
Montserrat;MSR;2011;0;0;0;0
Montserrat;MSR;2012;0;0;0;0
Montserrat;MSR;2013;0;0;0;0
Montserrat;MSR;2014;0;0;0;0
Montserrat;MSR;2015;0;0;0;0
Montserrat;MSR;2016;0;0;0;0
Montserrat;MSR;2017;0;0;0;0
Montserrat;MSR;2018;0;0;0;0
Montserrat;MSR;2019;0;0;0;0
Montserrat;MSR;2020;0;0;0;0
Montserrat;MSR;2021;0;0;0;0
Morocco;MAR;1965;0;1.213;0;0
Morocco;MAR;1966;0;1.054;0;0
Morocco;MAR;1967;0;0.932;0;0
Morocco;MAR;1968;0;1.058;0;0
Morocco;MAR;1969;0;1.368;0;0
Morocco;MAR;1970;0;1.346;0;0
Morocco;MAR;1971;0;1.52;0;0
Morocco;MAR;1972;0;1.596;0;0
Morocco;MAR;1973;0;1.192;0;0
Morocco;MAR;1974;0;1.337;0;0
Morocco;MAR;1975;0;1.016;0;0
Morocco;MAR;1976;0;0.998;0;0
Morocco;MAR;1977;0;1.365;0;0
Morocco;MAR;1978;0;1.416;0;0
Morocco;MAR;1979;0;1.582;0;0
Morocco;MAR;1980;0;1.515;0;0
Morocco;MAR;1981;0;1.024;0;0
Morocco;MAR;1982;0;0.572;0;0
Morocco;MAR;1983;0;0.481;0;0
Morocco;MAR;1984;0;0.366;0;0
Morocco;MAR;1985;0;0.486;0;0
Morocco;MAR;1986;0;0.643;0;0
Morocco;MAR;1987;0;0.825;0;0
Morocco;MAR;1988;0;0.936;0;0
Morocco;MAR;1989;0;1.157;0;0
Morocco;MAR;1990;0;1.22;0;0
Morocco;MAR;1991;0;1.226;0;0
Morocco;MAR;1992;0;0.964;0;0
Morocco;MAR;1993;0;0.443;0;0
Morocco;MAR;1994;0;0.84;0;0
Morocco;MAR;1995;0;0.611;0;0
Morocco;MAR;1996;0;1.957;0;0
Morocco;MAR;1997;0;2.083;0;0
Morocco;MAR;1998;0;1.777;0;0
Morocco;MAR;1999;0;0.825;0;0
Morocco;MAR;2000;0.06;0.71;0;0
Morocco;MAR;2001;0.21;0.86;0;0
Morocco;MAR;2002;0.19;0.84;0;0
Morocco;MAR;2003;0.2;1.44;0;0
Morocco;MAR;2004;0.2;1.59;0;0
Morocco;MAR;2005;0.21;0.97;0;0
Morocco;MAR;2006;0.18;0.99;0;0
Morocco;MAR;2007;0.28;0.91;0;0
Morocco;MAR;2008;0.3;0.92;0;0
Morocco;MAR;2009;0.39;2.54;0;0
Morocco;MAR;2010;0.66;3.43;0;0.01
Morocco;MAR;2011;0.69;1.99;0;0.01
Morocco;MAR;2012;0.73;1.62;0.06;0.01
Morocco;MAR;2013;1.36;2.76;0.06;0.01
Morocco;MAR;2014;1.92;1.62;0.06;0.01
Morocco;MAR;2015;2.52;1.87;0.03;0.03
Morocco;MAR;2016;3.02;1.24;0.43;0.05
Morocco;MAR;2017;3.04;1.17;0.44;0.04
Morocco;MAR;2018;3.86;1.68;0.95;0.03
Morocco;MAR;2019;4.72;1.26;1.58;0.04
Morocco;MAR;2020;4.59;0.87;1.52;0.04
Morocco;MAR;2021;5.11;1.21;1.82;0.04
Mozambique;MOZ;2000;0;9.56;0;0.03
Mozambique;MOZ;2001;0;11.72;0;0.03
Mozambique;MOZ;2002;0;12.55;0;0.04
Mozambique;MOZ;2003;0;10.76;0;0.04
Mozambique;MOZ;2004;0;11.55;0;0.04
Mozambique;MOZ;2005;0;13.13;0;0.03
Mozambique;MOZ;2006;0;14.57;0;0.03
Mozambique;MOZ;2007;0;15.9;0;0.03
Mozambique;MOZ;2008;0;14.96;0;0.03
Mozambique;MOZ;2009;0;16.78;0;0.03
Mozambique;MOZ;2010;0;16.48;0;0.03
Mozambique;MOZ;2011;0;16.64;0;0.04
Mozambique;MOZ;2012;0;14.99;0;0.04
Mozambique;MOZ;2013;0;14.4;0;0.17
Mozambique;MOZ;2014;0;16.01;0;0.7
Mozambique;MOZ;2015;0;17.03;0;1.03
Mozambique;MOZ;2016;0;15.45;0;0.31
Mozambique;MOZ;2017;0;13.92;0;0.29
Mozambique;MOZ;2018;0;13.78;0;0.11
Mozambique;MOZ;2019;0;14.93;0;0.14
Mozambique;MOZ;2020;0;15.7;0.03;0.13
Mozambique;MOZ;2021;0;16;0.07;0.14
Myanmar;MMR;2000;0;1.87;0;0.14
Myanmar;MMR;2001;0;1.8;0;0.15
Myanmar;MMR;2002;0;2.21;0;0.14
Myanmar;MMR;2003;0;2.23;0;0.17
Myanmar;MMR;2004;0;2.38;0;0.16
Myanmar;MMR;2005;0;2.97;0;0.14
Myanmar;MMR;2006;0;3.29;0;0.15
Myanmar;MMR;2007;0;3.58;0;0.17
Myanmar;MMR;2008;0;4.03;0;0.16
Myanmar;MMR;2009;0;5.2;0;0.1
Myanmar;MMR;2010;0;5.05;0;0.14
Myanmar;MMR;2011;0;7.44;0;0.14
Myanmar;MMR;2012;0;7.69;0;0.19
Myanmar;MMR;2013;0;8.73;0.01;0.2
Myanmar;MMR;2014;0;8.74;0.01;0.21
Myanmar;MMR;2015;0;9.31;0.03;0.23
Myanmar;MMR;2016;0;9.65;0.05;0.28
Myanmar;MMR;2017;0;10.93;0.06;0.26
Myanmar;MMR;2018;0;12.27;0.07;0.25
Myanmar;MMR;2019;0;10.52;0.09;0.32
Myanmar;MMR;2020;0;11;0.08;0.26
Myanmar;MMR;2021;0;9;0.1;0.27
Namibia;NAM;2000;0;1.37;0;0
Namibia;NAM;2001;0;1.36;0;0
Namibia;NAM;2002;0;1.45;0;0
Namibia;NAM;2003;0;1.5;0;0
Namibia;NAM;2004;0;1.59;0;0
Namibia;NAM;2005;0;1.64;0;0
Namibia;NAM;2006;0;1.59;0;0
Namibia;NAM;2007;0;1.56;0;0
Namibia;NAM;2008;0;1.48;0;0
Namibia;NAM;2009;0;1.39;0;0
Namibia;NAM;2010;0;1.24;0.01;0
Namibia;NAM;2011;0;1.39;0.01;0
Namibia;NAM;2012;0;1.59;0.01;0
Namibia;NAM;2013;0;1.26;0.02;0
Namibia;NAM;2014;0;1.47;0.03;0
Namibia;NAM;2015;0;1.49;0.04;0
Namibia;NAM;2016;0;1.35;0.06;0
Namibia;NAM;2017;0;1.58;0.1;0
Namibia;NAM;2018;0.02;1.13;0.24;0
Namibia;NAM;2019;0.02;0.95;0.35;0
Namibia;NAM;2020;0.02;1.5;0.37;0
Namibia;NAM;2021;0.02;1.1;0.38;0
Nauru;NRU;2000;0;0;0;0
Nauru;NRU;2001;0;0;0;0
Nauru;NRU;2002;0;0;0;0
Nauru;NRU;2003;0;0;0;0
Nauru;NRU;2004;0;0;0;0
Nauru;NRU;2005;0;0;0;0
Nauru;NRU;2006;0;0;0;0
Nauru;NRU;2007;0;0;0;0
Nauru;NRU;2008;0;0;0;0
Nauru;NRU;2009;0;0;0;0
Nauru;NRU;2010;0;0;0;0
Nauru;NRU;2011;0;0;0;0
Nauru;NRU;2012;0;0;0;0
Nauru;NRU;2013;0;0;0;0
Nauru;NRU;2014;0;0;0;0
Nauru;NRU;2015;0;0;0;0
Nauru;NRU;2016;0;0;0;0
Nauru;NRU;2017;0;0;0;0
Nauru;NRU;2018;0;0;0;0
Nauru;NRU;2019;0;0;0;0
Nauru;NRU;2020;0;0;0;0
Nauru;NRU;2021;0;0;0;0
Nepal;NPL;2000;0;1.62;0;0.01
Nepal;NPL;2001;0;1.83;0;0
Nepal;NPL;2002;0;2.1;0;0
Nepal;NPL;2003;0;2.24;0;0
Nepal;NPL;2004;0;2.38;0;0
Nepal;NPL;2005;0;2.49;0;0
Nepal;NPL;2006;0;2.71;0;0
Nepal;NPL;2007;0;2.76;0.01;0
Nepal;NPL;2008;0;2.78;0.01;0
Nepal;NPL;2009;0;3.07;0.01;0
Nepal;NPL;2010;0;3.17;0.01;0
Nepal;NPL;2011;0;3.45;0.01;0
Nepal;NPL;2012;0;3.5;0.01;0
Nepal;NPL;2013;0;3.47;0.02;0
Nepal;NPL;2014;0.01;3.75;0.02;0
Nepal;NPL;2015;0.01;3.42;0.02;0
Nepal;NPL;2016;0.01;4.2;0.02;0
Nepal;NPL;2017;0.01;4.63;0.08;0
Nepal;NPL;2018;0.01;4.9;0.08;0
Nepal;NPL;2019;0.01;6.18;0.07;0
Nepal;NPL;2020;0.01;6.22;0.1;0
Nepal;NPL;2021;0.01;6;0.11;0
Netherlands;NLD;1965;0;0;0;0
Netherlands;NLD;1966;0;0;0;0
Netherlands;NLD;1967;0;0;0;0
Netherlands;NLD;1968;0;0;0;0
Netherlands;NLD;1969;0;0;0;0
Netherlands;NLD;1970;0;0;0;0
Netherlands;NLD;1971;0;0;0;0
Netherlands;NLD;1972;0;0;0;0
Netherlands;NLD;1973;0;0;0;0
Netherlands;NLD;1974;0;0;0;0
Netherlands;NLD;1975;0;0;0;0.803
Netherlands;NLD;1976;0;0;0;0.872
Netherlands;NLD;1977;0;0;0;0.867
Netherlands;NLD;1978;0;0;0;1.211
Netherlands;NLD;1979;0;0;0;1.106
Netherlands;NLD;1980;0;0;0;1.024
Netherlands;NLD;1981;0;0;0;1.085
Netherlands;NLD;1982;0;0;0;0.265
Netherlands;NLD;1983;0;0;0;0.231
Netherlands;NLD;1984;0;0;0;0.017
Netherlands;NLD;1985;0;0.003;0;0.441
Netherlands;NLD;1986;0.001;0.003;0;0.553
Netherlands;NLD;1987;0.002;0.001;0;0.702
Netherlands;NLD;1988;0.016;0.002;0;0.835
Netherlands;NLD;1989;0.023;0.037;0;0.9
Netherlands;NLD;1990;0.06;0.09;0;0.67
Netherlands;NLD;1991;0.09;0.1;0;0.74
Netherlands;NLD;1992;0.15;0.12;0;0.73
Netherlands;NLD;1993;0.17;0.09;0;0.84
Netherlands;NLD;1994;0.24;0.1;0;0.92
Netherlands;NLD;1995;0.32;0.09;0;1
Netherlands;NLD;1996;0.44;0.08;0;1.3
Netherlands;NLD;1997;0.47;0.09;0;1.45
Netherlands;NLD;1998;0.64;0.11;0;1.57
Netherlands;NLD;1999;0.64;0.09;0.01;1.77
Netherlands;NLD;2000;0.83;0.14;0.01;1.99
Netherlands;NLD;2001;0.83;0.12;0.01;2.35
Netherlands;NLD;2002;0.95;0.11;0.02;2.9
Netherlands;NLD;2003;1.32;0.07;0.03;2.54
Netherlands;NLD;2004;1.87;0.09;0.03;3.31
Netherlands;NLD;2005;2.07;0.09;0.04;5.26
Netherlands;NLD;2006;2.73;0.11;0.04;5.17
Netherlands;NLD;2007;3.44;0.11;0.04;4
Netherlands;NLD;2008;4.26;0.1;0.04;5.13
Netherlands;NLD;2009;4.58;0.1;0.04;6.11
Netherlands;NLD;2010;3.99;0.1;0.06;7.04
Netherlands;NLD;2011;5.1;0.06;0.1;7.06
Netherlands;NLD;2012;4.98;0.1;0.19;7.2
Netherlands;NLD;2013;5.63;0.11;0.41;5.95
Netherlands;NLD;2014;5.8;0.11;0.73;5.01
Netherlands;NLD;2015;7.55;0.09;1.11;4.94
Netherlands;NLD;2016;8.17;0.1;1.6;4.91
Netherlands;NLD;2017;10.57;0.06;2.2;4.6
Netherlands;NLD;2018;10.55;0.07;3.71;4.58
Netherlands;NLD;2019;11.51;0.07;5.4;5.81
Netherlands;NLD;2020;15.28;0.05;8.57;8.85
Netherlands;NLD;2021;18;0.09;11.5;10.88
Netherlands;NLD;2022;20.52;0.07;17.34;9.85
New Caledonia;NCL;2000;0.01;0.44;0;0
New Caledonia;NCL;2001;0.01;0.36;0;0
New Caledonia;NCL;2002;0.01;0.32;0;0
New Caledonia;NCL;2003;0;0.32;0;0
New Caledonia;NCL;2004;0.01;0.32;0;0
New Caledonia;NCL;2005;0.02;0.34;0;0
New Caledonia;NCL;2006;0.03;0.28;0;0
New Caledonia;NCL;2007;0.04;0.39;0;0
New Caledonia;NCL;2008;0.03;0.45;0;0
New Caledonia;NCL;2009;0.03;0.4;0;0
New Caledonia;NCL;2010;0.05;0.26;0;0
New Caledonia;NCL;2011;0.05;0.37;0;0
New Caledonia;NCL;2012;0.06;0.4;0;0
New Caledonia;NCL;2013;0.05;0.46;0;0
New Caledonia;NCL;2014;0.06;0.29;0;0
New Caledonia;NCL;2015;0.06;0.34;0.01;0
New Caledonia;NCL;2016;0.05;0.23;0.01;0
New Caledonia;NCL;2017;0.05;0.36;0.03;0
New Caledonia;NCL;2018;0.05;0.32;0.05;0
New Caledonia;NCL;2019;0.06;0.36;0.12;0
New Caledonia;NCL;2020;0.05;0.22;0.15;0
New Caledonia;NCL;2021;0.06;0.22;0.18;0
New Zealand;NZL;1965;0;1.001.878;0;1.348
New Zealand;NZL;1966;0;10.805.433;0;1.359
New Zealand;NZL;1967;0;11.220.857;0;1.134
New Zealand;NZL;1968;0;11.773.282;0;1.295
New Zealand;NZL;1969;0;1.163.628;0;1.327
New Zealand;NZL;1970;0;1.267.042;0;1.273
New Zealand;NZL;1971;0;14.393.986;0;1.256
New Zealand;NZL;1972;0;15.264.607;0;1.257
New Zealand;NZL;1973;0;1.509.667;0;1.243
New Zealand;NZL;1974;0;15.188.889;0;20.790.577
New Zealand;NZL;1975;0;16.663.637;0;21.061.628
New Zealand;NZL;1976;0;1.549.899;0;2.054.847
New Zealand;NZL;1977;0;14.720.202;0;19.780.049
New Zealand;NZL;1978;0;156.595.955;0;20.011.628
New Zealand;NZL;1979;0;18.443.434;0;18.775.839
New Zealand;NZL;1980;0;19.364.647;0;19.714.787
New Zealand;NZL;1981;0;19.679.798;0;1.938.584
New Zealand;NZL;1982;0;1.830.404;0;19.683.207
New Zealand;NZL;1983;0;19.751.514;0;19.863.839
New Zealand;NZL;1984;0;20.376.768;0;21.384.313
New Zealand;NZL;1985;0;19.707.859;0;20.102.081
New Zealand;NZL;1986;0;22.097.696;0;20.830.345
New Zealand;NZL;1987;0;21.928.556;0;20.779.002
New Zealand;NZL;1988;0;22.962.656;0;2.087.283
New Zealand;NZL;1989;0;22.558.859;0;2.578.135
New Zealand;NZL;1990;0;23.185.303;0;29.529.426
New Zealand;NZL;1991;0;22.894.464;0;31.218.293
New Zealand;NZL;1992;0.000690909;21.092.667;0;30.693.219
New Zealand;NZL;1993;0.000985859;23.492.899;0;32.180.853
New Zealand;NZL;1994;0.001010101;2.583.708;0;30.746.424
New Zealand;NZL;1995;0.001010101;27.534.758;0;30.245.616
New Zealand;NZL;1996;0.008326263;2.618.293;0;29.514.518
New Zealand;NZL;1997;0.013593556;23.258.162;0;30.464.327
New Zealand;NZL;1998;0.022069696;25.319.334;0;33.079.102
New Zealand;NZL;1999;0.03899293;22.919.535;0;35.562.158
New Zealand;NZL;2000;0.12;24.19;0;3.23
New Zealand;NZL;2001;0.14;21.46;0;3.27
New Zealand;NZL;2002;0.15;24.62;0;3.2
New Zealand;NZL;2003;0.15;23.39;0;3.26
New Zealand;NZL;2004;0.36;26.97;0;3.19
New Zealand;NZL;2005;0.61;23.09;0;3.79
New Zealand;NZL;2006;0.62;23.34;0;4.01
New Zealand;NZL;2007;0.92;23.4;0;40.499.997
New Zealand;NZL;2008;1.05;22.12;0;4.7
New Zealand;NZL;2009;1.46;23.98;0;51.600.003
New Zealand;NZL;2010;1.62;24.48;0;6.12
New Zealand;NZL;2011;1.94;24.86;0;6.32
New Zealand;NZL;2012;2.06;22.67;0;6.64
New Zealand;NZL;2013;2;22.8;0.01;6.99
New Zealand;NZL;2014;2.19;24.07;0.02;7.66
New Zealand;NZL;2015;2.34;24.28;0.04;8.2
New Zealand;NZL;2016;2.32;25.68;0.06;8.09
New Zealand;NZL;2017;2.07;24.92;0.08;8.21
New Zealand;NZL;2018;2.05;25.99;0.1;8.11
New Zealand;NZL;2019;2.23;25.34;0.13;8.21
New Zealand;NZL;2020;2.28;24.03;0.16;8.26
New Zealand;NZL;2021;2.62;23.98;0.2;8.25
Nicaragua;NIC;2000;0;0.21;0;0.22999999
Nicaragua;NIC;2001;0;0.19;0;0.26999998
Nicaragua;NIC;2002;0;0.3;0;0.39
Nicaragua;NIC;2003;0;0.29;0;0.53
Nicaragua;NIC;2004;0;0.32;0;0.7
Nicaragua;NIC;2005;0;0.43;0;0.76
Nicaragua;NIC;2006;0;0.31;0;0.84
Nicaragua;NIC;2007;0;0.3;0;0.69
Nicaragua;NIC;2008;0;0.53;0;0.73
Nicaragua;NIC;2009;0.11;0.29;0;0.76
Nicaragua;NIC;2010;0.16;0.5;0;0.68
Nicaragua;NIC;2011;0.21;0.44;0;0.65999997
Nicaragua;NIC;2012;0.33;0.41;0.01;0.91999996
Nicaragua;NIC;2013;0.56;0.45;0;1.04
Nicaragua;NIC;2014;0.85;0.39;0;1.04
Nicaragua;NIC;2015;0.87;0.29;0;1.08
Nicaragua;NIC;2016;0.73;0.42;0;1.23
Nicaragua;NIC;2017;0.63;0.46;0.01;1.2
Nicaragua;NIC;2018;0.8;0.41;0.02;1.25
Nicaragua;NIC;2019;0.73;0.23;0.03;13.199.999
Nicaragua;NIC;2020;0.55;0.57;0.03;1.27
Nicaragua;NIC;2021;0.63;0.57;0.03;1.3
Niger;NER;2000;0;0;0;0
Niger;NER;2001;0;0;0;0
Niger;NER;2002;0;0;0;0
Niger;NER;2003;0;0;0;0
Niger;NER;2004;0;0;0;0
Niger;NER;2005;0;0;0;0
Niger;NER;2006;0;0;0;0
Niger;NER;2007;0;0;0;0
Niger;NER;2008;0;0;0;0
Niger;NER;2009;0;0;0;0
Niger;NER;2010;0;0;0;0
Niger;NER;2011;0;0;0;0
Niger;NER;2012;0;0;0.01;0
Niger;NER;2013;0;0;0.01;0
Niger;NER;2014;0;0;0.01;0
Niger;NER;2015;0;0;0.01;0
Niger;NER;2016;0;0;0.01;0
Niger;NER;2017;0;0;0.01;0
Niger;NER;2018;0;0;0.05;0
Niger;NER;2019;0;0;0.05;0
Niger;NER;2020;0;0;0.05;0
Niger;NER;2021;0;0;0.05;0
Nigeria;NGA;2000;0;5.69;0;0.01
Nigeria;NGA;2001;0;5.85;0;0.01
Nigeria;NGA;2002;0;8.15;0;0.01
Nigeria;NGA;2003;0;7.37;0;0.01
Nigeria;NGA;2004;0;8.03;0;0.02
Nigeria;NGA;2005;0;7.69;0;0.01
Nigeria;NGA;2006;0;6.2;0;0.01
Nigeria;NGA;2007;0;6.16;0;0.01
Nigeria;NGA;2008;0;5.66;0;0.01
Nigeria;NGA;2009;0;4.48;0;0.01
Nigeria;NGA;2010;0;6.31;0;0.02
Nigeria;NGA;2011;0;5.82;0;0.02
Nigeria;NGA;2012;0;5.6;0.02;0.02
Nigeria;NGA;2013;0;5.27;0.02;0.02
Nigeria;NGA;2014;0;5.29;0.02;0.02
Nigeria;NGA;2015;0;5.66;0.03;0.02
Nigeria;NGA;2016;0;8.07;0.03;0.02
Nigeria;NGA;2017;0;7.67;0.03;0.02
Nigeria;NGA;2018;0;7.69;0.03;0.02
Nigeria;NGA;2019;0;8.43;0.04;0.02
Nigeria;NGA;2020;0;7.69;0.04;0.02
Nigeria;NGA;2021;0;8;0.05;0.02
Niue;NIU;2000;0;0;0;0
Niue;NIU;2001;0;0;0;0
Niue;NIU;2002;0;0;0;0
Niue;NIU;2003;0;0;0;0
Niue;NIU;2004;0;0;0;0
Niue;NIU;2005;0;0;0;0
Niue;NIU;2006;0;0;0;0
Niue;NIU;2007;0;0;0;0
Niue;NIU;2008;0;0;0;0
Niue;NIU;2009;0;0;0;0
Niue;NIU;2010;0;0;0;0
Niue;NIU;2011;0;0;0;0
Niue;NIU;2012;0;0;0;0
Niue;NIU;2013;0;0;0;0
Niue;NIU;2014;0;0;0;0
Niue;NIU;2015;0;0;0;0
Niue;NIU;2016;0;0;0;0
Niue;NIU;2017;0;0;0;0
Niue;NIU;2018;0;0;0;0
Niue;NIU;2019;0;0;0;0
Niue;NIU;2020;0;0;0;0
Niue;NIU;2021;0;0;0;0
Non-OECD (BP);;1965;0;20.550.403;0;0
Non-OECD (BP);;1966;0;22.500.163;0;0
Non-OECD (BP);;1967;0;22.682.933;0;0
Non-OECD (BP);;1968;0;25.871.475;0;0
Non-OECD (BP);;1969;0;28.353.003;0;0
Non-OECD (BP);;1970;0;31.243.375;0;0.57093334
Non-OECD (BP);;1971;0;32.892.706;0;2.251.386
Non-OECD (BP);;1972;0;34.728.278;0;22.505.975
Non-OECD (BP);;1973;0;3.635.008;0;23.957.705
Non-OECD (BP);;1974;0;40.117.343;0;2.518.155
Non-OECD (BP);;1975;0;4.176.516;0;2.805.168
Non-OECD (BP);;1976;0;4.483.687;0;32.733.002
Non-OECD (BP);;1977;0;48.975.986;0;36.018.486
Non-OECD (BP);;1978;0;54.083.716;0;3.984.917
Non-OECD (BP);;1979;0;5.756.187;0;4.910.943
Non-OECD (BP);;1980;0;61.945.355;0;6.325.481
Non-OECD (BP);;1981;0;6.400.589;0;86.919.365
Non-OECD (BP);;1982;0;64.154.565;0;9.309.695
Non-OECD (BP);;1983;0;6.674.761;0;11.086.061
Non-OECD (BP);;1984;0;72.804.846;0;11.324.791
Non-OECD (BP);;1985;0;766.988;0;11.828.258
Non-OECD (BP);;1986;0;79.971.075;0;12.043.505
Non-OECD (BP);;1987;0;8.250.114;0;118.099.165
Non-OECD (BP);;1988;0;8.751.517;0;12.005.912
Non-OECD (BP);;1989;0;89.675.433;0;12.956.703
Non-OECD (BP);;1990;0.034333333;9.292.613;0.002;15.417.915
Non-OECD (BP);;1991;0.12300091;965.396;0.002;1.548.251
Non-OECD (BP);;1992;0.22078313;977.707;0.003;17.113.373
Non-OECD (BP);;1993;0.31203565;10.345.187;0.004;16.804.276
Non-OECD (BP);;1994;0.5899073;10.919.196;0.005;18.820.713
Non-OECD (BP);;1995;11.282.852;11.318.097;0.008010101;22.515.495
Non-OECD (BP);;1996;10.246.195;1.129.474;0.015060606;23.660.301
Non-OECD (BP);;1997;13.045.784;11.492.561;0.017062606;27.072.464
Non-OECD (BP);;1998;15.659.337;12.023.615;0.020089606;29.586.843
Non-OECD (BP);;1999;21.388.931;12.090.795;0.023196615;3.452.765
Non-OECD (BP);;2000;26.595.974;12.514.701;0.044632446;3.921.229
Non-OECD (BP);;2001;36.127.121;12.852.117;0.06454694;41.591.484
Non-OECD (BP);;2002;3.907.609;13.096.598;0.08758688;43.616.936
Non-OECD (BP);;2003;467.834;13.300.963;0.11402237;47.146.294
Non-OECD (BP);;2004;78.997.703;14.931.588;0.13750423;5.069.905
Non-OECD (BP);;2005;9.469.675;15.760.785;0.16289544;54.292.282
Non-OECD (BP);;2006;15.197.648;16.633.641;0.21474116;6.104.571
Non-OECD (BP);;2007;20.124.887;17.497.335;0.31159696;7.004.063
Non-OECD (BP);;2008;3.150.779;18.734.684;0.40451974;81.582.054
Non-OECD (BP);;2009;4.895.377;18.850.929;0.6187872;949.777
Non-OECD (BP);;2010;76.895.454;20.307.882;13.379.903;11.313.499
Non-OECD (BP);;2011;10.907.014;20.561.714;4.683.093;12.112.756
Non-OECD (BP);;2012;14.698.158;22.005.352;9.249.832;13.205.638
Non-OECD (BP);;2013;19.165.837;2.329.115;17.950.787;14.861.955
Non-OECD (BP);;2014;22.684.457;24.511.494;3.816.274;17.096.185
Non-OECD (BP);;2015;27.190.057;24.561.135;60.593.838;19.184.166
Non-OECD (BP);;2016;3.541.591;25.631.506;9.907.354;19.878.886
Non-OECD (BP);;2017;44.195.383;26.244.407;16.785.309;22.145.059
Non-OECD (BP);;2018;52.518.384;27.024.075;25.187.541;2.586.427
Non-OECD (BP);;2019;5.902.074;27.842.197;3.309.863;28.570.352
Non-OECD (BP);;2020;66.105.914;28.626.907;4.037.636;3.156.815
Non-OECD (BP);;2021;8.852.322;2.833.551;5.092.423;35.269.214
North America;;1971;0;45.020.898;0;17.589.413
North America;;1972;0;476.815;0;19.538.979
North America;;1973;0;4.900.927;0;21.157.692
North America;;1974;0;53.548.865;0;21.876.265
North America;;1975;0;5.246.378;0;213.073
North America;;1976;0;52.093.243;0;24.972.755
North America;;1977;0;46.601.227;0;2.641.312
North America;;1978;0;5.389.425;0;27.776.787
North America;;1979;0;5.494.453;0;29.438.038
North America;;1980;0;55.111.414;0;30.189.117
North America;;1981;0;5.589.818;0;31.566.605
North America;;1982;0;59.746.533;0;31.264.048
North America;;1983;0.002694949;62.673.865;0.003;34.773.598
North America;;1984;0.006555556;63.894.727;0.00530101;40.658.325
North America;;1985;0.0068202023;62.087.665;0.010737374;40.936.893
North America;;1986;0.005231313;6.309.625;0.014173737;4.525.267
North America;;1987;0.0045767683;5.931.344;0.01060303;5.073.043
North America;;1988;0.001879798;5.601.207;0.009185859;5.096.106
North America;;1989;21.343.768;5.918.331;0.2531323;5.842.127
North America;;1990;2.819.687;6.137.012;0.37179494;6.817.216
North America;;1991;29.836.779;6.185.193;0.4802529;71.761.116
North America;;1992;29.766.898;594.729;0.4138971;77.145.935
North America;;1993;3.097.906;62.982.477;0.48121452;7.933.348
North America;;1994;35.537.062;6.084.052;0.50892544;7.946.938
North America;;1995;32.699.928;6.739.834;0.5233137;7.780.539
North America;;1996;33.421.018;7.349.463;0.553236;797.842
North America;;1997;3.403.269;7.322.049;0.5456431;8.107.455
North America;;1998;31.423.817;6.793.241;0.5417646;8.180.744
North America;;1999;47.237.663;6.967.583;0.53870624;8.272.299
North America;;2000;6.07;674.56;0.52;98.54
North America;;2001;7.31;581.36;0.57;89.24
North America;;2002;11.070.001;643.29;0.58;9.481.999
North America;;2003;12.4;637.87;0.55999994;96.23
North America;;2004;15.45;640.62;0.59999996;98.11
North America;;2005;19.699.999;669.19;0.58;102.67
North America;;2006;29.49;682.6;0.53999996;101.39
North America;;2007;38.06;651.78;0.65000004;10.432.001
North America;;2008;59.73;683.18;0.91;102.75
North America;;2009;81.71;681.32;1;102.939.995
North America;;2010;105.26;662.75;1.51;105.16
North America;;2011;132.92;744.03;2.46;106.049.995
North America;;2012;15.728.001;704.26;5.33;107.1
North America;;2013;191.86;703.98;10.83;112.3
North America;;2014;21.318.999;693.99;31.51;114.87
North America;;2015;229.88;676.92;43.12;116.159.996
North America;;2016;271.73;697.4;60.949.997;11.727.999
North America;;2017;299.56;746.13;83.92;116.24
North America;;2018;323.57;730.49;100.93;114.93
North America;;2019;350.79;705.78;121.23;110.59
North America;;2020;398.8;716.55;150.06;106
North America;;2021;440.29;687.87;188.2;106.79
North America;;1965;;3.262.901;;13.332.232
North America;;1966;;3.414.679;;14.062.007
North America;;1967;;37.248.383;;14.073.571
North America;;1968;;3.773.277;;15.546.045
North America;;1969;;42.042.453;;1.622.706
North America;;1970;;42.705.334;;16.235.903
North America (BP);;1971;0;449.287;0;16.584.414
North America (BP);;1972;0;475.886;0;1.867.298
North America (BP);;1973;0;4.892.377;0;20.150.692
North America (BP);;1974;0;53.465.967;0;20.867.266
North America (BP);;1975;0;5.238.668;0;20.272.303
North America (BP);;1976;0;5.197.665;0;23.850.754
North America (BP);;1977;0;46.519.727;0;25.197.123
North America (BP);;1978;0;5.377.995;0;26.408.787
North America (BP);;1979;0;54.806.433;0;28.120.037
North America (BP);;1980;0;5.500.601;0;28.871.117
North America (BP);;1981;0;55.714.276;0;30.239.603
North America (BP);;1982;0;5.962.483;0;2.984.005
North America (BP);;1983;0.002694949;6.253.626;0.003;332.426
North America (BP);;1984;0.006555556;63.731.323;0.00530101;39.356.327
North America (BP);;1985;0.006820202;61.925.464;0.010737374;39.710.896
North America (BP);;1986;0.005231313;6.289.075;0.014173737;4.396.067
North America (BP);;1987;0.004576768;59.090.137;0.01060303;4.939.543
North America (BP);;1988;0.001879798;55.765.576;0.009185859;49.512.062
North America (BP);;1989;21.343.768;59.052.814;0.2531323;57.006.268
North America (BP);;1990;2.819.687;6.124.452;0.37179494;66.537.315
North America (BP);;1991;29.836.779;6.172.273;0.48025286;7.036.828
North America (BP);;1992;29.766.898;593.414;0.4138971;75.645.935
North America (BP);;1993;30.961.888;62.811.975;0.48121452;78.241.486
North America (BP);;1994;35.459.282;6.074.682;0.50892544;7.830.638
North America (BP);;1995;32.622.151;67.287.823;0.5233137;7.681.739
North America (BP);;1996;33.347.363;73.347.784;0.55323595;7.853.903
North America (BP);;1997;33.952.475;73.101.483;0.5456431;7.987.155
North America (BP);;1998;31.332.586;6.775.521;0.5417646;80.742.966
North America (BP);;1999;47.123.313;6.943.183;0.5386052;8.148.087
North America (BP);;2000;5.932.759;6.625.963;0.5419337;8.185.851
North America (BP);;2001;71.523.848;57.019.635;0.60193;82.750.084
North America (BP);;2002;10.884.869;63.230.383;0.6323344;87.906.525
North America (BP);;2003;12.009.471;6.259.625;0.6414438;8.769.915
North America (BP);;2004;15.251.607;6.261.294;0.7213956;89.011.734
North America (BP);;2005;19.576.908;65.609.296;0.7749006;8.989.099
North America (BP);;2006;2.937.578;66.887.775;0.85543215;89.507.706
North America (BP);;2007;38.053.185;6.380.052;11.304.106;9.111.054
North America (BP);;2008;59.965.836;6.677.655;16.870.626;894.266
North America (BP);;2009;8.187.046;6.669.425;22.119.603;8.964.899
North America (BP);;2010;10.557.163;6.458.175;3.299.592;9.280.545
North America (BP);;2011;1.332.274;7.280.895;53.516.192;93.355.865
North America (BP);;2012;15.724.394;6.862.078;9.986.821;9.471.085
North America (BP);;2013;18.486.508;68.636.005;17.644.686;990.234
North America (BP);;2014;20.273.344;6.771.447;31.557.364;101.002.106
North America (BP);;2015;22.835.649;6.595.379;4.252.341;1.013.556
North America (BP);;2016;27.059.662;67.989.343;597.048;10.169.138
North America (BP);;2017;2.990.048;7.232.415;8.281.782;10.177.462
North America (BP);;2018;32.165.475;7.078.941;10.128.505;10.008.296
North America (BP);;2019;34.847.345;69.084.607;119.420.204;9.458.003
North America (BP);;2020;39.669.574;6.962.605;1.457.746;9.072.715
North America (BP);;2021;43.962.244;6.732.584;1.824.262;9.209.221
North America (BP);;1965;;32.592.508;;13.332.232
North America (BP);;1966;;3.410.549;;14.062.007
North America (BP);;1967;;3.721.618;;14.073.571
North America (BP);;1968;;3.769.967;;15.546.045
North America (BP);;1969;;4.200.725;;1.622.706
North America (BP);;1970;;42.663.437;;16.235.903
North America (Ember);;2000;5.85;625.12;0.51;83.32
North America (Ember);;2001;7.08;538.29;0.56;73.87
North America (Ember);;2002;10.76;602.82;0.57;79.43
North America (Ember);;2003;12.02;601.52;0.55;79.15
North America (Ember);;2004;15.09;597.55;0.59;79.78
North America (Ember);;2005;19.38;622.26;0.57;79.89
North America (Ember);;2006;29.06;632.21;0.53;80.04
North America (Ember);;2007;37.46;604.72;0.64;80.71
North America (Ember);;2008;59.15;622.42;0.9;80.05
North America (Ember);;2009;80.53;634.04;0.99;80.5
North America (Ember);;2010;103.29;602.86;1.46;83.37
North America (Ember);;2011;130.27;685.24;2.39;84.13
North America (Ember);;2012;152.02;648.09;5.2;85.93
North America (Ember);;2013;185.62;652.12;10.52;89.770.004
North America (Ember);;2014;203.97;632.26;31.02;92.1
North America (Ember);;2015;217.42;622.78;41.9;92.009.995
North America (Ember);;2016;257.61;643.11;58.86;92.57
North America (Ember);;2017;285.5;684.86;80.82;9.181.999
North America (Ember);;2018;305.52;669.05;97.12;90.28
North America (Ember);;2019;328.21;658.99;110.93;84.83
North America (Ember);;2020;373.68;661.38;134.96;81.119.995
North America (Ember);;2021;413.41;624.13;169.53;81.72
North Korea;PRK;2000;0;10.1;0;0
North Korea;PRK;2001;0;10.49;0;0
North Korea;PRK;2002;0;10.51;0;0
North Korea;PRK;2003;0;11.6;0;0
North Korea;PRK;2004;0;12.38;0;0
North Korea;PRK;2005;0;13;0;0
North Korea;PRK;2006;0;12.49;0;0
North Korea;PRK;2007;0;13.15;0;0
North Korea;PRK;2008;0;13.93;0;0
North Korea;PRK;2009;0;12.38;0;0
North Korea;PRK;2010;0;13.27;0;0
North Korea;PRK;2011;0;13.07;0;0
North Korea;PRK;2012;0;13.36;0;0
North Korea;PRK;2013;0;13.76;0;0
North Korea;PRK;2014;0;12.87;0.01;0
North Korea;PRK;2015;0;9.9;0.01;0
North Korea;PRK;2016;0;12.67;0.01;0
North Korea;PRK;2017;0;11.78;0.01;0
North Korea;PRK;2018;0;12.67;0.01;0
North Korea;PRK;2019;0;11;0.02;0
North Korea;PRK;2020;0;12.8;0.02;0
North Korea;PRK;2021;0;12;0.02;0
North Macedonia;MKD;1990;0;0.49;0;0
North Macedonia;MKD;1991;0;0.85;0;0
North Macedonia;MKD;1992;0;0.85;0;0
North Macedonia;MKD;1993;0;0.52;0;0
North Macedonia;MKD;1994;0;0.69;0;0
North Macedonia;MKD;1995;0;0.8;0;0
North Macedonia;MKD;1996;0;0.85;0;0
North Macedonia;MKD;1997;0;0.9;0;0
North Macedonia;MKD;1998;0;1.08;0;0
North Macedonia;MKD;1999;0;1.39;0;0
North Macedonia;MKD;2000;0;1.17;0;0
North Macedonia;MKD;2001;0;0.63;0;0
North Macedonia;MKD;2002;0;0.76;0;0
North Macedonia;MKD;2003;0;1.37;0;0
North Macedonia;MKD;2004;0;1.48;0;0
North Macedonia;MKD;2005;0;1.49;0;0
North Macedonia;MKD;2006;0;1.65;0;0
North Macedonia;MKD;2007;0;1.01;0;0
North Macedonia;MKD;2008;0;0.84;0;0
North Macedonia;MKD;2009;0;1.27;0;0
North Macedonia;MKD;2010;0;2.43;0;0
North Macedonia;MKD;2011;0;1.43;0;0
North Macedonia;MKD;2012;0;1.04;0;0
North Macedonia;MKD;2013;0;1.58;0.01;0
North Macedonia;MKD;2014;0.07;1.21;0.01;0
North Macedonia;MKD;2015;0.12;1.87;0.02;0.02
North Macedonia;MKD;2016;0.11;1.9;0.02;0.04
North Macedonia;MKD;2017;0.11;1.11;0.02;0.05
North Macedonia;MKD;2018;0.1;1.79;0.02;0.05
North Macedonia;MKD;2019;0.1;1.16;0.02;0.06
North Macedonia;MKD;2020;0.12;1.28;0.02;0.06
North Macedonia;MKD;2021;0.06;1.03;0.02;0.06
Norway;NOR;1965;0;49.452;0;0
Norway;NOR;1966;0;48.744;0;0
Norway;NOR;1967;0;53.301;0;0
Norway;NOR;1968;0;60.205;0;0
Norway;NOR;1969;0;57.371;0;0
Norway;NOR;1970;0;57.808;0;0
Norway;NOR;1971;0;63.245;0;0
Norway;NOR;1972;0;67.417;0;0
Norway;NOR;1973;0;72.867;0;0
Norway;NOR;1974;0;76.597;0;0
Norway;NOR;1975;0;77.33;0;0
Norway;NOR;1976;0;81.933;0;0
Norway;NOR;1977;0;72.022;0;0
Norway;NOR;1978;0;80.706;0;0
Norway;NOR;1979;0;88.698;0;0
Norway;NOR;1980;0;83.613;0;0
Norway;NOR;1981;0;92.834;0;0
Norway;NOR;1982;0;92.499;0;0
Norway;NOR;1983;0;105.688;0;0
Norway;NOR;1984;0;105.903;0;0
Norway;NOR;1985;0;102.383;0;0.005
Norway;NOR;1986;0;96.201;0;0.026
Norway;NOR;1987;0;103.273;0;0.021
Norway;NOR;1988;0;108.857;0;0.027
Norway;NOR;1989;0;118.4;0;0.029
Norway;NOR;1990;0;121.14;0;0.21
Norway;NOR;1991;0;110.13;0;0.21
Norway;NOR;1992;0;116.67;0;0.23
Norway;NOR;1993;0.01;119.23;0;0.24
Norway;NOR;1994;0.01;111.64;0;0.27
Norway;NOR;1995;0.01;121.53;0;0.29
Norway;NOR;1996;0.01;103.86;0;0.3
Norway;NOR;1997;0.01;109.78;0;0.24
Norway;NOR;1998;0.01;115.7;0;0.27
Norway;NOR;1999;0.03;121.45;0;0.27
Norway;NOR;2000;0.03;141.82;0;0.26
Norway;NOR;2001;0.03;120.46;0;0.25
Norway;NOR;2002;0.08;129.37;0;0.25
Norway;NOR;2003;0.22;105.48;0;0.33
Norway;NOR;2004;0.25;108.78;0;0.36
Norway;NOR;2005;0.5;135.69;0;0.33
Norway;NOR;2006;0.64;119.37;0;0.39
Norway;NOR;2007;0.89;133.66;0;0.39
Norway;NOR;2008;0.91;139.04;0;0.4
Norway;NOR;2009;0.98;125.28;0;0.23
Norway;NOR;2010;0.88;116.74;0;0.35
Norway;NOR;2011;1.28;120.28;0;0.34
Norway;NOR;2012;1.55;141.72;0;0.33
Norway;NOR;2013;1.88;128.14;0;0.4
Norway;NOR;2014;2.22;135.47;0;0.25
Norway;NOR;2015;2.52;137.3;0;0.25
Norway;NOR;2016;2.12;142.81;0;0.23
Norway;NOR;2017;2.85;142.37;0;0.26
Norway;NOR;2018;3.88;138.8;0;0.2
Norway;NOR;2019;5.54;125.52;0.01;0.25
Norway;NOR;2020;9.91;140.93;0.03;0.24
Norway;NOR;2021;11.32;138.66;0.03;0.45999998
OECD (BP);;1965;0;71.769.403;0;17.985.231
OECD (BP);;1966;0;75.881.537;0;19.806.007
OECD (BP);;1967;0;778.913;0;1.998.657
OECD (BP);;1968;0;8.005.739;0;22.120.045
OECD (BP);;1969;0;83.821.246;0;23.257.965
OECD (BP);;1970;0;86.221.594;0;25.130.964
OECD (BP);;1971;0;89.831.506;0;2.563.691
OECD (BP);;1972;0;93.734.625;0;27.638.178
OECD (BP);;1973;0;93.951.215;0;2.970.008
OECD (BP);;1974;0;10.300.582;0;3.177.093
OECD (BP);;1975;0;10.312.318;0;32.006.912
OECD (BP);;1976;0;9.947.679;0;3.551.775
OECD (BP);;1977;0;100.191.254;0;3.729.019
OECD (BP);;1978;0.003;10.735.452;0;39.311.733
OECD (BP);;1979;0.006;11.195.674;0;4.158.831
OECD (BP);;1980;0.0105;11.121.958;0;43.391.983
OECD (BP);;1981;0.0105;11.288.446;0;4.479.424
OECD (BP);;1982;0.0185;11.593.624;0;52.399.258
OECD (BP);;1983;0.03279495;12.102.928;0.003;57.268.867
OECD (BP);;1984;0.044755556;1.213.325;0.006311111;65.021.355
OECD (BP);;1985;0.064220205;1.212.794;0.011747475;67.243.324
OECD (BP);;1986;0.13883132;12.068.822;0.015183838;7.387.187
OECD (BP);;1987;0.19537677;12.087.665;0.01060303;801.501
OECD (BP);;1988;0.3315798;12.237.954;0.01019596;82.596
OECD (BP);;1989;26.497.767;1.191.039;0.26222324;91.573.654
OECD (BP);;1990;35.981.371;12.294.822;0.38629496;10.177.869
OECD (BP);;1991;39.637.058;12.436.626;0.50320286;10.675.189
OECD (BP);;1992;45.124.288;12.307.533;0.4635851;11.402.398
OECD (BP);;1993;53.855.333;1.306.939;0.55269754;118.715.034
OECD (BP);;1994;65.330.224;12.642.761;0.5920139;12.182.296
OECD (BP);;1995;71.336.384;13.518.693;0.6308037;12.410.123
OECD (BP);;1996;8.179.981;13.875.515;0.68414736;12.702.258
OECD (BP);;1997;10.713.238;14.117.739;0.7325222;13.431.827
OECD (BP);;1998;14.355.327;13.786.343;0.79169935;13.860.226
OECD (BP);;1999;1.907.728;13.914.637;0.88200027;1.420.922
OECD (BP);;2000;28.747.837;13.951.969;10.143.377;14.553.792
OECD (BP);;2001;3.476.874;12.934.702;13.587.384;15.030.263
OECD (BP);;2002;48.437.172;13.166.002;17.114.327;16.292.552
OECD (BP);;2003;58.607.056;1.292.725;21.410.816;17.099.664
OECD (BP);;2004;77.726.425;13.232.943;28.340.173;18.499.718
OECD (BP);;2005;9.517.466;1.335.203;40.242.143;20.078.943
OECD (BP);;2006;11.830.064;13.587.214;5.547.098;21.071.472
OECD (BP);;2007;1.513.818;13.231.589;7.506.313;22.480.244
OECD (BP);;2008;18.990.326;13.779.625;12.292.904;23.383.667
OECD (BP);;2009;22.783.876;13.613.212;20.455.187;24.383.632
OECD (BP);;2010;26.952.914;13.984.218;3.257.328;2.676.425
OECD (BP);;2011;33.131.363;14.365.006;6.089.923;2.812.277
OECD (BP);;2012;38.351.486;14.413.757;92.291.046;30.365.997
OECD (BP);;2013;44.384.677;14.592.173;120.650.665;32.237.637
OECD (BP);;2014;47.900.912;14.378.726;15.819.377;33.929.495
OECD (BP);;2015;55.944.324;14.222.546;19.414.587;35.925.967
OECD (BP);;2016;6.079.426;14.493.019;22.851.068;36.117.133
OECD (BP);;2017;6.984.393;14.455.419;2.776.132;37.496.985
OECD (BP);;2018;7.447.955;14.807.589;3.243.555;38.438.934
OECD (BP);;2019;83.033.673;1.447.157;37.296.347;3.890.418
OECD (BP);;2020;9.353.691;14.832.999;44.246.573;388.235
OECD (BP);;2021;97.670.764;14.402.766;5.232.589;4.100.905
OECD (Ember);;2000;28.64;1388.68;1.04;158.91
OECD (Ember);;2001;34.71;1292.84;1.3;151.4
OECD (Ember);;2002;48.43;1310.17;1.6;163.91
OECD (Ember);;2003;58.94;1288.6;1.96;17.370.999
OECD (Ember);;2004;77.62;1323.26;2.58;187.97
OECD (Ember);;2005;94.58;1329.71;3.65;20.359.999
OECD (Ember);;2006;117.89;1352.72;4.96;212.83
OECD (Ember);;2007;150.92;1318.55;6.67;22.673.001
OECD (Ember);;2008;189.19;1373.57;11.05;23.295.999
OECD (Ember);;2009;227.23;1361.33;18.67;243.28
OECD (Ember);;2010;269.46;1388.61;29.62;268.4
OECD (Ember);;2011;331.76;1433.2;57.36;280.7
OECD (Ember);;2012;382.31;1435.13;86.66;300.22
OECD (Ember);;2013;449.53;1460.99;113.88;317.96
OECD (Ember);;2014;488.28;1443.81;158.19;336.14
OECD (Ember);;2015;558.06;1426.54;194.46;355.09
OECD (Ember);;2016;607.39;1448.62;230.81;356.86
OECD (Ember);;2017;696.95;1458.19;277.92;367.72
OECD (Ember);;2018;741.77;1480.73;319.45;375.48
OECD (Ember);;2019;833.17;1452.04;369;38.008.002
OECD (Ember);;2020;932.4;1486.51;446.91;380.79
OECD (Ember);;2021;968.17;1431.9;528.48;39.741.998
Oceania;;1974;0;29.062.809;0;25.080.576
Oceania;;1975;0;31.551.437;0;25.951.629
Oceania;;1976;0;2.965.285;0;2.538.847
Oceania;;1977;0;28.264.153;0;24.070.048
Oceania;;1978;0;30.334.946;0;24.061.627
Oceania;;1979;0;3.268.949;0;2.295.584
Oceania;;1980;0;32.831.245;0;23.564.787
Oceania;;1981;0;33.546.143;0;2.342.584
Oceania;;1982;0;31.074.375;0;24.843.206
Oceania;;1983;0;31.875.162;0;2.417.384
Oceania;;1984;0;33.502.716;0;25.794.313
Oceania;;1985;0;3.364.837;0;24.662.082
Oceania;;1986;0;36.123.497;0;25.430.346
Oceania;;1987;0;3.554.235;0;25.479.002
Oceania;;1988;0;372.971;0;28.182.828
Oceania;;1989;0;36.812.527;0;3.388.135
Oceania;;1990;0;379.448;0;37.124.426
Oceania;;1991;0;38.547.966;0.00545;38.413.293
Oceania;;1992;0.000690909;37.034.164;0.0121;3.739.322
Oceania;;1993;0.002985859;39.879.898;0.0146;38.880.854
Oceania;;1994;0.0065101013;4.198.708;0.0174;37.711.425
Oceania;;1995;0.0080101015;43.165.756;0.02115;38.500.617
Oceania;;1996;0.015326263;4.215.143;0.0256;38.979.518
Oceania;;1997;0.021093557;39.210.663;0.03065;40.434.327
Oceania;;1998;0.040069696;41.117.332;0.0356;43.889.103
Oceania;;1999;0.08199293;39.201.035;0.0406;4.689.716
Oceania;;2000;0.19;42.32;0.04;4.13
Oceania;;2001;0.36;39.75;0.04;4.15
Oceania;;2002;0.52000004;42.22;0.05;45.600.004
Oceania;;2003;0.85;41.3;0.06;5.1
Oceania;;2004;10.699.999;44.67;0.07;6.17
Oceania;;2005;1.51;40.04;0.08;7.91
Oceania;;2006;23.600.001;40.83;0.09;8.139.999
Oceania;;2007;3.58;39.62;0.11;8.63
Oceania;;2008;41.899.996;35.97;0.13;8.77
Oceania;;2009;5.33;37.63;0.16;8.39
Oceania;;2010;6.62;39.82;0.39;9.02
Oceania;;2011;8.78;43.600.002;1.4;9.360.001
Oceania;;2012;95.199.995;38.78;2.34;10.13
Oceania;;2013;11.6;43.07;3.51;10.63
Oceania;;2014;12.67;44.31;40.600.004;11.67
Oceania;;2015;13.87;39.54;5.14;12.139.999
Oceania;;2016;16.08;42.63;6.41;12.16
Oceania;;2017;15.39;42.81;8.33;122.300.005
Oceania;;2018;15.799.999;43.65;10.26;12.25
Oceania;;2019;22.009.998;42.89;15.27;12.07
Oceania;;2020;24.53;40.6;24.33;12.049.999
Oceania;;2021;28.77;40.55;28.62;11.97
Oceania;;1965;;17.708.536;0;1.644
Oceania;;1966;;18.150.476;0;1.643
Oceania;;1967;;18.826.645;0;14.239.999
Oceania;;1968;;19.723.782;0;15.769.999
Oceania;;1969;;203.204;0;1.608
Oceania;;1970;;22.841.106;0;1.534
Oceania;;1971;;25.901.428;0;1.519
Oceania;;1972;;2.681.792;0;1.537
Oceania;;1973;;2.738.251;0;15.810.001
Oceania (Ember);;2000;0.19;42.32;0.04;4.13
Oceania (Ember);;2001;0.36;39.75;0.04;4.15
Oceania (Ember);;2002;0.52;42.22;0.05;4.56
Oceania (Ember);;2003;0.85;41.3;0.06;51.000.004
Oceania (Ember);;2004;1.07;44.67;0.07;6.17
Oceania (Ember);;2005;1.51;40.04;0.08;7.91
Oceania (Ember);;2006;2.36;40.83;0.09;8.139.999
Oceania (Ember);;2007;3.58;39.62;0.11;8.63
Oceania (Ember);;2008;4.19;35.97;0.13;8.77
Oceania (Ember);;2009;5.33;37.63;0.16;8.389.999
Oceania (Ember);;2010;6.62;39.82;0.39;9.02
Oceania (Ember);;2011;8.78;43.6;1.4;9.360.001
Oceania (Ember);;2012;9.52;38.78;2.34;10.13
Oceania (Ember);;2013;11.6;43.07;3.51;10.63
Oceania (Ember);;2014;12.67;44.31;4.06;11.67
Oceania (Ember);;2015;13.87;39.54;5.14;12.139.999
Oceania (Ember);;2016;16.08;42.63;6.41;12.16
Oceania (Ember);;2017;15.39;42.81;8.33;122.300.005
Oceania (Ember);;2018;15.8;43.65;10.26;12.25
Oceania (Ember);;2019;22.01;42.89;15.27;12.07
Oceania (Ember);;2020;24.53;40.6;24.33;12.049.999
Oceania (Ember);;2021;28.77;40.55;28.62;11.97
Oman;OMN;1965;0;0;0;0
Oman;OMN;1966;0;0;0;0
Oman;OMN;1967;0;0;0;0
Oman;OMN;1968;0;0;0;0
Oman;OMN;1969;0;0;0;0
Oman;OMN;1970;0;0;0;0
Oman;OMN;1971;0;0;0;0
Oman;OMN;1972;0;0;0;0
Oman;OMN;1973;0;0;0;0
Oman;OMN;1974;0;0;0;0
Oman;OMN;1975;0;0;0;0
Oman;OMN;1976;0;0;0;0
Oman;OMN;1977;0;0;0;0
Oman;OMN;1978;0;0;0;0
Oman;OMN;1979;0;0;0;0
Oman;OMN;1980;0;0;0;0
Oman;OMN;1981;0;0;0;0
Oman;OMN;1982;0;0;0;0
Oman;OMN;1983;0;0;0;0
Oman;OMN;1984;0;0;0;0
Oman;OMN;1985;0;0;0;0
Oman;OMN;1986;0;0;0;0
Oman;OMN;1987;0;0;0;0
Oman;OMN;1988;0;0;0;0
Oman;OMN;1989;0;0;0;0
Oman;OMN;1990;0;0;0;0
Oman;OMN;1991;0;0;0;0
Oman;OMN;1992;0;0;0;0
Oman;OMN;1993;0;0;0;0
Oman;OMN;1994;0;0;0;0
Oman;OMN;1995;0;0;0;0
Oman;OMN;1996;0;0;0;0
Oman;OMN;1997;0;0;0;0
Oman;OMN;1998;0;0;0;0
Oman;OMN;1999;0;0;0;0
Oman;OMN;2000;0;0;0;0
Oman;OMN;2001;0;0;0;0
Oman;OMN;2002;0;0;0;0
Oman;OMN;2003;0;0;0;0
Oman;OMN;2004;0;0;0;0
Oman;OMN;2005;0;0;0;0
Oman;OMN;2006;0;0;0;0
Oman;OMN;2007;0;0;0;0
Oman;OMN;2008;0;0;0;0
Oman;OMN;2009;0;0;0;0
Oman;OMN;2010;0;0;0;0
Oman;OMN;2011;0;0;0;0
Oman;OMN;2012;0;0;0;0
Oman;OMN;2013;0;0;0;0
Oman;OMN;2014;0;0;0;0
Oman;OMN;2015;0;0;0;0
Oman;OMN;2016;0;0;0;0
Oman;OMN;2017;0;0;0.02;0
Oman;OMN;2018;0;0;0.02;0
Oman;OMN;2019;0;0;0.02;0
Oman;OMN;2020;0;0;0.13;0
Oman;OMN;2021;0;0;0.16;0
Pakistan;PAK;1965;0;2.196.442;0;0
Pakistan;PAK;1966;0;2.196.442;0;0
Pakistan;PAK;1967;0;26.030.266;0;0
Pakistan;PAK;1968;0;3.128.935;0;0
Pakistan;PAK;1969;0;33.012.917;0;0
Pakistan;PAK;1970;0;29.212.234;0;0
Pakistan;PAK;1971;0;38.139.422;0;0
Pakistan;PAK;1972;0;4.012.815;0;0
Pakistan;PAK;1973;0;4.233.785;0;0
Pakistan;PAK;1974;0;42.558.823;0;0
Pakistan;PAK;1975;0;4.896.695;0;0
Pakistan;PAK;1976;0;53.165.383;0;0
Pakistan;PAK;1977;0;63.153.224;0;0
Pakistan;PAK;1978;0;78.400.154;0;0
Pakistan;PAK;1979;0;8.476.409;0;0
Pakistan;PAK;1980;0;8.887.413;0;0
Pakistan;PAK;1981;0;928.074;0;0
Pakistan;PAK;1982;0;10.443.042;0;0
Pakistan;PAK;1983;0;12.095.898;0;0
Pakistan;PAK;1984;0;12.537.838;0;0
Pakistan;PAK;1985;0;13.023.972;0;0
Pakistan;PAK;1986;0;12.453.869;0;0
Pakistan;PAK;1987;0;16.373.877;0;0
Pakistan;PAK;1988;0;1.716.495;0;0
Pakistan;PAK;1989;0;17.443.373;0;0
Pakistan;PAK;1990;0;170.854;0;0
Pakistan;PAK;1991;0;18.283.058;0;0
Pakistan;PAK;1992;0;19.944.752;0;0
Pakistan;PAK;1993;0;21.933.483;0;0
Pakistan;PAK;1994;0;21.526.897;0;0
Pakistan;PAK;1995;0;22.746.653;0;0
Pakistan;PAK;1996;0;24.797.253;0;0
Pakistan;PAK;1997;0;18.446.575;0;0
Pakistan;PAK;1998;0;24.107.826;0;0
Pakistan;PAK;1999;0;215.048;0;0
Pakistan;PAK;2000;0;17.02;0;0.77
Pakistan;PAK;2001;0;18.75;0;0.79
Pakistan;PAK;2002;0;22.13;0;0.82
Pakistan;PAK;2003;0;26.67;0;0.82
Pakistan;PAK;2004;0;25.41;0;0.92
Pakistan;PAK;2005;0;30.55;0;0.97
Pakistan;PAK;2006;0;31.63;0;1.03
Pakistan;PAK;2007;0;28.42;0;1.1
Pakistan;PAK;2008;0;27.51;0;1.16
Pakistan;PAK;2009;0.01;27.81;0;1.2
Pakistan;PAK;2010;0.01;31.49;0.01;1.07
Pakistan;PAK;2011;0.02;28.23;0.03;1.07
Pakistan;PAK;2012;0.01;29.56;0.07;1.04
Pakistan;PAK;2013;0.4;31.55;0.14;1.15
Pakistan;PAK;2014;0.8;32.15;0.24;1.28
Pakistan;PAK;2015;0.79;34.29;0.38;1.36
Pakistan;PAK;2016;1.33;31.86;0.68;1.77
Pakistan;PAK;2017;2.1;27.65;0.92;1.72
Pakistan;PAK;2018;3.16;37.01;0.92;1.58
Pakistan;PAK;2019;2.88;35.28;0.93;1.43
Pakistan;PAK;2020;2.88;37.38;1.03;1.43
Pakistan;PAK;2021;2.88;39;1.26;1.52
Palestine;PSE;2000;0;0;0;0
Palestine;PSE;2001;0;0;0;0
Palestine;PSE;2002;0;0;0;0
Palestine;PSE;2003;0;0;0;0
Palestine;PSE;2004;0;0;0;0
Palestine;PSE;2005;0;0;0;0
Palestine;PSE;2006;0;0;0;0
Palestine;PSE;2007;0;0;0;0
Palestine;PSE;2008;0;0;0;0
Palestine;PSE;2009;0;0;0;0
Palestine;PSE;2010;0;0;0;0
Palestine;PSE;2011;0;0;0;0
Palestine;PSE;2012;0;0;0;0
Palestine;PSE;2013;0;0;0;0
Palestine;PSE;2014;0;0;0;0
Palestine;PSE;2015;0;0;0.01;0
Palestine;PSE;2016;0;0;0.04;0
Palestine;PSE;2017;0;0;0.05;0
Palestine;PSE;2018;0;0;0.06;0
Palestine;PSE;2019;0;0;0.12;0
Palestine;PSE;2020;0;0;0.18;0
Palestine;PSE;2021;0;0;0.2;0
Panama;PAN;2000;0;3.38;0;0.02
Panama;PAN;2001;0;2.47;0;0.04
Panama;PAN;2002;0;3.37;0;0.03
Panama;PAN;2003;0;2.8;0;0.04
Panama;PAN;2004;0;3.74;0;0.03
Panama;PAN;2005;0;3.69;0;0.03
Panama;PAN;2006;0;3.54;0;0.04
Panama;PAN;2007;0;3.63;0;0.04
Panama;PAN;2008;0;3.93;0;0.06
Panama;PAN;2009;0;3.86;0;0.06
Panama;PAN;2010;0;4.15;0;0.05
Panama;PAN;2011;0;4.06;0;0.08
Panama;PAN;2012;0;5.33;0;0.09
Panama;PAN;2013;0;5.1;0;0.1
Panama;PAN;2014;0.12;4.98;0.01;0.08
Panama;PAN;2015;0.42;6.19;0.02;0.06
Panama;PAN;2016;0.63;6.46;0.08;0.07
Panama;PAN;2017;0.49;7.18;0.16;0.07
Panama;PAN;2018;0.59;7.86;0.26;0.03
Panama;PAN;2019;0.73;5.1;0.34;0.07
Panama;PAN;2020;0.58;7.35;0.37;0.05
Panama;PAN;2021;0.66;7.2;0.42;0.05
Papua New Guinea;PNG;2000;0;0.92;0;0.05
Papua New Guinea;PNG;2001;0;0.92;0;0.08
Papua New Guinea;PNG;2002;0;0.92;0;0.08
Papua New Guinea;PNG;2003;0;0.92;0;0.15
Papua New Guinea;PNG;2004;0;0.89;0;0.15
Papua New Guinea;PNG;2005;0;0.88;0;0.4
Papua New Guinea;PNG;2006;0;0.85;0;0.4
Papua New Guinea;PNG;2007;0;0.85;0;0.49
Papua New Guinea;PNG;2008;0;0.85;0;0.49
Papua New Guinea;PNG;2009;0;0.85;0;0.47
Papua New Guinea;PNG;2010;0;0.85;0;0.47
Papua New Guinea;PNG;2011;0;0.96;0;0.46
Papua New Guinea;PNG;2012;0;0.97;0;0.46
Papua New Guinea;PNG;2013;0;0.99;0;0.48000002
Papua New Guinea;PNG;2014;0;1.01;0;0.48000002
Papua New Guinea;PNG;2015;0;1;0;0.48000002
Papua New Guinea;PNG;2016;0;1;0;0.48000002
Papua New Guinea;PNG;2017;0;0.79;0;0.48000002
Papua New Guinea;PNG;2018;0;0.78;0;0.49
Papua New Guinea;PNG;2019;0;0.8;0;0.48000002
Papua New Guinea;PNG;2020;0;0.8;0;0.48000002
Papua New Guinea;PNG;2021;0;0.8;0;0.49
Paraguay;PRY;2000;0;52.96;0;0
Paraguay;PRY;2001;0;44.86;0;0
Paraguay;PRY;2002;0;47.73;0;0
Paraguay;PRY;2003;0;51.25;0;0
Paraguay;PRY;2004;0;51.41;0;0
Paraguay;PRY;2005;0;50.65;0;0
Paraguay;PRY;2006;0;53.25;0;0
Paraguay;PRY;2007;0;53.19;0;0
Paraguay;PRY;2008;0;54.91;0;0
Paraguay;PRY;2009;0;54.41;0;0
Paraguay;PRY;2010;0;53.52;0;0
Paraguay;PRY;2011;0;57.05;0;0
Paraguay;PRY;2012;0;59.63;0;0
Paraguay;PRY;2013;0;59.77;0;0.1
Paraguay;PRY;2014;0;54.72;0;0.11
Paraguay;PRY;2015;0;55.19;0;0.11
Paraguay;PRY;2016;0;63.13;0;0.17
Paraguay;PRY;2017;0;59.09;0;0.14
Paraguay;PRY;2018;0;58.62;0;0.13
Paraguay;PRY;2019;0;48.93;0;0.06
Paraguay;PRY;2020;0;46.37;0;0.06
Paraguay;PRY;2021;0;39.89;0;0.06
Peru;PER;1965;0;2.625;0;0
Peru;PER;1966;0;2.827;0;0
Peru;PER;1967;0;3.168;0;0
Peru;PER;1968;0;3.4;0;0
Peru;PER;1969;0;3.701;0;0
Peru;PER;1970;0;3.536;0;0
Peru;PER;1971;0;4.286;0;0.227
Peru;PER;1972;0;4.435;0;0.227
Peru;PER;1973;0;4.769;0;0.23
Peru;PER;1974;0;5.216;0;0.266
Peru;PER;1975;0;5.467;0;0.266
Peru;PER;1976;0;5.793;0;0.245
Peru;PER;1977;0;6.025;0;0.242
Peru;PER;1978;0;6.192;0;0.215
Peru;PER;1979;0;6.703;0;0.163
Peru;PER;1980;0;7.01;0;0.085
Peru;PER;1981;0;7.996;0;0.076
Peru;PER;1982;0;8.396;0;0.151
Peru;PER;1983;0;8.107;0;0.145
Peru;PER;1984;0;8.703;0;0.142
Peru;PER;1985;0;9.382;0;0.169
Peru;PER;1986;0;10.06;0;0.154
Peru;PER;1987;0;10.878;0;0.136
Peru;PER;1988;0;10.423;0;0.136
Peru;PER;1989;0;10.507;0;0.145
Peru;PER;1990;0;10.469;0;0.136
Peru;PER;1991;0;11.492;0;0.133
Peru;PER;1992;0;9.689;0;0.133
Peru;PER;1993;0;11.799;0;0.109
Peru;PER;1994;0;12.747;0;0.119
Peru;PER;1995;0;129.376;0;0.142
Peru;PER;1996;0.0004;133.236;0;0.137
Peru;PER;1997;0.0006;132.145;0;0.154
Peru;PER;1998;0.0005;138.083;0;0.126
Peru;PER;1999;0.0006;145.406;0;0.139
Peru;PER;2000;0;16.01;0;0.06
Peru;PER;2001;0;17.43;0;0.05
Peru;PER;2002;0;17.86;0;0.07
Peru;PER;2003;0;18.35;0;0.09
Peru;PER;2004;0;17.35;0;0.12
Peru;PER;2005;0;17.9;0;0.12
Peru;PER;2006;0;19.51;0;0.09
Peru;PER;2007;0;19.35;0;0.07
Peru;PER;2008;0;18.96;0;0.11
Peru;PER;2009;0;19.42;0;0.18
Peru;PER;2010;0;19.84;0;0.19
Peru;PER;2011;0;21.37;0;0.3
Peru;PER;2012;0;21.14;0.09;0.45
Peru;PER;2013;0;22.09;0.24;0.48
Peru;PER;2014;0.26;21.98;0.25;0.52
Peru;PER;2015;0.6;23.47;0.29;0.46
Peru;PER;2016;1.06;23.92;0.31;0.61
Peru;PER;2017;1.07;28.77;0.36;0.6
Peru;PER;2018;1.5;30.41;0.75;0.6
Peru;PER;2019;1.65;31.26;0.78;0.7
Peru;PER;2020;1.81;30.5;0.79;0.6
Peru;PER;2021;1.81;31.89;0.82;0.72
Philippines;PHL;1965;0;1.55;0;0
Philippines;PHL;1966;0;1.52;0;0
Philippines;PHL;1967;0;1.68;0;0
Philippines;PHL;1968;0;1.72;0;0
Philippines;PHL;1969;0;1.815;0;0
Philippines;PHL;1970;0;2.097;0;0
Philippines;PHL;1971;0;1.933;0;0
Philippines;PHL;1972;0;2.207;0;0
Philippines;PHL;1973;0;2.374;0;0
Philippines;PHL;1974;0;2.051;0;0
Philippines;PHL;1975;0;2.272;0;0
Philippines;PHL;1976;0;2.795;0;0
Philippines;PHL;1977;0;2.114;0;0.001
Philippines;PHL;1978;0;2.811;0;0.003
Philippines;PHL;1979;0;2.881;0;0.63694
Philippines;PHL;1980;0;3.522;0;204.485
Philippines;PHL;1981;0;3.725;0;391.219
Philippines;PHL;1982;0;3.773;0;390.786
Philippines;PHL;1983;0;3.968;0;493.498
Philippines;PHL;1984;0;5.278;0;535.846
Philippines;PHL;1985;0;5.553;0;594.218
Philippines;PHL;1986;0;6.017;0;55.733
Philippines;PHL;1987;0;5.247;0;489.597
Philippines;PHL;1988;0;6.264;0;522.291
Philippines;PHL;1989;0;6.485;0;570.166
Philippines;PHL;1990;0;6.062;0;589.576
Philippines;PHL;1991;0;5.145;0;5.758
Philippines;PHL;1992;0;4.44;0;5.7
Philippines;PHL;1993;0;5.03;0;5.667
Philippines;PHL;1994;0;5.862;0;6.32
Philippines;PHL;1995;0;6.232;0;6.135
Philippines;PHL;1996;0;7.03;0;6.534
Philippines;PHL;1997;0;6.069;0;7.237
Philippines;PHL;1998;0;5.066;0;8.914
Philippines;PHL;1999;0;7.84;0;10.594
Philippines;PHL;2000;0;7.72;0;11.650.001
Philippines;PHL;2001;0;7.03;0;10.469.999
Philippines;PHL;2002;0;6.96;0;10.26
Philippines;PHL;2003;0;7.79;0;9.849.999
Philippines;PHL;2004;0;8.51;0;10.309.999
Philippines;PHL;2005;0.02;8.3;0;9.929.999
Philippines;PHL;2006;0.05;9.84;0;10.5
Philippines;PHL;2007;0.06;8.48;0;10.26
Philippines;PHL;2008;0.06;9.74;0;10.76
Philippines;PHL;2009;0.06;9.69;0;10.509.999
Philippines;PHL;2010;0.06;7.72;0;10.37
Philippines;PHL;2011;0.09;9.6;0;10.4
Philippines;PHL;2012;0.08;10.15;0;10.83
Philippines;PHL;2013;0.07;9.92;0;10.190.001
Philippines;PHL;2014;0.15;9.05;0.02;10.96
Philippines;PHL;2015;0.75;8.58;0.14;12.13
Philippines;PHL;2016;0.98;8.03;1.1;12.26
Philippines;PHL;2017;1.09;9.52;1.2;11.540.001
Philippines;PHL;2018;1.15;9.29;1.25;12.04
Philippines;PHL;2019;1.04;7.94;1.26;12.54
Philippines;PHL;2020;1.03;7.79;1.39;13
Philippines;PHL;2021;1.17;8;1.5;13.27
Poland;POL;1965;0;0.896;0;0.026
Poland;POL;1966;0;0.896;0;0.038
Poland;POL;1967;0;0.957;0;0.044
Poland;POL;1968;0;1.005;0;0.047
Poland;POL;1969;0;0.81;0;0.084
Poland;POL;1970;0;1.771;0;0.059
Poland;POL;1971;0;1.569;0;0.101
Poland;POL;1972;0;1.503;0;0.185
Poland;POL;1973;0;1.456;0;0.223
Poland;POL;1974;0;2.122;0;0.235
Poland;POL;1975;0;1.99;0;0.211
Poland;POL;1976;0;1.645;0;0.183
Poland;POL;1977;0;1.957;0;0.265
Poland;POL;1978;0;1.951;0;0.262
Poland;POL;1979;0;1.807;0;0.24
Poland;POL;1980;0;2.349;0;0.248
Poland;POL;1981;0;2.137;0;0.269
Poland;POL;1982;0;1.543;0;0.269
Poland;POL;1983;0;1.675;0;0.362
Poland;POL;1984;0;1.408;0;0.345
Poland;POL;1985;0;1.852;0;0.397
Poland;POL;1986;0;1.549;0;0.368
Poland;POL;1987;0;1.661;0;0.193
Poland;POL;1988;0;1.793;0;0.094
Poland;POL;1989;0;1.609;0;0.103
Poland;POL;1990;0;1.44;0;0.05
Poland;POL;1991;0;1.42;0;0.08
Poland;POL;1992;0;1.51;0;0.11
Poland;POL;1993;0;1.49;0;0.06
Poland;POL;1994;0;1.73;0;0.05
Poland;POL;1995;0;1.89;0;0.07
Poland;POL;1996;0;1.93;0;0.13
Poland;POL;1997;0;1.96;0;0.17
Poland;POL;1998;0;2.31;0;0.22
Poland;POL;1999;0;2.15;0;0.19
Poland;POL;2000;0;2.11;0;0.22
Poland;POL;2001;0.01;2.33;0;0.44
Poland;POL;2002;0.06;2.28;0;0.43
Poland;POL;2003;0.12;1.67;0;0.46
Poland;POL;2004;0.14;2.08;0;0.98
Poland;POL;2005;0.14;2.2;0;1.51
Poland;POL;2006;0.26;2.04;0;1.99
Poland;POL;2007;0.52;2.35;0;2.56
Poland;POL;2008;0.84;2.15;0;3.62
Poland;POL;2009;1.08;2.38;0;5.23
Poland;POL;2010;1.66;2.92;0;6.3
Poland;POL;2011;3.2;2.33;0;7.6
Poland;POL;2012;4.75;2.04;0;10.09
Poland;POL;2013;6;2.44;0;8.62
Poland;POL;2014;7.68;2.18;0.01;9.98
Poland;POL;2015;10.86;1.83;0.06;9.94
Poland;POL;2016;12.59;2.14;0.12;7.96
Poland;POL;2017;14.91;2.56;0.17;6.49
Poland;POL;2018;12.8;1.97;0.3;6.55
Poland;POL;2019;15.11;1.96;0.71;7.68
Poland;POL;2020;15.8;2.12;1.96;8.35
Poland;POL;2021;16.23;2.34;3.93;8.06
Poland;POL;2022;19.76;2.06;8;7.76
Portugal;PRT;1965;0;3.975;0;0.207
Portugal;PRT;1966;0;5.276;0;0.2
Portugal;PRT;1967;0;5.481;0;0.192
Portugal;PRT;1968;0;5.188;0;0.228
Portugal;PRT;1969;0;6.311;0;0.28
Portugal;PRT;1970;0;5.804;0;0.186
Portugal;PRT;1971;0;6.17;0;0.143
Portugal;PRT;1972;0;7.086;0;0.113
Portugal;PRT;1973;0;7.325;0;0.2
Portugal;PRT;1974;0;7.828;0;0.18
Portugal;PRT;1975;0;6.41;0;0.236
Portugal;PRT;1976;0;4.787;0;0.23
Portugal;PRT;1977;0;9.966;0;0.234
Portugal;PRT;1978;0;10.811;0;0.232
Portugal;PRT;1979;0;11.213;0;0.258
Portugal;PRT;1980;0;8.015;0;0.32
Portugal;PRT;1981;0;5.019;0;0.311
Portugal;PRT;1982;0;6.921;0;0.353
Portugal;PRT;1983;0;8.026;0;0.405
Portugal;PRT;1984;0;9.765;0;0.373
Portugal;PRT;1985;0;10.693;0;0.548
Portugal;PRT;1986;0;8.514;0;0.606
Portugal;PRT;1987;0;9.153;0;0.614
Portugal;PRT;1988;0;12.233;0;0.653
Portugal;PRT;1989;0.001;5.819;0.001010101;0.661
Portugal;PRT;1990;0;9.14;0;0.69
Portugal;PRT;1991;0;9.03;0;0.81
Portugal;PRT;1992;0;4.61;0;0.88
Portugal;PRT;1993;0.01;8.52;0;0.9
Portugal;PRT;1994;0.02;10.65;0;0.96
Portugal;PRT;1995;0.02;8.33;0;1.03
Portugal;PRT;1996;0.02;14.75;0;1.01
Portugal;PRT;1997;0.04;13.1;0;10.899.999
Portugal;PRT;1998;0.09;12.98;0;10.799.999
Portugal;PRT;1999;0.12;7.26;0;1.24
Portugal;PRT;2000;0.17;11.32;0;1.38
Portugal;PRT;2001;0.26;14.03;0;1.45
Portugal;PRT;2002;0.36;7.8;0;1.57
Portugal;PRT;2003;0.5;15.72;0;1.48
Portugal;PRT;2004;0.82;9.87;0;1.62
Portugal;PRT;2005;1.77;4.73;0;1.75
Portugal;PRT;2006;2.93;11;0;17.900.001
Portugal;PRT;2007;4.04;10.09;0.02;2.06
Portugal;PRT;2008;5.76;6.8;0.04;2.04
Portugal;PRT;2009;7.58;8.28;0.16;2.27
Portugal;PRT;2010;9.18;16.15;0.21;2.81
Portugal;PRT;2011;9.16;11.54;0.28;3.13
Portugal;PRT;2012;10.26;5.62;0.39;31.000.001
Portugal;PRT;2013;12.01;13.73;0.48;3.25
Portugal;PRT;2014;12.11;15.57;0.63;3.26
Portugal;PRT;2015;11.61;8.66;0.8;3.3
Portugal;PRT;2016;12.47;15.72;0.87;3.24
Portugal;PRT;2017;12.25;5.9;0.99;3.44
Portugal;PRT;2018;12.62;12.39;1.01;3.39
Portugal;PRT;2019;13.67;8.82;1.34;3.58
Portugal;PRT;2020;12.3;12.08;1.72;40.099.998
Portugal;PRT;2021;13.22;11.91;2.24;4.18
Portugal;PRT;2022;13.27;7.59;3.07;4.16
Puerto Rico;PRI;2000;0;0.15;0;0
Puerto Rico;PRI;2001;0;0.13;0;0
Puerto Rico;PRI;2002;0;0.11;0;0
Puerto Rico;PRI;2003;0;0.1;0;0
Puerto Rico;PRI;2004;0;0.14;0;0
Puerto Rico;PRI;2005;0;0.14;0;0
Puerto Rico;PRI;2006;0;0.14;0;0
Puerto Rico;PRI;2007;0;0.16;0;0
Puerto Rico;PRI;2008;0;0.16;0;0
Puerto Rico;PRI;2009;0;0.17;0;0
Puerto Rico;PRI;2010;0;0.16;0;0
Puerto Rico;PRI;2011;0;0.15;0;0
Puerto Rico;PRI;2012;0.01;0.09;0.02;0
Puerto Rico;PRI;2013;0.17;0.08;0.04;0
Puerto Rico;PRI;2014;0.22;0.08;0.05;0
Puerto Rico;PRI;2015;0.24;0.05;0.09;0
Puerto Rico;PRI;2016;0.19;0.07;0.12;0.01
Puerto Rico;PRI;2017;0.15;0.05;0.16;0.01
Puerto Rico;PRI;2018;0.11;0.04;0.08;0.02
Puerto Rico;PRI;2019;0.16;0.05;0.24;0.02
Puerto Rico;PRI;2020;0.14;0.05;0.26;0.03
Puerto Rico;PRI;2021;0.16;0.05;0.27;0.03
Qatar;QAT;1965;0;0;0;0
Qatar;QAT;1966;0;0;0;0
Qatar;QAT;1967;0;0;0;0
Qatar;QAT;1968;0;0;0;0
Qatar;QAT;1969;0;0;0;0
Qatar;QAT;1970;0;0;0;0
Qatar;QAT;1971;0;0;0;0
Qatar;QAT;1972;0;0;0;0
Qatar;QAT;1973;0;0;0;0
Qatar;QAT;1974;0;0;0;0
Qatar;QAT;1975;0;0;0;0
Qatar;QAT;1976;0;0;0;0
Qatar;QAT;1977;0;0;0;0
Qatar;QAT;1978;0;0;0;0
Qatar;QAT;1979;0;0;0;0
Qatar;QAT;1980;0;0;0;0
Qatar;QAT;1981;0;0;0;0
Qatar;QAT;1982;0;0;0;0
Qatar;QAT;1983;0;0;0;0
Qatar;QAT;1984;0;0;0;0
Qatar;QAT;1985;0;0;0;0
Qatar;QAT;1986;0;0;0;0
Qatar;QAT;1987;0;0;0;0
Qatar;QAT;1988;0;0;0;0
Qatar;QAT;1989;0;0;0;0
Qatar;QAT;1990;0;0;0;0
Qatar;QAT;1991;0;0;0;0
Qatar;QAT;1992;0;0;0;0
Qatar;QAT;1993;0;0;0;0
Qatar;QAT;1994;0;0;0;0
Qatar;QAT;1995;0;0;0;0
Qatar;QAT;1996;0;0;0;0
Qatar;QAT;1997;0;0;0;0
Qatar;QAT;1998;0;0;0;0
Qatar;QAT;1999;0;0;0;0
Qatar;QAT;2000;0;0;0;0
Qatar;QAT;2001;0;0;0;0
Qatar;QAT;2002;0;0;0;0
Qatar;QAT;2003;0;0;0;0
Qatar;QAT;2004;0;0;0;0
Qatar;QAT;2005;0;0;0;0
Qatar;QAT;2006;0;0;0;0
Qatar;QAT;2007;0;0;0;0
Qatar;QAT;2008;0;0;0;0
Qatar;QAT;2009;0;0;0;0
Qatar;QAT;2010;0;0;0;0
Qatar;QAT;2011;0;0;0;0.02
Qatar;QAT;2012;0;0;0;0.03
Qatar;QAT;2013;0;0;0;0.03
Qatar;QAT;2014;0;0;0.01;0.03
Qatar;QAT;2015;0;0;0.01;0.03
Qatar;QAT;2016;0;0;0.01;0.03
Qatar;QAT;2017;0;0;0.01;0.03
Qatar;QAT;2018;0;0;0.01;0.03
Qatar;QAT;2019;0;0;0.01;0.03
Qatar;QAT;2020;0;0;0.01;0.03
Qatar;QAT;2021;0;0;0.01;0.03
Reunion;REU;2000;0;0.55;0;0.16
Reunion;REU;2001;0;0.56;0;0.17
Reunion;REU;2002;0;0.57;0;0.14
Reunion;REU;2003;0;0.57;0;0.15
Reunion;REU;2004;0;0.57;0;0.22
Reunion;REU;2005;0.01;0.57;0;0.24
Reunion;REU;2006;0.01;0.57;0;0.3
Reunion;REU;2007;0.01;0.65;0;0.3
Reunion;REU;2008;0.01;0.63;0;0.33
Reunion;REU;2009;0.02;0.53;0.02;0.32
Reunion;REU;2010;0.02;0.54;0.08;0.32
Reunion;REU;2011;0.01;0.4;0.14;0.34
Romania;ROU;1965;0;1.005;0;0
Romania;ROU;1966;0;1.035;0;0
Romania;ROU;1967;0;1.476;0;0
Romania;ROU;1968;0;1.562;0;0
Romania;ROU;1969;0;2.217;0;0
Romania;ROU;1970;0;2.773;0;0
Romania;ROU;1971;0;4.495;0;0
Romania;ROU;1972;0;7.343;0;0
Romania;ROU;1973;0;7.547;0;0
Romania;ROU;1974;0;8.476;0;0
Romania;ROU;1975;0;9.361;0;0
Romania;ROU;1976;0;8.107;0;0
Romania;ROU;1977;0;9.345;0;0
Romania;ROU;1978;0;10.614;0;0
Romania;ROU;1979;0;11.339;0;0
Romania;ROU;1980;0;12.637;0;0
Romania;ROU;1981;0;12.737;0;0
Romania;ROU;1982;0;11.854;0;0
Romania;ROU;1983;0;10.038;0;0
Romania;ROU;1984;0;11.326;0;0
Romania;ROU;1985;0;12.713;0;0
Romania;ROU;1986;0;10.81;0;0
Romania;ROU;1987;0;11.209;0;0
Romania;ROU;1988;0;14.776;0;0
Romania;ROU;1989;0;13.678;0;0
Romania;ROU;1990;0;11.41;0;0
Romania;ROU;1991;0;14.59;0;0
Romania;ROU;1992;0;11.7;0;0
Romania;ROU;1993;0;12.77;0;0
Romania;ROU;1994;0;13.05;0;0
Romania;ROU;1995;0;16.69;0;0
Romania;ROU;1996;0;15.76;0;0
Romania;ROU;1997;0;17.51;0;0.01
Romania;ROU;1998;0;18.88;0;0.01
Romania;ROU;1999;0;18.29;0;0
Romania;ROU;2000;0;14.78;0;0
Romania;ROU;2001;0;14.92;0;0
Romania;ROU;2002;0;16.05;0;0
Romania;ROU;2003;0;13.26;0;0
Romania;ROU;2004;0;16.51;0;0
Romania;ROU;2005;0;20.21;0;0.01
Romania;ROU;2006;0;18.36;0;0
Romania;ROU;2007;0;15.97;0;0.04
Romania;ROU;2008;0;17.2;0;0.02
Romania;ROU;2009;0.01;15.53;0;0.01
Romania;ROU;2010;0.31;19.88;0;0.11
Romania;ROU;2011;1.39;14.73;0;0.2
Romania;ROU;2012;2.64;12.07;0.01;0.21
Romania;ROU;2013;4.52;14.96;0.42;0.25
Romania;ROU;2014;6.2;18.8;1.62;0.5
Romania;ROU;2015;7.06;16.63;1.98;0.52
Romania;ROU;2016;6.59;18.03;1.82;0.53
Romania;ROU;2017;7.41;14.49;1.86;0.53
Romania;ROU;2018;6.32;17.66;1.77;0.44
Romania;ROU;2019;6.77;15.58;1.78;0.5
Romania;ROU;2020;6.95;15.38;1.73;0.55
Romania;ROU;2021;6.58;17.41;1.7;0.65
Romania;ROU;2022;7.07;14.23;1.79;0.64
Russia;RUS;1990;0;16.684.561;0;0.065
Russia;RUS;1991;0;168.094;0;0.065
Russia;RUS;1992;0;172.594;0;0.063
Russia;RUS;1993;0;174.289;0;0.06
Russia;RUS;1994;0;175.926;0;0.061
Russia;RUS;1995;0;1.762.552;0;0.059
Russia;RUS;1996;0;154.309;0;0.057
Russia;RUS;1997;0;157.434;0;0.057
Russia;RUS;1998;0;158.497;0;0.058
Russia;RUS;1999;0;160.492;0;0.058
Russia;RUS;2000;0;164.08;0;0.13
Russia;RUS;2001;0;173.9;0;0.2
Russia;RUS;2002;0.01;162.22;0;0.32
Russia;RUS;2003;0.01;155.76;0;0.65999997
Russia;RUS;2004;0.01;175.82;0;0.82
Russia;RUS;2005;0.01;172.68;0;0.84000003
Russia;RUS;2006;0;173.35;0;0.94
Russia;RUS;2007;0.01;177.05;0;0.94
Russia;RUS;2008;0;164.76;0;0.93
Russia;RUS;2009;0;174.18;0;0.93
Russia;RUS;2010;0;166.48;0;1.01
Russia;RUS;2011;0;165.84;0;1.04
Russia;RUS;2012;0;165.9;0;0.95
Russia;RUS;2013;0;181.15;0;0.89
Russia;RUS;2014;0.1;175.27;0.16;0.98
Russia;RUS;2015;0.15;167.99;0.34;0.90999997
Russia;RUS;2016;0.15;184.61;0.46;0.87
Russia;RUS;2017;0.14;185.01;0.56;0.93
Russia;RUS;2018;0.23;191.14;0.72;0.90999997
Russia;RUS;2019;0.33;194.72;1.28;0.92
Russia;RUS;2020;1.24;212.59;2.02;0.9
Russia;RUS;2021;3.89;214.5;2.3;0.93
Russia;RUS;1985;;15.972.595;;
Russia;RUS;1986;;16.433.096;;
Russia;RUS;1987;;16.252.785;;
Russia;RUS;1988;;16.092.361;;
Russia;RUS;1989;;15.972.595;;
Rwanda;RWA;2000;0;0.11;0;0
Rwanda;RWA;2001;0;0.09;0;0
Rwanda;RWA;2002;0;0.1;0;0
Rwanda;RWA;2003;0;0.12;0;0
Rwanda;RWA;2004;0;0.08;0;0
Rwanda;RWA;2005;0;0.06;0;0
Rwanda;RWA;2006;0;0.04;0;0
Rwanda;RWA;2007;0;0.04;0;0
Rwanda;RWA;2008;0;0.07;0;0
Rwanda;RWA;2009;0;0.1;0;0
Rwanda;RWA;2010;0;0.11;0;0
Rwanda;RWA;2011;0;0.13;0;0
Rwanda;RWA;2012;0;0.14;0;0
Rwanda;RWA;2013;0;0.15;0;0
Rwanda;RWA;2014;0;0.2;0.01;0
Rwanda;RWA;2015;0;0.28;0.02;0
Rwanda;RWA;2016;0;0.28;0.03;0.01
Rwanda;RWA;2017;0;0.32;0.04;0.01
Rwanda;RWA;2018;0;0.31;0.05;0.01
Rwanda;RWA;2019;0;0.4;0.06;0.01
Rwanda;RWA;2020;0;0.53;0.06;0
Rwanda;RWA;2021;0;0.45;0.06;0
Saint Helena;SHN;2000;0;0;0;
Saint Helena;SHN;2001;0;0;0;
Saint Helena;SHN;2002;0;0;0;
Saint Helena;SHN;2003;0;0;0;
Saint Helena;SHN;2004;0;0;0;
Saint Helena;SHN;2005;0;0;0;
Saint Helena;SHN;2006;0;0;0;
Saint Helena;SHN;2007;0;0;0;
Saint Helena;SHN;2008;0;0;0;
Saint Helena;SHN;2009;0;0;0;
Saint Helena;SHN;2010;0;0;0;
Saint Helena;SHN;2011;0;0;0;
Saint Helena;SHN;2012;0;0;0;
Saint Helena;SHN;2013;0;0;0;
Saint Helena;SHN;2014;0;0;0;
Saint Helena;SHN;2015;0;0;0;
Saint Helena;SHN;2016;0;0;0;
Saint Helena;SHN;2017;0;0;0;
Saint Helena;SHN;2018;0;0;0;
Saint Helena;SHN;2019;0;0;0;
Saint Helena;SHN;2020;0;0;0;
Saint Helena;SHN;2021;0;0;0;
Saint Kitts and Nevis;KNA;2000;0;0;0;0
Saint Kitts and Nevis;KNA;2001;0;0;0;0
Saint Kitts and Nevis;KNA;2002;0;0;0;0
Saint Kitts and Nevis;KNA;2003;0;0;0;0
Saint Kitts and Nevis;KNA;2004;0;0;0;0
Saint Kitts and Nevis;KNA;2005;0;0;0;0
Saint Kitts and Nevis;KNA;2006;0;0;0;0
Saint Kitts and Nevis;KNA;2007;0;0;0;0
Saint Kitts and Nevis;KNA;2008;0;0;0;0
Saint Kitts and Nevis;KNA;2009;0;0;0;0
Saint Kitts and Nevis;KNA;2010;0;0;0;0
Saint Kitts and Nevis;KNA;2011;0;0;0;0
Saint Kitts and Nevis;KNA;2012;0.01;0;0;0
Saint Kitts and Nevis;KNA;2013;0.01;0;0;0
Saint Kitts and Nevis;KNA;2014;0.01;0;0;0
Saint Kitts and Nevis;KNA;2015;0.01;0;0;0
Saint Kitts and Nevis;KNA;2016;0.01;0;0;0
Saint Kitts and Nevis;KNA;2017;0;0;0;0
Saint Kitts and Nevis;KNA;2018;0.01;0;0;0
Saint Kitts and Nevis;KNA;2019;0.01;0;0;0
Saint Kitts and Nevis;KNA;2020;0.01;0;0;0
Saint Kitts and Nevis;KNA;2021;0.01;0;0;0
Saint Lucia;LCA;2000;0;0;0;0
Saint Lucia;LCA;2001;0;0;0;0
Saint Lucia;LCA;2002;0;0;0;0
Saint Lucia;LCA;2003;0;0;0;0
Saint Lucia;LCA;2004;0;0;0;0
Saint Lucia;LCA;2005;0;0;0;0
Saint Lucia;LCA;2006;0;0;0;0
Saint Lucia;LCA;2007;0;0;0;0
Saint Lucia;LCA;2008;0;0;0;0
Saint Lucia;LCA;2009;0;0;0;0
Saint Lucia;LCA;2010;0;0;0;0
Saint Lucia;LCA;2011;0;0;0;0
Saint Lucia;LCA;2012;0;0;0;0
Saint Lucia;LCA;2013;0;0;0;0
Saint Lucia;LCA;2014;0;0;0;0
Saint Lucia;LCA;2015;0;0;0;0
Saint Lucia;LCA;2016;0;0;0;0
Saint Lucia;LCA;2017;0;0;0;0
Saint Lucia;LCA;2018;0;0;0;0
Saint Lucia;LCA;2019;0;0;0;0
Saint Lucia;LCA;2020;0;0;0;0
Saint Lucia;LCA;2021;0;0;0;0
Saint Pierre and Miquelon;SPM;2000;0;0;0;0
Saint Pierre and Miquelon;SPM;2001;0;0;0;0
Saint Pierre and Miquelon;SPM;2002;0;0;0;0
Saint Pierre and Miquelon;SPM;2003;0;0;0;0
Saint Pierre and Miquelon;SPM;2004;0;0;0;0
Saint Pierre and Miquelon;SPM;2005;0;0;0;0
Saint Pierre and Miquelon;SPM;2006;0;0;0;0
Saint Pierre and Miquelon;SPM;2007;0;0;0;0
Saint Pierre and Miquelon;SPM;2008;0;0;0;0
Saint Pierre and Miquelon;SPM;2009;0;0;0;0
Saint Pierre and Miquelon;SPM;2010;0;0;0;0
Saint Pierre and Miquelon;SPM;2011;0;0;0;0
Saint Pierre and Miquelon;SPM;2012;0;0;0;0
Saint Pierre and Miquelon;SPM;2013;0;0;0;0
Saint Pierre and Miquelon;SPM;2014;0;0;0;0
Saint Pierre and Miquelon;SPM;2015;0;0;0;0
Saint Pierre and Miquelon;SPM;2016;0;0;0;0
Saint Pierre and Miquelon;SPM;2017;0;0;0;0
Saint Pierre and Miquelon;SPM;2018;0;0;0;0
Saint Pierre and Miquelon;SPM;2019;0;0;0;0
Saint Pierre and Miquelon;SPM;2020;0;0;0;0
Saint Pierre and Miquelon;SPM;2021;0;0;0;0
Saint Vincent and the Grenadines;VCT;2000;0;0.03;0;0
Saint Vincent and the Grenadines;VCT;2001;0;0.02;0;0
Saint Vincent and the Grenadines;VCT;2002;0;0.02;0;0
Saint Vincent and the Grenadines;VCT;2003;0;0.02;0;0
Saint Vincent and the Grenadines;VCT;2004;0;0.03;0;0
Saint Vincent and the Grenadines;VCT;2005;0;0.03;0;0
Saint Vincent and the Grenadines;VCT;2006;0;0.02;0;0
Saint Vincent and the Grenadines;VCT;2007;0;0.02;0;0
Saint Vincent and the Grenadines;VCT;2008;0;0.02;0;0
Saint Vincent and the Grenadines;VCT;2009;0;0.02;0;0
Saint Vincent and the Grenadines;VCT;2010;0;0.03;0;0
Saint Vincent and the Grenadines;VCT;2011;0;0.03;0;0
Saint Vincent and the Grenadines;VCT;2012;0;0.03;0;0
Saint Vincent and the Grenadines;VCT;2013;0;0.02;0;0
Saint Vincent and the Grenadines;VCT;2014;0;0.01;0;0
Saint Vincent and the Grenadines;VCT;2015;0;0.02;0;0
Saint Vincent and the Grenadines;VCT;2016;0;0.02;0;0
Saint Vincent and the Grenadines;VCT;2017;0;0.02;0;0
Saint Vincent and the Grenadines;VCT;2018;0;0.02;0;0
Saint Vincent and the Grenadines;VCT;2019;0;0.02;0;0
Saint Vincent and the Grenadines;VCT;2020;0;0.04;0;0
Saint Vincent and the Grenadines;VCT;2021;0;0.04;0;0
Samoa;WSM;2000;0;0.04;0;0.01
Samoa;WSM;2001;0;0.05;0;0.01
Samoa;WSM;2002;0;0.06;0;0.01
Samoa;WSM;2003;0;0.05;0;0.01
Samoa;WSM;2004;0;0.05;0;0.01
Samoa;WSM;2005;0;0.05;0;0.01
Samoa;WSM;2006;0;0.05;0;0
Samoa;WSM;2007;0;0.05;0;0
Samoa;WSM;2008;0;0.05;0;0
Samoa;WSM;2009;0;0.05;0;0
Samoa;WSM;2010;0;0.05;0;0
Samoa;WSM;2011;0;0.05;0;0
Samoa;WSM;2012;0;0.04;0;0
Samoa;WSM;2013;0;0.03;0;0
Samoa;WSM;2014;0;0.03;0;0
Samoa;WSM;2015;0;0.03;0.01;0
Samoa;WSM;2016;0;0.03;0.02;0
Samoa;WSM;2017;0;0.03;0.02;0
Samoa;WSM;2018;0;0.04;0.02;0
Samoa;WSM;2019;0;0.04;0.02;0
Samoa;WSM;2020;0;0.04;0.02;0
Samoa;WSM;2021;0;0.04;0.02;0
Sao Tome and Principe;STP;2000;0;0.01;0;0
Sao Tome and Principe;STP;2001;0;0;0;0
Sao Tome and Principe;STP;2002;0;0.01;0;0
Sao Tome and Principe;STP;2003;0;0.01;0;0
Sao Tome and Principe;STP;2004;0;0.01;0;0
Sao Tome and Principe;STP;2005;0;0;0;0
Sao Tome and Principe;STP;2006;0;0.01;0;0
Sao Tome and Principe;STP;2007;0;0.01;0;0
Sao Tome and Principe;STP;2008;0;0.01;0;0
Sao Tome and Principe;STP;2009;0;0.01;0;0
Sao Tome and Principe;STP;2010;0;0;0;0
Sao Tome and Principe;STP;2011;0;0.01;0;0
Sao Tome and Principe;STP;2012;0;0.01;0;0
Sao Tome and Principe;STP;2013;0;0.01;0;0
Sao Tome and Principe;STP;2014;0;0.01;0;0
Sao Tome and Principe;STP;2015;0;0.01;0;0
Sao Tome and Principe;STP;2016;0;0.01;0;0
Sao Tome and Principe;STP;2017;0;0.01;0;0
Sao Tome and Principe;STP;2018;0;0.01;0;0
Sao Tome and Principe;STP;2019;0;0.01;0;0
Sao Tome and Principe;STP;2020;0;0.01;0;0
Sao Tome and Principe;STP;2021;0;0.01;0;0
Saudi Arabia;SAU;1965;0;0;0;0
Saudi Arabia;SAU;1966;0;0;0;0
Saudi Arabia;SAU;1967;0;0;0;0
Saudi Arabia;SAU;1968;0;0;0;0
Saudi Arabia;SAU;1969;0;0;0;0
Saudi Arabia;SAU;1970;0;0;0;0
Saudi Arabia;SAU;1971;0;0;0;0
Saudi Arabia;SAU;1972;0;0;0;0
Saudi Arabia;SAU;1973;0;0;0;0
Saudi Arabia;SAU;1974;0;0;0;0
Saudi Arabia;SAU;1975;0;0;0;0
Saudi Arabia;SAU;1976;0;0;0;0
Saudi Arabia;SAU;1977;0;0;0;0
Saudi Arabia;SAU;1978;0;0;0;0
Saudi Arabia;SAU;1979;0;0;0;0
Saudi Arabia;SAU;1980;0;0;0;0
Saudi Arabia;SAU;1981;0;0;0;0
Saudi Arabia;SAU;1982;0;0;0;0
Saudi Arabia;SAU;1983;0;0;0;0
Saudi Arabia;SAU;1984;0;0;0;0
Saudi Arabia;SAU;1985;0;0;0;0
Saudi Arabia;SAU;1986;0;0;0;0
Saudi Arabia;SAU;1987;0;0;0;0
Saudi Arabia;SAU;1988;0;0;0;0
Saudi Arabia;SAU;1989;0;0;0;0
Saudi Arabia;SAU;1990;0;0;0;0
Saudi Arabia;SAU;1991;0;0;0;0
Saudi Arabia;SAU;1992;0;0;0;0
Saudi Arabia;SAU;1993;0;0;0;0
Saudi Arabia;SAU;1994;0;0;0;0
Saudi Arabia;SAU;1995;0;0;0;0
Saudi Arabia;SAU;1996;0;0;0;0
Saudi Arabia;SAU;1997;0;0;0;0
Saudi Arabia;SAU;1998;0;0;0;0
Saudi Arabia;SAU;1999;0;0;0;0
Saudi Arabia;SAU;2000;0;0;0;0
Saudi Arabia;SAU;2001;0;0;0;0
Saudi Arabia;SAU;2002;0;0;0;0
Saudi Arabia;SAU;2003;0;0;0;0
Saudi Arabia;SAU;2004;0;0;0;0
Saudi Arabia;SAU;2005;0;0;0;0
Saudi Arabia;SAU;2006;0;0;0;0
Saudi Arabia;SAU;2007;0;0;0;0
Saudi Arabia;SAU;2008;0;0;0;0
Saudi Arabia;SAU;2009;0;0;0;0
Saudi Arabia;SAU;2010;0;0;0;0
Saudi Arabia;SAU;2011;0;0;0.01;0
Saudi Arabia;SAU;2012;0;0;0.03;0
Saudi Arabia;SAU;2013;0;0;0.04;0
Saudi Arabia;SAU;2014;0;0;0.05;0
Saudi Arabia;SAU;2015;0;0;0.05;0
Saudi Arabia;SAU;2016;0;0;0.05;0
Saudi Arabia;SAU;2017;0;0;0.07;0
Saudi Arabia;SAU;2018;0;0;0.16;0
Saudi Arabia;SAU;2019;0;0;0.21;0
Saudi Arabia;SAU;2020;0;0;0.21;0
Saudi Arabia;SAU;2021;0;;0.83;0
Senegal;SEN;2000;0;0;0;0.05
Senegal;SEN;2001;0;0;0;0.06
Senegal;SEN;2002;0;0.19;0;0.06
Senegal;SEN;2003;0;0.33;0;0.05
Senegal;SEN;2004;0;0.29;0;0.06
Senegal;SEN;2005;0;0.26;0;0.07
Senegal;SEN;2006;0;0.23;0;0.06
Senegal;SEN;2007;0;0.18;0;0.07
Senegal;SEN;2008;0;0.23;0;0.06
Senegal;SEN;2009;0;0.24;0;0.06
Senegal;SEN;2010;0;0.25;0;0.17
Senegal;SEN;2011;0;0.25;0;0.16
Senegal;SEN;2012;0;0.29;0.01;0.18
Senegal;SEN;2013;0;0.31;0.01;0.18
Senegal;SEN;2014;0;0.31;0.02;0.2
Senegal;SEN;2015;0;0.33;0.02;0.21
Senegal;SEN;2016;0;0.36;0.01;0.13
Senegal;SEN;2017;0;0.36;0.1;0.14
Senegal;SEN;2018;0;0.36;0.23;0.12
Senegal;SEN;2019;0.02;0.31;0.29;0.1
Senegal;SEN;2020;0.22;0.31;0.38;0.1
Senegal;SEN;2021;0.25;0.31;0.47;0.1
Serbia;SRB;1990;0;7.49;0;0
Serbia;SRB;1991;0;9.57;0;0
Serbia;SRB;1992;0;9.17;0;0
Serbia;SRB;1993;0;8.06;0;0
Serbia;SRB;1994;0;8.92;0;0
Serbia;SRB;1995;0;9.9;0;0
Serbia;SRB;1996;0;11.48;0;0
Serbia;SRB;1997;0;10.5;0;0
Serbia;SRB;1998;0;10.32;0;0
Serbia;SRB;1999;0;11.14;0;0
Serbia;SRB;2000;0;9.82;0;0
Serbia;SRB;2001;0;9.89;0;0
Serbia;SRB;2002;0;9.93;0;0
Serbia;SRB;2003;0;8.74;0;0
Serbia;SRB;2004;0;10.62;0;0
Serbia;SRB;2005;0;11.41;0;0
Serbia;SRB;2006;0;10.35;0;0
Serbia;SRB;2007;0;9.46;0;0
Serbia;SRB;2008;0;9.56;0;0
Serbia;SRB;2009;0;10.54;0;0
Serbia;SRB;2010;0;11.89;0;0
Serbia;SRB;2011;0;8.67;0;0
Serbia;SRB;2012;0;9.29;0;0.01
Serbia;SRB;2013;0;10.2;0;0.02
Serbia;SRB;2014;0;11;0.01;0.02
Serbia;SRB;2015;0;10.08;0.01;0.02
Serbia;SRB;2016;0.03;10.79;0.01;0.03
Serbia;SRB;2017;0.05;9.15;0.01;0.08
Serbia;SRB;2018;0.15;10.64;0.01;0.1
Serbia;SRB;2019;0.9;9.46;0.01;0.14
Serbia;SRB;2020;0.98;9.03;0.01;0.19
Serbia;SRB;2021;0.98;11.1;0.01;0.31
Seychelles;SYC;2000;0;0;0;0
Seychelles;SYC;2001;0;0;0;0
Seychelles;SYC;2002;0;0;0;0
Seychelles;SYC;2003;0;0;0;0
Seychelles;SYC;2004;0;0;0;0
Seychelles;SYC;2005;0;0;0;0
Seychelles;SYC;2006;0;0;0;0
Seychelles;SYC;2007;0;0;0;0
Seychelles;SYC;2008;0;0;0;0
Seychelles;SYC;2009;0;0;0;0
Seychelles;SYC;2010;0;0;0;0
Seychelles;SYC;2011;0;0;0;0
Seychelles;SYC;2012;0;0;0;0
Seychelles;SYC;2013;0.01;0;0;0
Seychelles;SYC;2014;0.01;0;0;0
Seychelles;SYC;2015;0.01;0;0;0
Seychelles;SYC;2016;0.01;0;0;0
Seychelles;SYC;2017;0.01;0;0;0
Seychelles;SYC;2018;0.01;0;0;0
Seychelles;SYC;2019;0;0;0.04;0
Seychelles;SYC;2020;0.01;0;0.06;0
Seychelles;SYC;2021;0.01;0;0.07;0
Sierra Leone;SLE;2000;0;0.01;0;0
Sierra Leone;SLE;2001;0;0.01;0;0
Sierra Leone;SLE;2002;0;0.02;0;0
Sierra Leone;SLE;2003;0;0.02;0;0
Sierra Leone;SLE;2004;0;0.02;0;0
Sierra Leone;SLE;2005;0;0.02;0;0
Sierra Leone;SLE;2006;0;0;0;0
Sierra Leone;SLE;2007;0;0.02;0;0
Sierra Leone;SLE;2008;0;0.02;0;0
Sierra Leone;SLE;2009;0;0.02;0;0
Sierra Leone;SLE;2010;0;0.12;0;0
Sierra Leone;SLE;2011;0;0.15;0;0
Sierra Leone;SLE;2012;0;0.12;0;0
Sierra Leone;SLE;2013;0;0.1;0;0
Sierra Leone;SLE;2014;0;0.12;0;0.03
Sierra Leone;SLE;2015;0;0.12;0;0.02
Sierra Leone;SLE;2016;0;0.13;0;0.03
Sierra Leone;SLE;2017;0;0.13;0.01;0.03
Sierra Leone;SLE;2018;0;0.17;0.01;0.02
Sierra Leone;SLE;2019;0;0.18;0.01;0
Sierra Leone;SLE;2020;0;0.18;0.01;0
Sierra Leone;SLE;2021;0;0.18;0.01;0
Singapore;SGP;1965;0;0;0;0
Singapore;SGP;1966;0;0;0;0
Singapore;SGP;1967;0;0;0;0
Singapore;SGP;1968;0;0;0;0
Singapore;SGP;1969;0;0;0;0
Singapore;SGP;1970;0;0;0;0
Singapore;SGP;1971;0;0;0;0
Singapore;SGP;1972;0;0;0;0
Singapore;SGP;1973;0;0;0;0
Singapore;SGP;1974;0;0;0;0
Singapore;SGP;1975;0;0;0;0
Singapore;SGP;1976;0;0;0;0
Singapore;SGP;1977;0;0;0;0
Singapore;SGP;1978;0;0;0;0
Singapore;SGP;1979;0;0;0;0
Singapore;SGP;1980;0;0;0;0
Singapore;SGP;1981;0;0;0;0
Singapore;SGP;1982;0;0;0;0
Singapore;SGP;1983;0;0;0;0
Singapore;SGP;1984;0;0;0;0
Singapore;SGP;1985;0;0;0;0
Singapore;SGP;1986;0;0;0;0.085
Singapore;SGP;1987;0;0;0;0.085
Singapore;SGP;1988;0;0;0;0.085
Singapore;SGP;1989;0;0;0;0.085
Singapore;SGP;1990;0;0;0;0.085
Singapore;SGP;1991;0;0;0;0.245
Singapore;SGP;1992;0;0;0;0.245
Singapore;SGP;1993;0;0;0;0.245
Singapore;SGP;1994;0;0;0;0.245
Singapore;SGP;1995;0;0;0;0.245
Singapore;SGP;1996;0;0;0;0.245
Singapore;SGP;1997;0;0;0;0.245
Singapore;SGP;1998;0;0;0;0.245
Singapore;SGP;1999;0;0;0;0.245
Singapore;SGP;2000;0;0;0;0
Singapore;SGP;2001;0;0;0;0
Singapore;SGP;2002;0;0;0;0
Singapore;SGP;2003;0;0;0;0
Singapore;SGP;2004;0;0;0;0
Singapore;SGP;2005;0;0;0;0
Singapore;SGP;2006;0;0;0;0
Singapore;SGP;2007;0;0;0;0
Singapore;SGP;2008;0;0;0;0
Singapore;SGP;2009;0;0;0;0
Singapore;SGP;2010;0;0;0;0
Singapore;SGP;2011;0;0;0.01;0
Singapore;SGP;2012;0;0;0.01;0
Singapore;SGP;2013;0;0;0.02;0.14
Singapore;SGP;2014;0;0;0.04;0.24
Singapore;SGP;2015;0;0;0.07;0.34
Singapore;SGP;2016;0;0;0.15;0.38
Singapore;SGP;2017;0;0;0.17;0.38
Singapore;SGP;2018;0;0;0.24;0.42
Singapore;SGP;2019;0;0;0.41;0.43
Singapore;SGP;2020;0;0;0.5;0.42
Singapore;SGP;2021;0;0;0.67;0.44
Slovakia;SVK;1965;0;2.222.958;0;0
Slovakia;SVK;1966;0;21.301.508;0;0
Slovakia;SVK;1967;0;18.252.122;0;0
Slovakia;SVK;1968;0;16.749.526;0;0
Slovakia;SVK;1969;0;1.303.723;0;0
Slovakia;SVK;1970;0;1.966.633;0;0
Slovakia;SVK;1971;0;1.476;0;0
Slovakia;SVK;1972;0;1.546;0;0
Slovakia;SVK;1973;0;1.322;0;0
Slovakia;SVK;1974;0;2.223;0;0
Slovakia;SVK;1975;0;2.002;0;0
Slovakia;SVK;1976;0;2.019;0;0
Slovakia;SVK;1977;0;2.408;0;0
Slovakia;SVK;1978;0;2.259;0;0
Slovakia;SVK;1979;0;1.884;0;0
Slovakia;SVK;1980;0;2.257;0;0
Slovakia;SVK;1981;0;1.966;0;0
Slovakia;SVK;1982;0;1.726;0;0
Slovakia;SVK;1983;0;1.832;0;0
Slovakia;SVK;1984;0;1.555;0;0
Slovakia;SVK;1985;0;2.117;0;0
Slovakia;SVK;1986;0;1.675;0;0
Slovakia;SVK;1987;0;1.932;0;0
Slovakia;SVK;1988;0;1.755;0;0
Slovakia;SVK;1989;0;1.962;0;0
Slovakia;SVK;1990;0;1.88;0;0
Slovakia;SVK;1991;0;1.41;0;0
Slovakia;SVK;1992;0;1.94;0;0
Slovakia;SVK;1993;0;3.47;0;0
Slovakia;SVK;1994;0;4.36;0;0
Slovakia;SVK;1995;0;4.88;0;0
Slovakia;SVK;1996;0;4.23;0;0
Slovakia;SVK;1997;0;4.06;0;0
Slovakia;SVK;1998;0;4.27;0;0
Slovakia;SVK;1999;0;4.47;0;0
Slovakia;SVK;2000;0;4.61;0;0
Slovakia;SVK;2001;0;4.93;0;0.15
Slovakia;SVK;2002;0;5.27;0;0.15
Slovakia;SVK;2003;0;3.48;0;0.1
Slovakia;SVK;2004;0.01;4.1;0;0.02
Slovakia;SVK;2005;0.01;4.64;0;0.03
Slovakia;SVK;2006;0.01;4.4;0;0.4
Slovakia;SVK;2007;0.01;4.45;0;0.47
Slovakia;SVK;2008;0.01;4.04;0;0.52
Slovakia;SVK;2009;0.01;4.37;0;0.54
Slovakia;SVK;2010;0.01;5.26;0.02;0.66
Slovakia;SVK;2011;0;3.78;0.4;0.82
Slovakia;SVK;2012;0.01;4.1;0.42;0.94
Slovakia;SVK;2013;0.01;4.85;0.59;0.91
Slovakia;SVK;2014;0.01;4.21;0.6;1.42
Slovakia;SVK;2015;0.01;3.87;0.51;1.66
Slovakia;SVK;2016;0.01;4.36;0.53;1.73
Slovakia;SVK;2017;0.01;4.32;0.51;1.7
Slovakia;SVK;2018;0.01;3.59;0.58;1.63
Slovakia;SVK;2019;0.01;4.36;0.59;1.69
Slovakia;SVK;2020;0;4.52;0.66;1.67
Slovakia;SVK;2021;0;4.55;0.67;1.84
Slovakia;SVK;2022;0;3.95;0.69;1.71
Slovenia;SVN;1990;0;2.95;0;0
Slovenia;SVN;1991;0;3.61;0;0
Slovenia;SVN;1992;0;3.42;0;0
Slovenia;SVN;1993;0;3.04;0;0
Slovenia;SVN;1994;0;3.4;0;0
Slovenia;SVN;1995;0;3.25;0;0
Slovenia;SVN;1996;0;3.67;0;0
Slovenia;SVN;1997;0;3.09;0;0
Slovenia;SVN;1998;0;3.45;0;0
Slovenia;SVN;1999;0;3.74;0;0.03
Slovenia;SVN;2000;0;3.83;0;0.07
Slovenia;SVN;2001;0;3.8;0;0.07
Slovenia;SVN;2002;0;3.31;0;0.1
Slovenia;SVN;2003;0;2.96;0;0.12
Slovenia;SVN;2004;0;4.09;0;0.12
Slovenia;SVN;2005;0;3.46;0;0.11
Slovenia;SVN;2006;0;3.59;0;0.11
Slovenia;SVN;2007;0;3.27;0;0.11
Slovenia;SVN;2008;0;4.02;0;0.29
Slovenia;SVN;2009;0;4.71;0;0.19
Slovenia;SVN;2010;0;4.52;0.01;0.22
Slovenia;SVN;2011;0;3.56;0.07;0.25
Slovenia;SVN;2012;0;3.9;0.16;0.27
Slovenia;SVN;2013;0;4.63;0.22;0.26
Slovenia;SVN;2014;0;6.09;0.26;0.25
Slovenia;SVN;2015;0.01;3.81;0.27;0.26
Slovenia;SVN;2016;0.01;4.5;0.27;0.28
Slovenia;SVN;2017;0.01;3.87;0.28;0.28
Slovenia;SVN;2018;0.01;4.7;0.25;0.26
Slovenia;SVN;2019;0.01;4.48;0.3;0.25
Slovenia;SVN;2020;0.01;4.93;0.37;0.27
Slovenia;SVN;2021;0.01;4.71;0.45;0.27
Slovenia;SVN;2022;0.01;3.19;0.44;0.29
Solomon Islands;SLB;2000;0;0;0;0
Solomon Islands;SLB;2001;0;0;0;0
Solomon Islands;SLB;2002;0;0;0;0
Solomon Islands;SLB;2003;0;0;0;0
Solomon Islands;SLB;2004;0;0;0;0
Solomon Islands;SLB;2005;0;0;0;0
Solomon Islands;SLB;2006;0;0;0;0
Solomon Islands;SLB;2007;0;0;0;0
Solomon Islands;SLB;2008;0;0;0;0
Solomon Islands;SLB;2009;0;0;0;0
Solomon Islands;SLB;2010;0;0;0;0
Solomon Islands;SLB;2011;0;0;0;0
Solomon Islands;SLB;2012;0;0;0;0
Solomon Islands;SLB;2013;0;0;0;0
Solomon Islands;SLB;2014;0;0;0;0
Solomon Islands;SLB;2015;0;0;0;0
Solomon Islands;SLB;2016;0;0;0;0
Solomon Islands;SLB;2017;0;0;0;0
Solomon Islands;SLB;2018;0;0;0;0
Solomon Islands;SLB;2019;0;0;0;0
Solomon Islands;SLB;2020;0;0;0;0
Solomon Islands;SLB;2021;0;0;0;0
Somalia;SOM;2000;0;0;0;0
Somalia;SOM;2001;0;0;0;0
Somalia;SOM;2002;0;0;0;0
Somalia;SOM;2003;0;0;0;0
Somalia;SOM;2004;0;0;0;0
Somalia;SOM;2005;0;0;0;0
Somalia;SOM;2006;0;0;0;0
Somalia;SOM;2007;0;0;0;0
Somalia;SOM;2008;0;0;0;0
Somalia;SOM;2009;0;0;0;0
Somalia;SOM;2010;0;0;0;0
Somalia;SOM;2011;0;0;0;0
Somalia;SOM;2012;0;0;0;0
Somalia;SOM;2013;0;0;0;0
Somalia;SOM;2014;0;0;0;0
Somalia;SOM;2015;0;0;0;0
Somalia;SOM;2016;0;0;0.01;0
Somalia;SOM;2017;0.01;0;0.01;0
Somalia;SOM;2018;0.01;0;0.01;0
Somalia;SOM;2019;0.01;0;0.01;0
Somalia;SOM;2020;0.01;0;0.02;0
Somalia;SOM;2021;0.01;0;0.03;0
South Africa;ZAF;1965;0;0.037;0;0
South Africa;ZAF;1966;0;0.036;0;0
South Africa;ZAF;1967;0;0.026;0;0
South Africa;ZAF;1968;0;0.024;0;0
South Africa;ZAF;1969;0;0.021;0;0
South Africa;ZAF;1970;0;0.025;0;0
South Africa;ZAF;1971;0;0.112;0;0
South Africa;ZAF;1972;0;0.834;0;0
South Africa;ZAF;1973;0;0.985;0;0
South Africa;ZAF;1974;0;1.132;0;0
South Africa;ZAF;1975;0;1.12;0;0
South Africa;ZAF;1976;0;1.876;0;0
South Africa;ZAF;1977;0;1.944;0;0
South Africa;ZAF;1978;0;1.907;0;0
South Africa;ZAF;1979;0;1.144;0;0
South Africa;ZAF;1980;0;0.992;0;0
South Africa;ZAF;1981;0;1.653;0;0
South Africa;ZAF;1982;0;1.016;0;0
South Africa;ZAF;1983;0;0.595;0;0
South Africa;ZAF;1984;0;0.56;0;0
South Africa;ZAF;1985;0;0.624;0;0
South Africa;ZAF;1986;0;1.623;0;0
South Africa;ZAF;1987;0;1.617;0;0
South Africa;ZAF;1988;0;3.162;0;0
South Africa;ZAF;1989;0;2.759;0;0
South Africa;ZAF;1990;0;1.01;0;0
South Africa;ZAF;1991;0;1.98;0;0
South Africa;ZAF;1992;0;0.75200003;0;0
South Africa;ZAF;1993;0;0.14600004;0;0
South Africa;ZAF;1994;0;10.739.999;0;0
South Africa;ZAF;1995;0;0.529;0;0
South Africa;ZAF;1996;0;13.189.999;0;0.06
South Africa;ZAF;1997;0;2.092;0;0.146
South Africa;ZAF;1998;0;1.595;0;0.231
South Africa;ZAF;1999;0;0.7259999;0;0.197
South Africa;ZAF;2000;0;1.34;0;0.45
South Africa;ZAF;2001;0;2.06;0;0.4
South Africa;ZAF;2002;0;2.36;0.02;0.43
South Africa;ZAF;2003;0.01;0.78;0.02;0.38
South Africa;ZAF;2004;0.01;0.94;0.02;0.36
South Africa;ZAF;2005;0.01;1.32;0.02;0.4
South Africa;ZAF;2006;0.01;2.87;0.02;0.38
South Africa;ZAF;2007;0.01;0.86;0.02;0.41
South Africa;ZAF;2008;0.02;1.19;0.02;0.43
South Africa;ZAF;2009;0.03;1.39;0.02;0.42
South Africa;ZAF;2010;0.03;2.09;0.02;0.37
South Africa;ZAF;2011;0.04;2.04;0.02;0.39
South Africa;ZAF;2012;0.04;1.19;0.03;0.4
South Africa;ZAF;2013;0.01;1.11;0.05;0.45
South Africa;ZAF;2014;1.06;0.9;1.08;0.34
South Africa;ZAF;2015;2.5;0.8;2.4;0.39
South Africa;ZAF;2016;3.7;0.67;3.01;0.31
South Africa;ZAF;2017;4.92;0.81;3.94;0.37
South Africa;ZAF;2018;6.47;1.1;4.24;0.41
South Africa;ZAF;2019;6.62;0.73;4.81;0.41
South Africa;ZAF;2020;5.94;1.44;5.03;0.42
South Africa;ZAF;2021;8.36;1.47;6.65;0.4
South America;;1971;0;6.982.073;0;1.041.386
South America;;1972;0;7.928.879;0;11.355.976
South America;;1973;0;8.951.795;0;11.527.706
South America;;1974;0;10.309.859;0;1.224.155
South America;;1975;0;11.239.167;0;15.001.678
South America;;1976;0;125.337.105;0;15.173.004
South America;;1977;0;1.393.818;0;17.688.487
South America;;1978;0;15.306.062;0;19.639.169
South America;;1979;0;17.354.976;0;24.230.032
South America;;1980;0;19.483.237;0;2.405.526
South America;;1981;0;19.683.522;0;2.447.641
South America;;1982;0;21.339.456;0;29.034.476
South America;;1983;0;22.953.732;0;38.014.305
South America;;1984;0;2.530.052;0;36.446.674
South America;;1985;0;27.390.704;0;3.913.132
South America;;1986;0;29.462.888;0;4.114.923
South America;;1987;0;3.146.132;0;44.566.836
South America;;1988;0;3.264.447;0;4.306.745
South America;;1989;0;3.349.196;0;4.344.164
South America;;1990;0;34.790.448;0;5.476.084
South America;;1991;0;37.247.708;0;56.775.155
South America;;1992;0;38.007.532;0;7.399.189
South America;;1993;0;4.095.474;0;7.461.511
South America;;1994;0;43.520.416;0;795.607
South America;;1995;0;45.117.224;0;8.332.388
South America;;1996;0.012018;46.752.686;0;946.631
South America;;1997;0.019192;49.485.226;0;10.053.499
South America;;1998;0.038041;50.604.062;0.000017;9.659.916
South America;;1999;0.037381;50.471.646;0.000026;10.818.792
South America;;2000;0.04;528.42;0.01;8.23
South America;;2001;0.09;49.597.003;0.01;9.24
South America;;2002;0.13;51.974.005;0.01;10.61
South America;;2003;0.14;542.06;0.01;12.56
South America;;2004;0.18;56.195.996;0.01;13.82
South America;;2005;0.22;594.38;0.01;15.219.999
South America;;2006;0.36999997;621.03;0.01;16.859.999
South America;;2007;0.75;64.214.996;0.01;20.64
South America;;2008;0.96;644.97;0.01;23.68
South America;;2009;14.499.999;662.86;0.01;27.09
South America;;2010;2.64;668.14;0.01;36.45
South America;;2011;3.24;711.15;0.049999997;37.41
South America;;2012;64.800.005;693.96;0.11;40.6
South America;;2013;8.5;67.982.996;0.26999998;46.03
South America;;2014;15.51;640.59;0.79;52.510.002
South America;;2015;27.109.999;640.4;1.85;55.69
South America;;2016;40.350.002;653.53;31.899.998;57.46
South America;;2017;51.29;66.364.996;5.46;58.140.003
South America;;2018;60.05;681.02;10.38;60.4
South America;;2019;71.92;665.79;15.35;59.39
South America;;2020;78.88;661.37;21.45;64.1
South America;;2021;98.670.006;625.54;31.88;65.43
South America;;1965;;39.581.554;;0
South America;;1966;;44.095.222;;0
South America;;1967;;46.652.615;;0
South America;;1968;;49.550.686;;0
South America;;1969;;53.435.425;;0
South America;;1970;;6.288.049;;0.57093334
South Korea;KOR;1965;0;0.710427;0;0
South Korea;KOR;1966;0;0.985322;0;0
South Korea;KOR;1967;0;0.953171;0;0
South Korea;KOR;1968;0;0.929483;0;0
South Korea;KOR;1969;0;1.428.512;0;0
South Korea;KOR;1970;0;1.220.684;0;0
South Korea;KOR;1971;0;1.319.976;0;0
South Korea;KOR;1972;0;1.368.076;0;0
South Korea;KOR;1973;0;1.284.465;0;0
South Korea;KOR;1974;0;1.905.858;0;0
South Korea;KOR;1975;0;1.682.809;0;0
South Korea;KOR;1976;0;1.788.661;0;0
South Korea;KOR;1977;0;1.392.729;0;0
South Korea;KOR;1978;0;1.807.524;0;0
South Korea;KOR;1979;0;2.296.168;0;0
South Korea;KOR;1980;0;1.920.375;0;0
South Korea;KOR;1981;0;2.597.707;0;0
South Korea;KOR;1982;0;1.715.362;0;0
South Korea;KOR;1983;0;2.294.191;0;0
South Korea;KOR;1984;0;1.998.143;0;0
South Korea;KOR;1985;0;3.184.966;0;0
South Korea;KOR;1986;0;310.988;0;0
South Korea;KOR;1987;0;3.965.371;0;0
South Korea;KOR;1988;0;1.987.232;0;0
South Korea;KOR;1989;0;2.963.969;0;0
South Korea;KOR;1990;0;4.683.946;0.001;0
South Korea;KOR;1991;0;3.486.046;0.001;0
South Korea;KOR;1992;0;3.097.448;0.002;0
South Korea;KOR;1993;0.001;4.227.549;0.002;0
South Korea;KOR;1994;0.001;2.346.092;0.002;0
South Korea;KOR;1995;0;2.759.923;0.002;0.25
South Korea;KOR;1996;0;2.424.357;0.003;0.403
South Korea;KOR;1997;0.001;2.813.992;0.003;0.078
South Korea;KOR;1998;0.002;4.279.418;0.004;0.058
South Korea;KOR;1999;0.005839;415.926;0.004572;0.087
South Korea;KOR;2000;0.02;3.97;0;0.08
South Korea;KOR;2001;0.01;4.11;0.01;0.08
South Korea;KOR;2002;0.01;3.2;0.01;0.17
South Korea;KOR;2003;0.03;4.85;0.01;0.18
South Korea;KOR;2004;0.05;4.29;0.01;0.28
South Korea;KOR;2005;0.13;3.64;0.01;0.24
South Korea;KOR;2006;0.24;3.43;0.03;0.24000001
South Korea;KOR;2007;0.38;3.6;0.07;0.37
South Korea;KOR;2008;0.44;3.04;0.28;0.63
South Korea;KOR;2009;0.69;2.79;0.57;0.6
South Korea;KOR;2010;0.82;3.63;0.77;3.02
South Korea;KOR;2011;0.86;4.54;0.92;5.97
South Korea;KOR;2012;0.91;3.87;1.1;68.799.996
South Korea;KOR;2013;1.15;4.23;1.59;7.65
South Korea;KOR;2014;1.15;2.72;2.55;11.25
South Korea;KOR;2015;1.34;2.12;3.88;11.9
South Korea;KOR;2016;1.68;2.76;5.07;11.86
South Korea;KOR;2017;2.17;2.83;7.05;13.929.999
South Korea;KOR;2018;2.46;3.32;9.21;14.42
South Korea;KOR;2019;2.68;2.75;13;13.490.001
South Korea;KOR;2020;3.15;3.88;17.97;8.81
South Korea;KOR;2021;3.18;3.05;23.95;15.57
South Sudan;SSD;2012;0;0;0;0
South Sudan;SSD;2013;0;0;0;0
South Sudan;SSD;2014;0;0;0;0
South Sudan;SSD;2015;0;0;0;0
South Sudan;SSD;2016;0;0;0;0
South Sudan;SSD;2017;0;0;0;0
South Sudan;SSD;2018;0;0;0.01;0
South Sudan;SSD;2019;0;0;0.01;0
South Sudan;SSD;2020;0;0;0.01;0
South Sudan;SSD;2021;0;0;0.01;0
South and Central America (BP);;1971;0;73.067.635;0;21.533.859
South and Central America (BP);;1972;0;8.269.269;0;21.425.977
South and Central America (BP);;1973;0;9.300.975;0;22.767.706
South and Central America (BP);;1974;0;10.686.309;0;23.891.551
South and Central America (BP);;1975;0;11.591.616;0;2.873.168
South and Central America (BP);;1976;0;12.942.441;0;33.633.003
South and Central America (BP);;1977;0;1.431.242;0;36.838.486
South and Central America (BP);;1978;0;15.818.752;0;40.839.167
South and Central America (BP);;1979;0;17.978.596;0;4.383.003
South and Central America (BP);;1980;0;20.144.287;0;4.405.631
South and Central America (BP);;1981;0;20.444.443;0;4.883.746
South and Central America (BP);;1982;0;22.019.386;0;5.525.553
South and Central America (BP);;1983;0;23.710.901;0;6.358.536
South and Central America (BP);;1984;0;2.616.087;0;61.837.726
South and Central America (BP);;1985;0;28.350.836;0;6.076.122
South and Central America (BP);;1986;0;3.060.074;0;62.676.725
South and Central America (BP);;1987;0;32.653.015;0;67.021.995
South and Central America (BP);;1988;0;339.224;0;6.639.707
South and Central America (BP);;1989;0;34.735.876;0;69.310.308
South and Central America (BP);;1990;0;36.080.304;0;8.331.682
South and Central America (BP);;1991;0;38.509.637;0;8.405.421
South and Central America (BP);;1992;0;39.217.712;0;10.720.842
South and Central America (BP);;1993;0.001717172;42.327.594;0;10.275.521
South and Central America (BP);;1994;0.007777778;44.775.687;0;10.812.127
South and Central America (BP);;1995;0.007777778;46.373.962;0;11.071.227
South and Central America (BP);;1996;0.041973986;4.822.211;0;12.450.906
South and Central America (BP);;1997;0.102926;50.880.804;0;13.107.331
South and Central America (BP);;1998;0.11137238;5.206.617;0.000017;12.338.713
South and Central America (BP);;1999;0.14847192;5.221.518;0.00012701;14.474.613
South and Central America (BP);;2000;0.2521153;5.503.128;0.002137752;14.565.456
South and Central America (BP);;2001;0.32099152;516.229;0.003686489;1.618.441
South and Central America (BP);;2002;0.45886725;54.189.276;0.006018989;1.789.747
South and Central America (BP);;2003;0.44309795;5.655.637;0.008332461;19.829.304
South and Central America (BP);;2004;0.543415;5.842.788;0.010676187;20.932.888
South and Central America (BP);;2005;0.53230166;6.192.262;0.017902069;22.180.126
South and Central America (BP);;2006;0.77378976;6.472.634;0.008199329;23.593.657
South and Central America (BP);;2007;11.614.605;6.694.346;0.010825127;28.834.093
South and Central America (BP);;2008;16.704.338;6.745.294;0.014856545;32.623.924
South and Central America (BP);;2009;20.779.278;6.916.426;0.02445529;3.651.271
South and Central America (BP);;2010;344.859;6.939.942;0.061446644;46.770.008
South and Central America (BP);;2011;43.245.354;7.353.775;0.13130102;4.880.147
South and Central America (BP);;2012;76.674.623;7.224.512;0.3363587;54.824.295
South and Central America (BP);;2013;10.202.307;6.997.518;0.5303269;6.214.274
South and Central America (BP);;2014;18.627.209;6.792.193;11.055.206;6.783.141
South and Central America (BP);;2015;3.147.792;6.632.283;28.484.855;7.173.237
South and Central America (BP);;2016;45.206.425;6.792.236;4.863.545;7.442.276
South and Central America (BP);;2017;56.158.222;70.121.436;7.610.518;7.686.468
South and Central America (BP);;2018;6.584.216;7.101.324;12.761.959;8.097.644
South and Central America (BP);;2019;7.880.956;6.924.041;19.094.137;8.372.203
South and Central America (BP);;2020;854.542;69.124.615;25.988.012;8.761.103
South and Central America (BP);;2021;10.820.039;6.600.726;37.186.905;8.395.458
South and Central America (BP);;1965;;41.302.555;;0
South and Central America (BP);;1966;;46.001.225;;0
South and Central America (BP);;1967;;48.660.614;;0
South and Central America (BP);;1968;;5.174.669;;0
South and Central America (BP);;1969;;55.852.425;;0
South and Central America (BP);;1970;;6.564.019;;0.57093334
Spain;ESP;1965;0;19.687;0;0
Spain;ESP;1966;0;27.258;0;0
Spain;ESP;1967;0;22.657;0;0
Spain;ESP;1968;0;24.388;0;0
Spain;ESP;1969;0;30.603;0;0
Spain;ESP;1970;0;27.772;0;0.047
Spain;ESP;1971;0;31.816;0;0.052
Spain;ESP;1972;0;35.469;0;0.061
Spain;ESP;1973;0;28.912;0;0.056
Spain;ESP;1974;0;30.568;0;0.051
Spain;ESP;1975;0;26.065;0;0.113
Spain;ESP;1976;0;20.932;0;0.187
Spain;ESP;1977;0;39.628;0;0.309
Spain;ESP;1978;0;40.251;0;0.316
Spain;ESP;1979;0;46.397;0;0.251
Spain;ESP;1980;0;29.55;0;0.362
Spain;ESP;1981;0;21.942;0;0.424
Spain;ESP;1982;0;26.331;0;0.487
Spain;ESP;1983;0;27.047;0;0.56
Spain;ESP;1984;0;31.484;0;0.55
Spain;ESP;1985;0;31.287;0;0.611
Spain;ESP;1986;0;26.494;0;0.538
Spain;ESP;1987;0;27.383;0;0.563
Spain;ESP;1988;0;35.246;0;0.673
Spain;ESP;1989;0.013;19.349;0.006060606;0.578
Spain;ESP;1990;0.01;25.47;0.01;0.54
Spain;ESP;1991;0.01;27.25;0.01;0.54
Spain;ESP;1992;0.1;18.92;0.01;0.57
Spain;ESP;1993;0.12;24.42;0.01;0.58
Spain;ESP;1994;0.17;28.24;0.01;0.64
Spain;ESP;1995;0.27;23.08;0.02;1.01
Spain;ESP;1996;0.36;39.79;0.02;1.08
Spain;ESP;1997;0.74;34.75;0.02;1.46
Spain;ESP;1998;1.35;33.99;0.02;1.53
Spain;ESP;1999;2.74;22.82;0.03;1.62
Spain;ESP;2000;4.73;28.26;0.01;1.49
Spain;ESP;2001;6.76;40.89;0.02;1.63
Spain;ESP;2002;9.34;21.22;0.02;2.59
Spain;ESP;2003;12.07;40.48;0.02;3.18
Spain;ESP;2004;15.7;31.08;0.02;3.33
Spain;ESP;2005;21.18;18.39;0.05;2.65
Spain;ESP;2006;23.3;25.96;0.12;2.77
Spain;ESP;2007;27.57;27.31;0.52;2.9
Spain;ESP;2008;32.95;23.36;2.58;3.26
Spain;ESP;2009;38.12;26.41;6.06;3.49
Spain;ESP;2010;44.27;42.3;7.19;4.01
Spain;ESP;2011;42.92;30.6;9.4;4.61
Spain;ESP;2012;49.47;20.55;11.97;4.98
Spain;ESP;2013;55.65;36.87;13.1;5.8
Spain;ESP;2014;52.01;39.17;13.67;5.41
Spain;ESP;2015;49.33;28.14;13.86;5.76
Spain;ESP;2016;48.9;36.4;13.64;5.69
Spain;ESP;2017;49.13;18.32;14.4;6.08
Spain;ESP;2018;50.9;34.33;12.74;5.91
Spain;ESP;2019;55.65;24.65;15.1;5.59
Spain;ESP;2020;56.44;30.51;20.67;6.17
Spain;ESP;2021;62.06;29.63;27.1;6.96
Spain;ESP;2022;61.85;18.8;32.77;6.82
Sri Lanka;LKA;1965;0;0.365;0;0
Sri Lanka;LKA;1966;0;0.399;0;0
Sri Lanka;LKA;1967;0;0.41;0;0
Sri Lanka;LKA;1968;0;0.474;0;0
Sri Lanka;LKA;1969;0;0.549;0;0
Sri Lanka;LKA;1970;0;0.7403;0;0
Sri Lanka;LKA;1971;0;0.8255;0;0
Sri Lanka;LKA;1972;0;0.8471;0;0
Sri Lanka;LKA;1973;0;0.6957;0;0
Sri Lanka;LKA;1974;0;0.9976;0;0
Sri Lanka;LKA;1975;0;10.766;0;0
Sri Lanka;LKA;1976;0;11.095;0;0
Sri Lanka;LKA;1977;0;12.139;0;0
Sri Lanka;LKA;1978;0;13.663;0;0
Sri Lanka;LKA;1979;0;14.618;0;0
Sri Lanka;LKA;1980;0;14.801;0;0
Sri Lanka;LKA;1981;0;15.716;0;0
Sri Lanka;LKA;1982;0;16.076;0;0
Sri Lanka;LKA;1983;0;12.172;0;0
Sri Lanka;LKA;1984;0;20.922;0;0
Sri Lanka;LKA;1985;0;23.956;0;0
Sri Lanka;LKA;1986;0;26.451;0;0
Sri Lanka;LKA;1987;0;2.177;0;0
Sri Lanka;LKA;1988;0;25.967;0;0
Sri Lanka;LKA;1989;0;28.012;0;0
Sri Lanka;LKA;1990;0;31.448;0;0
Sri Lanka;LKA;1991;0;31.166;0;0
Sri Lanka;LKA;1992;0;28.999;0;0
Sri Lanka;LKA;1993;0;3.796;0;0
Sri Lanka;LKA;1994;0;40.891;0;0
Sri Lanka;LKA;1995;0;45.141;0;0
Sri Lanka;LKA;1996;0;32.519;0;0
Sri Lanka;LKA;1997;0;344.727;0;0
Sri Lanka;LKA;1998;0;391.495;0;0
Sri Lanka;LKA;1999;0.0035;41.774.936;0;0
Sri Lanka;LKA;2000;0;3.16;0.01;0
Sri Lanka;LKA;2001;0;3.08;0.01;0
Sri Lanka;LKA;2002;0;2.67;0.01;0
Sri Lanka;LKA;2003;0;3.26;0.01;0
Sri Lanka;LKA;2004;0;2.93;0.01;0
Sri Lanka;LKA;2005;0;3.42;0.01;0
Sri Lanka;LKA;2006;0;3.85;0.01;0
Sri Lanka;LKA;2007;0;3.91;0.02;0.01
Sri Lanka;LKA;2008;0;4.09;0.02;0.06
Sri Lanka;LKA;2009;0;3.87;0.02;0.06
Sri Lanka;LKA;2010;0.05;5.58;0.02;0.04
Sri Lanka;LKA;2011;0.09;4.57;0.02;0.04
Sri Lanka;LKA;2012;0.15;3.26;0.02;0.05
Sri Lanka;LKA;2013;0.23;6.85;0.02;0.04
Sri Lanka;LKA;2014;0.27;4.51;0.03;0.08
Sri Lanka;LKA;2015;0.34;5.91;0.03;0.08
Sri Lanka;LKA;2016;0.34;4.18;0.05;0.13
Sri Lanka;LKA;2017;0.37;3.98;0.11;0.19
Sri Lanka;LKA;2018;0.33;6.34;0.23;0.2
Sri Lanka;LKA;2019;0.35;4.81;0.36;0.25
Sri Lanka;LKA;2020;0.34;4.98;0.44;0.24
Sri Lanka;LKA;2021;0.37;5;0.54;0.26
Sudan;SDN;2000;0;1.17;0;0.1
Sudan;SDN;2001;0;1.25;0;0.12
Sudan;SDN;2002;0;1.27;0;0.13
Sudan;SDN;2003;0;1.15;0;0.16
Sudan;SDN;2004;0;1.1;0;0.17
Sudan;SDN;2005;0;1.25;0;0.19
Sudan;SDN;2006;0;1.36;0;0.23
Sudan;SDN;2007;0;1.44;0;0.26
Sudan;SDN;2008;0;1.45;0;0.29
Sudan;SDN;2009;0;3.2;0;0.24
Sudan;SDN;2010;0;6.14;0;0.1
Sudan;SDN;2011;0;6.4;0;0.15
Sudan;SDN;2012;0;6.55;0.01;0.4
Sudan;SDN;2013;0;8.23;0.01;0.29
Sudan;SDN;2014;0;8.82;0.01;0.35
Sudan;SDN;2015;0;8.34;0.01;0.64
Sudan;SDN;2016;0;7.97;0.02;0.88
Sudan;SDN;2017;0;9.25;0.02;0.85
Sudan;SDN;2018;0;9.56;0.02;0.91
Sudan;SDN;2019;0;9.79;0.02;0.93
Sudan;SDN;2020;0;10.27;0.03;0.89
Sudan;SDN;2021;0;10;0.03;0.94
Suriname;SUR;2000;0;0.71;0;0
Suriname;SUR;2001;0;0.73;0;0
Suriname;SUR;2002;0;0.74;0;0
Suriname;SUR;2003;0;0.75;0;0
Suriname;SUR;2004;0;0.76;0;0
Suriname;SUR;2005;0;0.82;0;0
Suriname;SUR;2006;0;0.86;0;0
Suriname;SUR;2007;0;0.86;0;0
Suriname;SUR;2008;0;0.86;0;0
Suriname;SUR;2009;0;0.86;0;0
Suriname;SUR;2010;0;1.2;0;0
Suriname;SUR;2011;0;1.03;0;0
Suriname;SUR;2012;0;0.82;0;0
Suriname;SUR;2013;0;0.83;0;0
Suriname;SUR;2014;0;0.55;0;0
Suriname;SUR;2015;0;0.47;0.01;0.01
Suriname;SUR;2016;0;0.78;0.01;0.01
Suriname;SUR;2017;0;0.92;0.01;0
Suriname;SUR;2018;0;0.99;0.01;0
Suriname;SUR;2019;0;0.95;0.01;0
Suriname;SUR;2020;0;0.97;0.01;0
Suriname;SUR;2021;0;1;0.02;0
Sweden;SWE;1965;0;46.423;0;0
Sweden;SWE;1966;0;45.489;0;0
Sweden;SWE;1967;0;49.286;0;0
Sweden;SWE;1968;0;48.739;0;0
Sweden;SWE;1969;0;41.83;0;0
Sweden;SWE;1970;0;41.489;0;0.13
Sweden;SWE;1971;0;52.012;0;0.16
Sweden;SWE;1972;0;53.743;0;0.226
Sweden;SWE;1973;0;59.872;0;0.399
Sweden;SWE;1974;0;57.265;0;0.357
Sweden;SWE;1975;0;57.648;0;0.31
Sweden;SWE;1976;0;54.832;0;0.354
Sweden;SWE;1977;0;53.495;0;0.36
Sweden;SWE;1978;0;57.753;0;0.276
Sweden;SWE;1979;0;61.08;0;0.347
Sweden;SWE;1980;0;58.868;0;0.721
Sweden;SWE;1981;0;59.753;0;0.921
Sweden;SWE;1982;0;55.066;0;1.002
Sweden;SWE;1983;0.003;63.544;0;1.447
Sweden;SWE;1984;0.005;67.906;0;1.848
Sweden;SWE;1985;0.006;70.988;0;1.802
Sweden;SWE;1986;0.006;60.933;0;1.98
Sweden;SWE;1987;0.006;71.854;0;1.959
Sweden;SWE;1988;0.005;69.883;0;2.041
Sweden;SWE;1989;0.005;71.75;0;2.189
Sweden;SWE;1990;0.01;72.5;0;1.94
Sweden;SWE;1991;0.01;63.24;0;1.86
Sweden;SWE;1992;0.03;74.33;0;2.01
Sweden;SWE;1993;0.05;74.65;0;2.17
Sweden;SWE;1994;0.07;59.1;0;2.23
Sweden;SWE;1995;0.1;68.1;0;2.35
Sweden;SWE;1996;0.14;51.74;0;2.12
Sweden;SWE;1997;0.2;69.06;0;2.77
Sweden;SWE;1998;0.32;75;0;2.78
Sweden;SWE;1999;0.36;71.69;0;2.7
Sweden;SWE;2000;0.46;78.58;0;4.1
Sweden;SWE;2001;0.48;79.06;0;3.78
Sweden;SWE;2002;0.61;66.36;0;4.18
Sweden;SWE;2003;0.68;53.54;0;4.51
Sweden;SWE;2004;0.86;60.12;0;7.2
Sweden;SWE;2005;0.94;72.8;0;7.49
Sweden;SWE;2006;0.98;61.72;0;8.36
Sweden;SWE;2007;1.43;66.16;0;9.84
Sweden;SWE;2008;2;69.07;0;10.34
Sweden;SWE;2009;2.49;65.85;0.01;11.46
Sweden;SWE;2010;3.49;66.4;0.01;12.19
Sweden;SWE;2011;6.11;66.43;0.01;11.54
Sweden;SWE;2012;7.16;78.93;0.02;12.19
Sweden;SWE;2013;9.84;61.36;0.04;11.45
Sweden;SWE;2014;11.23;63.76;0.05;10.7
Sweden;SWE;2015;16.32;75.31;0.1;10.77
Sweden;SWE;2016;15.48;62.02;0.14;11.49
Sweden;SWE;2017;17.61;65.14;0.23;12.08
Sweden;SWE;2018;16.62;62.21;0.41;11.91
Sweden;SWE;2019;19.85;65.37;0.68;13.04
Sweden;SWE;2020;27.53;72.39;1.05;11.18
Sweden;SWE;2021;27.24;73.89;1.53;13.08
Sweden;SWE;2022;33.24;69.16;2.34;12.66
Switzerland;CHE;1965;0;24.097.282;0;0
Switzerland;CHE;1966;0;27.518.608;0;0
Switzerland;CHE;1967;0;29.850.212;0;0
Switzerland;CHE;1968;0;29.515.339;0;0
Switzerland;CHE;1969;0;2.824.513;0;0
Switzerland;CHE;1970;0;29.172.628;0;0
Switzerland;CHE;1971;0;29.043.726;0;0
Switzerland;CHE;1972;0;24.234.034;0;0
Switzerland;CHE;1973;0;26.586.607;0;0
Switzerland;CHE;1974;0;27.850.393;0;0
Switzerland;CHE;1975;0;3.223.579;0;0
Switzerland;CHE;1976;0;25.849.403;0;0
Switzerland;CHE;1977;0;3.488.988;0;0
Switzerland;CHE;1978;0;31.560.526;0;0.098
Switzerland;CHE;1979;0;2.968.438;0;0.287
Switzerland;CHE;1980;0;33.447.933;0;0.173
Switzerland;CHE;1981;0;3.512.508;0;0.436
Switzerland;CHE;1982;0;35.971.413;0;0.39
Switzerland;CHE;1983;0;3.506.285;0;0.396
Switzerland;CHE;1984;0;29.893.864;0;0.369
Switzerland;CHE;1985;0;3.205.207;0;0.365
Switzerland;CHE;1986;0;3.290.528;0;0.458
Switzerland;CHE;1987;0;34.674.698;0;0.511
Switzerland;CHE;1988;0;3.579.507;0;0.513
Switzerland;CHE;1989;0;2.977.493;0;0.529
Switzerland;CHE;1990;0;29.797.848;0.001;0.438
Switzerland;CHE;1991;0;32.080.162;0.002;0.436
Switzerland;CHE;1992;0;32.703.655;0.003;0.485
Switzerland;CHE;1993;0;35.781.193;0.004;0.491
Switzerland;CHE;1994;0;39.072.556;0.005;0.55
Switzerland;CHE;1995;0;35.171.566;0.006;0.574
Switzerland;CHE;1996;0.001;2.874.798;0.007;0.614
Switzerland;CHE;1997;0.002;34.046.455;0.007;0.658
Switzerland;CHE;1998;0.003;33.475.414;0.008;0.689
Switzerland;CHE;1999;0.003;40.008.263;0.01;0.749
Switzerland;CHE;2000;0;33.85;0.01;0.14
Switzerland;CHE;2001;0;38.29;0.01;0.14
Switzerland;CHE;2002;0;32.32;0.01;0.14
Switzerland;CHE;2003;0;31.95;0.02;0.14
Switzerland;CHE;2004;0.01;30.94;0.02;0.15
Switzerland;CHE;2005;0.01;28.66;0.02;0.16
Switzerland;CHE;2006;0.01;28.27;0.02;0.16
Switzerland;CHE;2007;0.02;32.36;0.03;0.15
Switzerland;CHE;2008;0.02;33.21;0.03;0.15
Switzerland;CHE;2009;0.02;32.83;0.05;0.13
Switzerland;CHE;2010;0.04;33.26;0.09;0.14
Switzerland;CHE;2011;0.07;29.91;0.17;0.15
Switzerland;CHE;2012;0.09;35.78;0.3;0.15
Switzerland;CHE;2013;0.09;35.63;0.5;0.15
Switzerland;CHE;2014;0.1;35.12;0.84;0.14
Switzerland;CHE;2015;0.11;35.38;1.12;0.12
Switzerland;CHE;2016;0.11;31.98;1.33;0.15
Switzerland;CHE;2017;0.13;31.48;1.68;0.16
Switzerland;CHE;2018;0.12;32.1;1.95;0.15
Switzerland;CHE;2019;0.15;35.16;2.18;0.15
Switzerland;CHE;2020;0.15;37.87;2.6;0.17
Switzerland;CHE;2021;0.15;36.96;2.89;0.11
Syria;SYR;2000;0;3.2;0;0.02
Syria;SYR;2001;0;3.38;0;0.02
Syria;SYR;2002;0;2.43;0;0.02
Syria;SYR;2003;0;2.73;0;0.02
Syria;SYR;2004;0;4.13;0;0.02
Syria;SYR;2005;0;4.28;0;0.03
Syria;SYR;2006;0;3.91;0;0.03
Syria;SYR;2007;0;3.44;0;0.03
Syria;SYR;2008;0;2.84;0;0.03
Syria;SYR;2009;0;1.85;0;0.03
Syria;SYR;2010;0;2.57;0;0.03
Syria;SYR;2011;0;3.25;0;0.03
Syria;SYR;2012;0;3.2;0;0.02
Syria;SYR;2013;0;2.97;0;0.01
Syria;SYR;2014;0;2.32;0;0.01
Syria;SYR;2015;0;0.41;0;0.01
Syria;SYR;2016;0;0.92;0;0.01
Syria;SYR;2017;0;0.75;0;0.01
Syria;SYR;2018;0;0.75;0;0.01
Syria;SYR;2019;0;0.75;0;0.01
Syria;SYR;2020;0;0.75;0;0.01
Syria;SYR;2021;0;0.75;0;0.01
Taiwan;TWN;1965;0;2.586;0;0
Taiwan;TWN;1966;0;2.661;0;0
Taiwan;TWN;1967;0;2.634;0;0
Taiwan;TWN;1968;0;3.864;0;0
Taiwan;TWN;1969;0;3.052;0;0
Taiwan;TWN;1970;0;2.865;0;0
Taiwan;TWN;1971;0;3.091;0;0
Taiwan;TWN;1972;0;3.636;0;0
Taiwan;TWN;1973;0;3.399;0;0
Taiwan;TWN;1974;0;4.705;0;0
Taiwan;TWN;1975;0;5.261;0;0
Taiwan;TWN;1976;0;4.282;0;0
Taiwan;TWN;1977;0;4.023;0;0
Taiwan;TWN;1978;0;4.966;0;0
Taiwan;TWN;1979;0;4.567;0;0
Taiwan;TWN;1980;0;2.926;0;0
Taiwan;TWN;1981;0;4.791;0;0
Taiwan;TWN;1982;0;47.812.243;0;0.00828249
Taiwan;TWN;1983;0;498.775;0;0.004545145
Taiwan;TWN;1984;0;4.385.302;0;0.00350599
Taiwan;TWN;1985;0;60.011.296;0;0.00295588
Taiwan;TWN;1986;0;61.299.214;0;0.0045321
Taiwan;TWN;1987;0;5.508.951;0;0.0028272
Taiwan;TWN;1988;0;4.673.866;0;0.00310436
Taiwan;TWN;1989;0;48.634.553;0;0.19544277
Taiwan;TWN;1990;0;638.118;0;0.21162774
Taiwan;TWN;1991;0;38.536.472;0;0.24322364
Taiwan;TWN;1992;0;6.555.993;0;0.2616219
Taiwan;TWN;1993;0;4.108.831;0;0.2327173
Taiwan;TWN;1994;0;50.615.253;0;0.25695983
Taiwan;TWN;1995;0;4.839.462;0;0.3838267
Taiwan;TWN;1996;0;47.430.544;0;0.46987763
Taiwan;TWN;1997;0;52.454.824;0;0.5255885
Taiwan;TWN;1998;0;62.018.576;0;0.6072004
Taiwan;TWN;1999;0;5.051.025;0;0.7588659
Taiwan;TWN;2000;0;4.56;0;1.05
Taiwan;TWN;2001;0.01;5.09;0;1.33
Taiwan;TWN;2002;0.02;2.78;0;1.61
Taiwan;TWN;2003;0.02;3.03;0;1.79
Taiwan;TWN;2004;0.03;3.21;0;1.87
Taiwan;TWN;2005;0.09;4.07;0;1.87
Taiwan;TWN;2006;0.28;4.09;0;1.86
Taiwan;TWN;2007;0.44;4.42;0;1.9
Taiwan;TWN;2008;0.59;4.31;0;1.83
Taiwan;TWN;2009;0.79;3.75;0.01;1.76
Taiwan;TWN;2010;1.03;4.19;0.02;1.85
Taiwan;TWN;2011;1.49;4;0.06;1.85
Taiwan;TWN;2012;1.41;5.67;0.16;1.85
Taiwan;TWN;2013;1.64;5.42;0.32;1.86
Taiwan;TWN;2014;1.5;4.32;0.53;1.93
Taiwan;TWN;2015;1.53;4.47;0.85;1.95
Taiwan;TWN;2016;1.46;6.56;1.11;1.92
Taiwan;TWN;2017;1.72;5.45;1.67;1.87
Taiwan;TWN;2018;1.71;4.48;2.71;1.98
Taiwan;TWN;2019;1.89;5.54;4.02;2
Taiwan;TWN;2020;2.31;3.02;6.07;1.99
Taiwan;TWN;2021;2.21;3.47;7.97;2
Tajikistan;TJK;2000;0;13.77;0;0
Tajikistan;TJK;2001;0;14.06;0;0
Tajikistan;TJK;2002;0;15.01;0;0
Tajikistan;TJK;2003;0;16.17;0;0
Tajikistan;TJK;2004;0;16.18;0;0
Tajikistan;TJK;2005;0;16.8;0;0
Tajikistan;TJK;2006;0;16.53;0;0
Tajikistan;TJK;2007;0;16.94;0;0
Tajikistan;TJK;2008;0;16.64;0;0
Tajikistan;TJK;2009;0;15.74;0;0
Tajikistan;TJK;2010;0;16.24;0;0
Tajikistan;TJK;2011;0;16.04;0;0
Tajikistan;TJK;2012;0;16.73;0;0
Tajikistan;TJK;2013;0;16.9;0;0
Tajikistan;TJK;2014;0;15.84;0;0
Tajikistan;TJK;2015;0;16.83;0;0
Tajikistan;TJK;2016;0;16.47;0;0
Tajikistan;TJK;2017;0;16.96;0;0
Tajikistan;TJK;2018;0;18.21;0;0
Tajikistan;TJK;2019;0;19.17;0;0
Tajikistan;TJK;2020;0;18.11;0;0
Tajikistan;TJK;2021;0;18;0;0
Tanzania;TZA;2000;0;2.12;0;0.17
Tanzania;TZA;2001;0;2.58;0;0.08
Tanzania;TZA;2002;0;2.69;0;0.02
Tanzania;TZA;2003;0;2.52;0;0.02
Tanzania;TZA;2004;0;2.33;0;0.12
Tanzania;TZA;2005;0;1.76;0;0.37
Tanzania;TZA;2006;0;1.42;0;0.42
Tanzania;TZA;2007;0;2.5;0;0.35
Tanzania;TZA;2008;0;2.62;0;0.36
Tanzania;TZA;2009;0;2.61;0;0.45
Tanzania;TZA;2010;0;2.67;0.01;0.66
Tanzania;TZA;2011;0;1.97;0.01;0.55
Tanzania;TZA;2012;0;1.75;0.01;0.61
Tanzania;TZA;2013;0;1.7;0.01;0.58
Tanzania;TZA;2014;0;2.56;0.02;0.58
Tanzania;TZA;2015;0;2.09;0.02;0.84
Tanzania;TZA;2016;0;2.34;0.03;0.87
Tanzania;TZA;2017;0;2.33;0.04;0.88
Tanzania;TZA;2018;0;2.21;0.05;0.57
Tanzania;TZA;2019;0;2.48;0.05;0.58
Tanzania;TZA;2020;0;3.14;0.05;0.55
Tanzania;TZA;2021;0;3;0.06;0.59
Thailand;THA;1965;0;0.841;0;0
Thailand;THA;1966;0;1.064;0;0
Thailand;THA;1967;0;1.368;0;0
Thailand;THA;1968;0;1.405;0;0
Thailand;THA;1969;0;1.046;0;0
Thailand;THA;1970;0;1.787;0;0
Thailand;THA;1971;0;2.048;0;0
Thailand;THA;1972;0;1.728;0;0
Thailand;THA;1973;0;1.88;0;0
Thailand;THA;1974;0;2.458;0;0
Thailand;THA;1975;0;3.399;0;0
Thailand;THA;1976;0;3.637;0;0
Thailand;THA;1977;0;3.265;0;0
Thailand;THA;1978;0;2.11;0;0
Thailand;THA;1979;0;3.263;0;0
Thailand;THA;1980;0;1.273;0;0
Thailand;THA;1981;0;2.974;0;0
Thailand;THA;1982;0;3.836;0;0
Thailand;THA;1983;0;3.66;0;0
Thailand;THA;1984;0;4.081;0;0
Thailand;THA;1985;0;3.691;0;0
Thailand;THA;1986;0;55.317;0;0
Thailand;THA;1987;0;405.623;0;0.00492
Thailand;THA;1988;0;371.817;0;0.03019
Thailand;THA;1989;0;551.221;0;0.02157
Thailand;THA;1990;0;490.011;0;0.025009
Thailand;THA;1991;0;450.535;0;0.029667
Thailand;THA;1992;0;415.894;0;0.020861
Thailand;THA;1993;0;3.612.501;0;0.029429
Thailand;THA;1994;0;4.403.602;0;0.05076354
Thailand;THA;1995;0;6.593.011;0;0.14274906
Thailand;THA;1996;0;7.215.002;0;0.2071208
Thailand;THA;1997;0;7.082;0;0.27350026
Thailand;THA;1998;0;5.088.822;0;0.3095111
Thailand;THA;1999;0;3.409.668;0;0.4474333
Thailand;THA;2000;0;5.89;0;0.49
Thailand;THA;2001;0;6.17;0;0.59
Thailand;THA;2002;0;7.37;0;0.7
Thailand;THA;2003;0;7.21;0;1.15
Thailand;THA;2004;0;5.9;0;1.73
Thailand;THA;2005;0;5.67;0;1.75
Thailand;THA;2006;0;7.95;0;1.87
Thailand;THA;2007;0;7.96;0;2.24
Thailand;THA;2008;0;6.95;0;2
Thailand;THA;2009;0;6.97;0.01;2.11
Thailand;THA;2010;0;5.35;0.02;3.21
Thailand;THA;2011;0;7.93;0.09;3.81
Thailand;THA;2012;0.14;8.43;0.5;4.35
Thailand;THA;2013;0.31;5.41;1.26;5.35
Thailand;THA;2014;0.31;5.16;1.93;6.28
Thailand;THA;2015;0.33;3.76;2.38;6.86
Thailand;THA;2016;0.34;3.54;3.38;8.71
Thailand;THA;2017;1.11;4.69;4.54;9.58
Thailand;THA;2018;1.64;7.6;4.54;12.06
Thailand;THA;2019;3.67;6.31;5.15;12.89
Thailand;THA;2020;3.22;4.54;5.03;11.94
Thailand;THA;2021;4.3;4.68;4.29;13.84
Timor;TLS;2003;0;0;0;0
Timor;TLS;2004;0;0;0;0
Timor;TLS;2005;0;0;0;0
Timor;TLS;2006;0;0;0;0
Timor;TLS;2007;0;0;0;0
Timor;TLS;2008;0;0;0;0
Timor;TLS;2009;0;0;0;0
Timor;TLS;2010;0;0;0;0
Timor;TLS;2011;0;0;0;0
Timor;TLS;2012;0;0;0;0
Timor;TLS;2013;0;0;0;0
Timor;TLS;2014;0;0;0;0
Timor;TLS;2015;0;0;0;0
Timor;TLS;2016;0;0;0;0
Timor;TLS;2017;0;0;0;0
Timor;TLS;2018;0;0;0;0
Timor;TLS;2019;0;0;0;0
Timor;TLS;2020;0;0;0;0
Timor;TLS;2021;0;0;0;0
Togo;TGO;2000;0;0.1;0;0
Togo;TGO;2001;0;0.05;0;0
Togo;TGO;2002;0;0.09;0;0
Togo;TGO;2003;0;0.12;0;0
Togo;TGO;2004;0;0.08;0;0
Togo;TGO;2005;0;0.07;0;0
Togo;TGO;2006;0;0.09;0;0
Togo;TGO;2007;0;0.09;0;0
Togo;TGO;2008;0;0.09;0;0
Togo;TGO;2009;0;0.11;0;0
Togo;TGO;2010;0;0.09;0;0
Togo;TGO;2011;0;0.1;0;0
Togo;TGO;2012;0;0.09;0;0
Togo;TGO;2013;0;0.04;0;0
Togo;TGO;2014;0;0.12;0;0
Togo;TGO;2015;0;0.06;0;0
Togo;TGO;2016;0;0.2;0;0
Togo;TGO;2017;0;0.21;0;0
Togo;TGO;2018;0;0.2;0.01;0
Togo;TGO;2019;0;0.24;0.01;0
Togo;TGO;2020;0;0.14;0.01;0
Togo;TGO;2021;0;0.15;0.02;0
Tonga;TON;2000;0;0;0;0
Tonga;TON;2001;0;0;0;0
Tonga;TON;2002;0;0;0;0
Tonga;TON;2003;0;0;0;0
Tonga;TON;2004;0;0;0;0
Tonga;TON;2005;0;0;0;0
Tonga;TON;2006;0;0;0;0
Tonga;TON;2007;0;0;0;0
Tonga;TON;2008;0;0;0;0
Tonga;TON;2009;0;0;0;0
Tonga;TON;2010;0;0;0;0
Tonga;TON;2011;0;0;0;0
Tonga;TON;2012;0;0;0;0
Tonga;TON;2013;0;0;0;0
Tonga;TON;2014;0;0;0;0
Tonga;TON;2015;0;0;0;0
Tonga;TON;2016;0;0;0;0
Tonga;TON;2017;0;0;0.01;0
Tonga;TON;2018;0;0;0.01;0
Tonga;TON;2019;0;0;0.01;0
Tonga;TON;2020;0;0;0.01;0
Tonga;TON;2021;0;0;0.01;0
Trinidad and Tobago;TTO;1965;0;0;0;0
Trinidad and Tobago;TTO;1966;0;0;0;0
Trinidad and Tobago;TTO;1967;0;0;0;0
Trinidad and Tobago;TTO;1968;0;0;0;0
Trinidad and Tobago;TTO;1969;0;0;0;0
Trinidad and Tobago;TTO;1970;0;0;0;0
Trinidad and Tobago;TTO;1971;0;0;0;0.035
Trinidad and Tobago;TTO;1972;0;0;0;0.035
Trinidad and Tobago;TTO;1973;0;0;0;0.029
Trinidad and Tobago;TTO;1974;0;0;0;0.025
Trinidad and Tobago;TTO;1975;0;0;0;0.023
Trinidad and Tobago;TTO;1976;0;0;0;0.019
Trinidad and Tobago;TTO;1977;0;0;0;0.023
Trinidad and Tobago;TTO;1978;0;0;0;0.029
Trinidad and Tobago;TTO;1979;0;0;0;0.029
Trinidad and Tobago;TTO;1980;0;0;0;0.026
Trinidad and Tobago;TTO;1981;0;0;0;0.019
Trinidad and Tobago;TTO;1982;0;0;0;0.018
Trinidad and Tobago;TTO;1983;0;0;0;0.016
Trinidad and Tobago;TTO;1984;0;0;0;0.013
Trinidad and Tobago;TTO;1985;0;0;0;0.017
Trinidad and Tobago;TTO;1986;0;0;0;0.026
Trinidad and Tobago;TTO;1987;0;0;0;0.031
Trinidad and Tobago;TTO;1988;0;0;0;0.027
Trinidad and Tobago;TTO;1989;0;0;0;0.026
Trinidad and Tobago;TTO;1990;0;0;0;0.031
Trinidad and Tobago;TTO;1991;0;0;0;0.025
Trinidad and Tobago;TTO;1992;0;0;0;0.03
Trinidad and Tobago;TTO;1993;0;0;0;0.028
Trinidad and Tobago;TTO;1994;0;0;0;0.032
Trinidad and Tobago;TTO;1995;0;0;0;0.033
Trinidad and Tobago;TTO;1996;0;0;0;0.017
Trinidad and Tobago;TTO;1997;0;0;0;0.018
Trinidad and Tobago;TTO;1998;0;0;0;0.018
Trinidad and Tobago;TTO;1999;0;0;0;0.018
Trinidad and Tobago;TTO;2000;0;0;0;0.02
Trinidad and Tobago;TTO;2001;0;0;0;0.02
Trinidad and Tobago;TTO;2002;0;0;0;0.02
Trinidad and Tobago;TTO;2003;0;0;0;0.03
Trinidad and Tobago;TTO;2004;0;0;0;0.03
Trinidad and Tobago;TTO;2005;0;0;0;0.03
Trinidad and Tobago;TTO;2006;0;0;0;0.03
Trinidad and Tobago;TTO;2007;0;0;0;0.03
Trinidad and Tobago;TTO;2008;0;0;0;0
Trinidad and Tobago;TTO;2009;0;0;0;0
Trinidad and Tobago;TTO;2010;0;0;0;0
Trinidad and Tobago;TTO;2011;0;0;0;0
Trinidad and Tobago;TTO;2012;0;0;0;0
Trinidad and Tobago;TTO;2013;0;0;0;0
Trinidad and Tobago;TTO;2014;0;0;0;0
Trinidad and Tobago;TTO;2015;0;0;0.01;0
Trinidad and Tobago;TTO;2016;0;0;0.01;0
Trinidad and Tobago;TTO;2017;0;0;0.01;0
Trinidad and Tobago;TTO;2018;0;0;0.01;0
Trinidad and Tobago;TTO;2019;0;0;0.01;0
Trinidad and Tobago;TTO;2020;0;0;0.01;0
Trinidad and Tobago;TTO;2021;0;0;0.01;0
Tunisia;TUN;2000;0.02;0.06;0;0
Tunisia;TUN;2001;0.02;0.05;0;0
Tunisia;TUN;2002;0.03;0.06;0;0
Tunisia;TUN;2003;0.03;0.16;0;0
Tunisia;TUN;2004;0.04;0.15;0;0
Tunisia;TUN;2005;0.04;0.14;0;0
Tunisia;TUN;2006;0.04;0.09;0;0
Tunisia;TUN;2007;0.04;0.05;0;0
Tunisia;TUN;2008;0.04;0.03;0;0
Tunisia;TUN;2009;0.1;0.08;0;0
Tunisia;TUN;2010;0.14;0.05;0;0
Tunisia;TUN;2011;0.11;0.05;0;0
Tunisia;TUN;2012;0.2;0.11;0.01;0
Tunisia;TUN;2013;0.36;0.06;0.02;0
Tunisia;TUN;2014;0.51;0.05;0.03;0
Tunisia;TUN;2015;0.45;0.07;0.06;0
Tunisia;TUN;2016;0.47;0.05;0.11;0
Tunisia;TUN;2017;0.45;0.02;0.13;0
Tunisia;TUN;2018;0.45;0.02;0.17;0
Tunisia;TUN;2019;0.5;0.07;0.25;0
Tunisia;TUN;2020;0.47;0.05;0.33;0
Tunisia;TUN;2021;0.53;0.06;0.41;0
Turkey;TUR;1965;0;2.179;0;0.1
Turkey;TUR;1966;0;23.381;0;0.122
Turkey;TUR;1967;0;23.818;0;0.173
Turkey;TUR;1968;0;31.748;0;0.179
Turkey;TUR;1969;0;34.449;0;0.178
Turkey;TUR;1970;0;30.328;0;0.166
Turkey;TUR;1971;0;26.102;0;0.162
Turkey;TUR;1972;0;32.042;0;0.175
Turkey;TUR;1973;0;26.034;0;0.197
Turkey;TUR;1974;0;33.558;0;0.207
Turkey;TUR;1975;0;59.036;0;0.22
Turkey;TUR;1976;0;83.748;0;0.161
Turkey;TUR;1977;0;85.723;0;0.218
Turkey;TUR;1978;0;93.348;0;0.137
Turkey;TUR;1979;0;102.889;0;0.145
Turkey;TUR;1980;0;113.482;0;0.136
Turkey;TUR;1981;0;126.161;0;0.11
Turkey;TUR;1982;0;141.667;0;0
Turkey;TUR;1983;0;113.427;0;0
Turkey;TUR;1984;0;134.263;0;0.0221
Turkey;TUR;1985;0;120.449;0;0.006
Turkey;TUR;1986;0;118.726;0;0.0436
Turkey;TUR;1987;0;186.178;0;0.0579
Turkey;TUR;1988;0;289.496;0;0.0684
Turkey;TUR;1989;0;179.396;0;0.0626
Turkey;TUR;1990;0;23.15;0;0.08
Turkey;TUR;1991;0;22.68;0;0.12
Turkey;TUR;1992;0;26.57;0;0.120000005
Turkey;TUR;1993;0;33.95;0;0.14
Turkey;TUR;1994;0;30.59;0;0.13
Turkey;TUR;1995;0;35.54;0;0.31
Turkey;TUR;1996;0;40.47;0;0.26
Turkey;TUR;1997;0;39.82;0;0.37
Turkey;TUR;1998;0;42.23;0;0.32999998
Turkey;TUR;1999;0.02;34.68;0;0.21
Turkey;TUR;2000;0.03;30.88;0;0.25
Turkey;TUR;2001;0.06;24.01;0;0.27
Turkey;TUR;2002;0.05;33.68;0;0.22999999
Turkey;TUR;2003;0.06;35.33;0;0.17
Turkey;TUR;2004;0.06;46.08;0;0.17
Turkey;TUR;2005;0.06;39.56;0;0.120000005
Turkey;TUR;2006;0.13;44.24;0;0.15
Turkey;TUR;2007;0.36;35.85;0;0.25
Turkey;TUR;2008;0.85;33.27;0;0.3
Turkey;TUR;2009;1.5;35.96;0;0.69
Turkey;TUR;2010;2.92;51.8;0;1
Turkey;TUR;2011;4.72;52.34;0;1.03
Turkey;TUR;2012;5.86;57.86;0;1.49
Turkey;TUR;2013;7.56;59.42;0;2.24
Turkey;TUR;2014;8.52;40.64;0.02;3.44
Turkey;TUR;2015;11.65;67.15;0.19;4.66
Turkey;TUR;2016;15.52;67.23;1.04;64.500.003
Turkey;TUR;2017;17.9;58.22;2.89;8.23
Turkey;TUR;2018;19.95;59.94;7.8;10.08
Turkey;TUR;2019;21.73;88.82;9.25;12.46
Turkey;TUR;2020;24.83;78.09;10.95;14.469.999
Turkey;TUR;2021;31.21;55.74;12.97;17.12
Turkmenistan;TKM;1990;0;0.003;0;0
Turkmenistan;TKM;1991;0;0.003;0;0
Turkmenistan;TKM;1992;0;0.0042;0;0
Turkmenistan;TKM;1993;0;0.005;0;0
Turkmenistan;TKM;1994;0;0.004;0;0
Turkmenistan;TKM;1995;0;0.004;0;0
Turkmenistan;TKM;1996;0;0.005;0;0
Turkmenistan;TKM;1997;0;0.005;0;0
Turkmenistan;TKM;1998;0;0.006;0;0
Turkmenistan;TKM;1999;0;0.005;0;0
Turkmenistan;TKM;2000;0;0;0;0
Turkmenistan;TKM;2001;0;0;0;0
Turkmenistan;TKM;2002;0;0;0;0
Turkmenistan;TKM;2003;0;0;0;0
Turkmenistan;TKM;2004;0;0;0;0
Turkmenistan;TKM;2005;0;0;0;0
Turkmenistan;TKM;2006;0;0;0;0
Turkmenistan;TKM;2007;0;0;0;0
Turkmenistan;TKM;2008;0;0;0;0
Turkmenistan;TKM;2009;0;0;0;0
Turkmenistan;TKM;2010;0;0;0;0
Turkmenistan;TKM;2011;0;0;0;0
Turkmenistan;TKM;2012;0;0;0;0
Turkmenistan;TKM;2013;0;0;0;0
Turkmenistan;TKM;2014;0;0;0;0
Turkmenistan;TKM;2015;0;0;0;0
Turkmenistan;TKM;2016;0;0;0;0
Turkmenistan;TKM;2017;0;0;0;0
Turkmenistan;TKM;2018;0;0;0;0
Turkmenistan;TKM;2019;0;0;0;0
Turkmenistan;TKM;2020;0;0;0;0
Turkmenistan;TKM;2021;0;0;0;0
Turkmenistan;TKM;1985;;0.003;;
Turkmenistan;TKM;1986;;0.003;;
Turkmenistan;TKM;1987;;0.003;;
Turkmenistan;TKM;1988;;0.003;;
Turkmenistan;TKM;1989;;0.003;;
Turks and Caicos Islands;TCA;2000;0;0;0;0
Turks and Caicos Islands;TCA;2001;0;0;0;0
Turks and Caicos Islands;TCA;2002;0;0;0;0
Turks and Caicos Islands;TCA;2003;0;0;0;0
Turks and Caicos Islands;TCA;2004;0;0;0;0
Turks and Caicos Islands;TCA;2005;0;0;0;0
Turks and Caicos Islands;TCA;2006;0;0;0;0
Turks and Caicos Islands;TCA;2007;0;0;0;0
Turks and Caicos Islands;TCA;2008;0;0;0;0
Turks and Caicos Islands;TCA;2009;0;0;0;0
Turks and Caicos Islands;TCA;2010;0;0;0;0
Turks and Caicos Islands;TCA;2011;0;0;0;0
Turks and Caicos Islands;TCA;2012;0;0;0;0
Turks and Caicos Islands;TCA;2013;0;0;0;0
Turks and Caicos Islands;TCA;2014;0;0;0;0
Turks and Caicos Islands;TCA;2015;0;0;0;0
Turks and Caicos Islands;TCA;2016;0;0;0;0
Turks and Caicos Islands;TCA;2017;0;0;0;0
Turks and Caicos Islands;TCA;2018;0;0;0;0
Turks and Caicos Islands;TCA;2019;0;0;0;0
Turks and Caicos Islands;TCA;2020;0;0;0;0
Turks and Caicos Islands;TCA;2021;0;0;0;0
USSR;OWID_USS;1965;0;81.434;0;0
USSR;OWID_USS;1966;;91.823;;
USSR;OWID_USS;1967;;88.571;;
USSR;OWID_USS;1968;;104.04;;
USSR;OWID_USS;1969;;115.181;;
USSR;OWID_USS;1970;;124.377;;
USSR;OWID_USS;1971;;126.099;;
USSR;OWID_USS;1972;;122.899;;
USSR;OWID_USS;1973;;122.345;;
USSR;OWID_USS;1974;;132.03;;
USSR;OWID_USS;1975;;125.987;;
USSR;OWID_USS;1976;;135.735;;
USSR;OWID_USS;1977;;147.014;;
USSR;OWID_USS;1978;;169.701;;
USSR;OWID_USS;1979;;172.023;;
USSR;OWID_USS;1980;;183.938;;
USSR;OWID_USS;1981;;186.744;;
USSR;OWID_USS;1982;;174.677;;
USSR;OWID_USS;1983;;180.362;;
USSR;OWID_USS;1984;;202.988;;
Uganda;UGA;2000;0;1.55;0;0
Uganda;UGA;2001;0;1.55;0;0
Uganda;UGA;2002;0;1.67;0;0
Uganda;UGA;2003;0;1.75;0;0
Uganda;UGA;2004;0;1.89;0;0
Uganda;UGA;2005;0;1.84;0;0
Uganda;UGA;2006;0;1.16;0.01;0
Uganda;UGA;2007;0;1.4;0.01;0
Uganda;UGA;2008;0;1.63;0.02;0.05
Uganda;UGA;2009;0;1.4;0.02;0.09
Uganda;UGA;2010;0;1.47;0.02;0.1
Uganda;UGA;2011;0;1.5;0.02;0.09
Uganda;UGA;2012;0;1.5;0.03;0.05
Uganda;UGA;2013;0;2.37;0.03;0.05
Uganda;UGA;2014;0;2.37;0.03;0.12
Uganda;UGA;2015;0;2.41;0.03;0.14
Uganda;UGA;2016;0;3.3;0.04;0.14
Uganda;UGA;2017;0;3.44;0.06;0.15
Uganda;UGA;2018;0;3.64;0.07;0.3
Uganda;UGA;2019;0;4.04;0.12;0.08
Uganda;UGA;2020;0;4.08;0.12;0.12
Uganda;UGA;2021;0;4;0.15;0.12
Ukraine;UKR;1990;0;10.51;0;0
Ukraine;UKR;1991;0;11.71;0;0
Ukraine;UKR;1992;0;7.88;0;0
Ukraine;UKR;1993;0;11.04;0;0
Ukraine;UKR;1994;0;12.12;0;0
Ukraine;UKR;1995;0;9.95;0;0
Ukraine;UKR;1996;0;8.63;0;0
Ukraine;UKR;1997;0;9.86;0;0
Ukraine;UKR;1998;0;15.74;0;0
Ukraine;UKR;1999;0;14.32;0;0
Ukraine;UKR;2000;0.01;11.27;0;0
Ukraine;UKR;2001;0.02;12.03;0;0
Ukraine;UKR;2002;0.02;9.63;0;0
Ukraine;UKR;2003;0.03;9.24;0;0
Ukraine;UKR;2004;0.03;11.75;0;0
Ukraine;UKR;2005;0.04;12.36;0;0
Ukraine;UKR;2006;0.03;12.89;0;0
Ukraine;UKR;2007;0.05;10.14;0;0.28
Ukraine;UKR;2008;0.05;11.51;0;0.26
Ukraine;UKR;2009;0.04;11.94;0;0.14
Ukraine;UKR;2010;0.05;13.15;0;0.19
Ukraine;UKR;2011;0.09;10.95;0.03;0.13
Ukraine;UKR;2012;0.29;10.48;0.33;0.13
Ukraine;UKR;2013;0.64;13.8;0.57;0.1
Ukraine;UKR;2014;1.13;8.48;0.43;0.13
Ukraine;UKR;2015;1.08;5.4;0.48;0.14
Ukraine;UKR;2016;0.95;7.67;0.49;0.14
Ukraine;UKR;2017;0.98;8.95;0.74;0.21
Ukraine;UKR;2018;1.19;10.43;1.1;0.3
Ukraine;UKR;2019;2.02;6.51;2.93;0.41
Ukraine;UKR;2020;3.27;7.56;5.97;0.76
Ukraine;UKR;2021;4.46;10.67;5.97;0.76
Ukraine;UKR;1985;;107.126.255;;
Ukraine;UKR;1986;;10.655.173;;
Ukraine;UKR;1987;;9.594.518;;
Ukraine;UKR;1988;;1.193.238;;
Ukraine;UKR;1989;;10.129.265;;
United Arab Emirates;ARE;1965;0;0;0;0
United Arab Emirates;ARE;1966;0;0;0;0
United Arab Emirates;ARE;1967;0;0;0;0
United Arab Emirates;ARE;1968;0;0;0;0
United Arab Emirates;ARE;1969;0;0;0;0
United Arab Emirates;ARE;1970;0;0;0;0
United Arab Emirates;ARE;1971;0;0;0;0
United Arab Emirates;ARE;1972;0;0;0;0
United Arab Emirates;ARE;1973;0;0;0;0
United Arab Emirates;ARE;1974;0;0;0;0
United Arab Emirates;ARE;1975;0;0;0;0
United Arab Emirates;ARE;1976;0;0;0;0
United Arab Emirates;ARE;1977;0;0;0;0
United Arab Emirates;ARE;1978;0;0;0;0
United Arab Emirates;ARE;1979;0;0;0;0
United Arab Emirates;ARE;1980;0;0;0;0
United Arab Emirates;ARE;1981;0;0;0;0
United Arab Emirates;ARE;1982;0;0;0;0
United Arab Emirates;ARE;1983;0;0;0;0
United Arab Emirates;ARE;1984;0;0;0;0
United Arab Emirates;ARE;1985;0;0;0;0
United Arab Emirates;ARE;1986;0;0;0;0
United Arab Emirates;ARE;1987;0;0;0;0
United Arab Emirates;ARE;1988;0;0;0;0
United Arab Emirates;ARE;1989;0;0;0;0
United Arab Emirates;ARE;1990;0;0;0;0
United Arab Emirates;ARE;1991;0;0;0;0
United Arab Emirates;ARE;1992;0;0;0;0
United Arab Emirates;ARE;1993;0;0;0;0
United Arab Emirates;ARE;1994;0;0;0;0
United Arab Emirates;ARE;1995;0;0;0;0
United Arab Emirates;ARE;1996;0;0;0;0
United Arab Emirates;ARE;1997;0;0;0;0
United Arab Emirates;ARE;1998;0;0;0;0
United Arab Emirates;ARE;1999;0;0;0;0
United Arab Emirates;ARE;2000;0;0;0;0
United Arab Emirates;ARE;2001;0;0;0;0
United Arab Emirates;ARE;2002;0;0;0;0
United Arab Emirates;ARE;2003;0;0;0;0
United Arab Emirates;ARE;2004;0;0;0;0
United Arab Emirates;ARE;2005;0;0;0;0
United Arab Emirates;ARE;2006;0;0;0;0
United Arab Emirates;ARE;2007;0;0;0;0
United Arab Emirates;ARE;2008;0;0;0;0
United Arab Emirates;ARE;2009;0;0;0.01;0
United Arab Emirates;ARE;2010;0;0;0.02;0
United Arab Emirates;ARE;2011;0;0;0.03;0
United Arab Emirates;ARE;2012;0;0;0.02;0
United Arab Emirates;ARE;2013;0;0;0.08;0
United Arab Emirates;ARE;2014;0;0;0.3;0.01
United Arab Emirates;ARE;2015;0;0;0.3;0.01
United Arab Emirates;ARE;2016;0;0;0.31;0.01
United Arab Emirates;ARE;2017;0;0;0.74;0.01
United Arab Emirates;ARE;2018;0;0;1.31;0.01
United Arab Emirates;ARE;2019;0;0;3.79;0.01
United Arab Emirates;ARE;2020;0;0;5.49;0.01
United Arab Emirates;ARE;2021;0;0;6.69;0.01
United Kingdom;GBR;1965;0;4.612;0;0
United Kingdom;GBR;1966;0;4.536;0;0
United Kingdom;GBR;1967;0;4.885;0;0
United Kingdom;GBR;1968;0;3.722;0;0
United Kingdom;GBR;1969;0;3.256;0;0
United Kingdom;GBR;1970;0;4.536;0;0
United Kingdom;GBR;1971;0;3.373;0;0
United Kingdom;GBR;1972;0;3.373;0;0
United Kingdom;GBR;1973;0;3.838;0;0
United Kingdom;GBR;1974;0;4.071;0;0
United Kingdom;GBR;1975;0;3.838;0;0
United Kingdom;GBR;1976;0;4.536;0;0
United Kingdom;GBR;1977;0;3.954;0;0
United Kingdom;GBR;1978;0;4.071;0;0
United Kingdom;GBR;1979;0;4.303;0;0
United Kingdom;GBR;1980;0;3.954;0;0
United Kingdom;GBR;1981;0;4.419;0;0
United Kingdom;GBR;1982;0;4.536;0;0
United Kingdom;GBR;1983;0;4.536;0;0
United Kingdom;GBR;1984;0;4.536;0.001010101;0
United Kingdom;GBR;1985;0;39.542;0.001010101;0
United Kingdom;GBR;1986;0;47.683;0.001010101;0
United Kingdom;GBR;1987;0;41.868;0;0
United Kingdom;GBR;1988;0;48.846;0.001010101;0
United Kingdom;GBR;1989;0.009;47.683;0;0
United Kingdom;GBR;1990;0.01;5.21;0;0.6
United Kingdom;GBR;1991;0.01;4.62;0;0.69
United Kingdom;GBR;1992;0.04;5.43;0;0.93
United Kingdom;GBR;1993;0.22;4.3;0;1.2
United Kingdom;GBR;1994;0.34;5.09;0;1.52
United Kingdom;GBR;1995;0.39;4.84;0;1.64
United Kingdom;GBR;1996;0.49;3.39;0;1.8
United Kingdom;GBR;1997;0.67;4.17;0;2.11
United Kingdom;GBR;1998;0.88;5.12;0;2.65
United Kingdom;GBR;1999;0.85;5.34;0;3.43
United Kingdom;GBR;2000;0.95;5.09;0;3.94
United Kingdom;GBR;2001;0.97;4.06;0;4.53
United Kingdom;GBR;2002;1.26;4.79;0;5.08
United Kingdom;GBR;2003;1.29;3.23;0;6.1
United Kingdom;GBR;2004;1.94;4.84;0;7.36
United Kingdom;GBR;2005;2.9;4.92;0.01;9.1
United Kingdom;GBR;2006;4.23;4.59;0.01;9.28
United Kingdom;GBR;2007;5.27;5.08;0.01;9.33
United Kingdom;GBR;2008;7.12;5.14;0.02;9.57
United Kingdom;GBR;2009;9.28;5.23;0.02;10.72
United Kingdom;GBR;2010;10.29;3.59;0.04;12.26
United Kingdom;GBR;2011;15.96;5.69;0.24;13.31
United Kingdom;GBR;2012;19.85;5.31;1.35;14.73
United Kingdom;GBR;2013;28.4;4.7;2.01;18.1
United Kingdom;GBR;2014;31.96;5.89;4.05;22.62
United Kingdom;GBR;2015;40.27;6.3;7.53;28.47
United Kingdom;GBR;2016;37.16;5.37;10.4;30.06
United Kingdom;GBR;2017;49.64;5.88;11.46;31.87
United Kingdom;GBR;2018;56.91;5.44;12.74;34.94
United Kingdom;GBR;2019;64.33;5.93;12.92;37.3
United Kingdom;GBR;2020;73.64;6.68;13.32;38.1
United Kingdom;GBR;2021;65.02;5.59;12.47;39.12
United States;USA;1965;0;19.897.409;0;13.332.232
United States;USA;1966;0;1.999.369;0;14.062.007
United States;USA;1967;0;22.722.081;0;14.073.571
United States;USA;1968;0;22.815.471;0;15.546.045
United States;USA;1969;0;25.602.853;0;1.622.706
United States;USA;1970;0;25.349.237;0;16.235.903
United States;USA;1971;0;272.254;0;16.584.414
United States;USA;1972;0;27.871.597;0;1.867.298
United States;USA;1973;0;2.782.127;0;19.989.693
United States;USA;1974;0;30.728.464;0;20.404.264
United States;USA;1975;0;3.062.148;0;19.754.301
United States;USA;1976;0;28.982.245;0;22.564.754
United States;USA;1977;0;22.585.725;0;23.536.121
United States;USA;1978;0;28.632.852;0;24.678.787
United States;USA;1979;0;28.593.533;0;25.756.037
United States;USA;1980;0;2.820.021;0;26.656.116
United States;USA;1981;0;26.650.977;0;27.377.604
United States;USA;1982;0;3.155.293;0;26.405.048
United States;USA;1983;0.002694949;33.867.764;0.003;298.046
United States;USA;1984;0.006555556;32.758.725;0.00530101;35.595.325
United States;USA;1985;0.005820202;28.718.237;0.010737374;36.392.895
United States;USA;1986;0.004231313;29.697.498;0.014173737;3.870.167
United States;USA;1987;0.003576768;2.554.102;0.01060303;42.665.432
United States;USA;1988;0.000879798;22.838.464;0.009185859;42.394.062
United States;USA;1989;21.333.768;27.472.418;0.2531323;48.854.267
United States;USA;1990;28.167.677;2.922.809;0.37079495;57.459.316
United States;USA;1991;29.807.587;28.732.602;0.4782529;6.055.176
United States;USA;1992;29.166.899;25.142.567;0.40884447;64.815.414
United States;USA;1993;30.361.888;27.925.095;0.47516188;6.692.472
United States;USA;1994;34.819.283;2.593.413;0.5018728;6.635.486
United States;USA;1995;31.962.152;31.121.982;0.5144716;6.326.508
United States;USA;1996;32.667.363;34.754.947;0.54134125;6.482.596
United States;USA;1997;33.212.476;3.559.731;0.5326957;6.582.008
United States;USA;1998;30.562.587;32.208.926;0.52465934;6.561.713
United States;USA;1999;45.333.314;3.166.052;0.5183421;6.647.772
United States;USA;2000;5.59;270.03;0.49;74.82
United States;USA;2001;6.74;208.14;0.54;64.64
United States;USA;2002;10.35;255.59;0.55;69.85
United States;USA;2003;11.19;267.27;0.53;70.19
United States;USA;2004;14.14;259.93;0.58;70.490.005
United States;USA;2005;17.81;263.76;0.55;70.92
United States;USA;2006;26.59;282.69;0.51;71.37
United States;USA;2007;34.45;240.61;0.61;72.240.005
United States;USA;2008;55.36;248.54;0.86;72.35
United States;USA;2009;73.89;268.82;0.89;71.96
United States;USA;2010;94.65;254.7;1.21;73.92
United States;USA;2011;120.18;312.93;1.82;74.81
United States;USA;2012;140.82;271.29;4.33;75.88
United States;USA;2013;167.84;263.88;9.04;79.62
United States;USA;2014;181.65;253.19;28.92;83.07
United States;USA;2015;190.72;243.99;39.03;82.75
United States;USA;2016;226.99;261.13;54.87;81.92
United States;USA;2017;254.3;293.84;77.28;81.770.004
United States;USA;2018;272.67;286.62;93.36;80.520.004
United States;USA;2019;295.88;282.61;106.89;75.38
United States;USA;2020;337.94;279.95;130.72;72.79
United States;USA;2021;378.2;246.47;164.42;72.49
United States Virgin Islands;VIR;2000;0;0;0;0
United States Virgin Islands;VIR;2001;0;0;0;0
United States Virgin Islands;VIR;2002;0;0;0;0
United States Virgin Islands;VIR;2003;0;0;0;0
United States Virgin Islands;VIR;2004;0;0;0;0
United States Virgin Islands;VIR;2005;0;0;0;0
United States Virgin Islands;VIR;2006;0;0;0;0
United States Virgin Islands;VIR;2007;0;0;0;0
United States Virgin Islands;VIR;2008;0;0;0;0
United States Virgin Islands;VIR;2009;0;0;0;0
United States Virgin Islands;VIR;2010;0;0;0;0
United States Virgin Islands;VIR;2011;0;0;0;0
United States Virgin Islands;VIR;2012;0;0;0;0
United States Virgin Islands;VIR;2013;0;0;0;0
United States Virgin Islands;VIR;2014;0;0;0.01;0
United States Virgin Islands;VIR;2015;0;0;0.01;0
United States Virgin Islands;VIR;2016;0;0;0.01;0
United States Virgin Islands;VIR;2017;0;0;0.01;0
United States Virgin Islands;VIR;2018;0;0;0.01;0
United States Virgin Islands;VIR;2019;0;0;0.01;0
United States Virgin Islands;VIR;2020;0;0;0.01;0
United States Virgin Islands;VIR;2021;0;0;0.02;0
Upper-middle-income countries;;1965;0;15.227.177;0;0.1
Upper-middle-income countries;;1966;0;16.789.096;0;0.122
Upper-middle-income countries;;1967;0;1.654.073;0;0.173
Upper-middle-income countries;;1968;0;18.862.204;0;0.179
Upper-middle-income countries;;1969;0;20.510.785;0;0.178
Upper-middle-income countries;;1970;0;22.591.513;0;0.73693335
Upper-middle-income countries;;1971;0;23.832.199;0;1.081.386
Upper-middle-income countries;;1972;0;25.211.792;0;11.945.976
Upper-middle-income countries;;1973;0;26.636.102;0;13.987.706
Upper-middle-income countries;;1974;0;29.450.247;0;1.782.155
Upper-middle-income countries;;1975;0;30.179.132;0;2.124.168
Upper-middle-income countries;;1976;0;3.280.921;0;21.123.004
Upper-middle-income countries;;1977;0;35.661.304;0;24.248.486
Upper-middle-income countries;;1978;0;38.717.798;0;2.551.917
Upper-middle-income countries;;1979;0;41.797.656;0;34.140.034
Upper-middle-income countries;;1980;0;45.750.806;0;3.267.526
Upper-middle-income countries;;1981;0;4.811.348;0;3.322.641
Upper-middle-income countries;;1982;0;49.129.395;0;39.714.477
Upper-middle-income countries;;1983;0;51.393.713;0;48.714.304
Upper-middle-income countries;;1984;0;56.566.754;0;48.097.672
Upper-middle-income countries;;1985;0;552.905;0;5.270.132
Upper-middle-income countries;;1986;0;56.152.435;0;7.175.523
Upper-middle-income countries;;1987;0;5.802.076;0;8.556.504
Upper-middle-income countries;;1988;0;61.529.175;0;8.604.335
Upper-middle-income countries;;1989;0;6.220.973;0;8.687.334
Upper-middle-income countries;;1990;0.004030303;6.460.049;0.003;9.761.246
Upper-middle-income countries;;1991;0.010090909;6.559.739;0.004;106.435
Upper-middle-income countries;;1992;0.13231313;67.377.454;0.006;1.221.343
Upper-middle-income countries;;1993;0.21312122;7.311.241;0.008;12.419.122
Upper-middle-income countries;;1994;0.38883838;7.600.239;0.01;12.970.516
Upper-middle-income countries;;1995;0.6231617;8.106.497;0.012;16.270.248
Upper-middle-income countries;;1996;0.11195739;8.059.062;0.015;15.909.506
Upper-middle-income countries;;1997;0.2291718;8.270.683;0.017;17.664.257
Upper-middle-income countries;;1998;0.41409656;8.417.729;0.021017;17.924.223
Upper-middle-income countries;;1999;0.5486184;8.396.173;0.024026003;18.730.337
Upper-middle-income countries;;2000;0.86;97.407.996;0.04;26.380.001
Upper-middle-income countries;;2001;1.08;988.13;0.049999997;27.410.002
Upper-middle-income countries;;2002;1.31;1023.51;0.09;28.64
Upper-middle-income countries;;2003;1.55;1029.94;0.099999994;32.61
Upper-middle-income countries;;2004;18.499.999;1158.66;0.12;35.33
Upper-middle-income countries;;2005;2.52;12.280.499;0.12;43.99
Upper-middle-income countries;;2006;4.62;1297.01;0.13;45.84
Upper-middle-income countries;;2007;72.200.003;1348.11;0.15;54.469.997
Upper-middle-income countries;;2008;15.570.001;1500.64;0.19;60.61
Upper-middle-income countries;;2009;31.740.002;1498.33;0.33;70.86
Upper-middle-income countries;;2010;57.270.004;16.461.799;0.81;85.240.005
Upper-middle-income countries;;2011;86.07;1641.12;28.899.999;89.35
Upper-middle-income countries;;2012;123.32;18.047.799;5.14;95.43
Upper-middle-income countries;;2013;164.79;1858.42;12.23;110.72
Upper-middle-income countries;;2014;19.820.999;19.678.799;30.69;128.36
Upper-middle-income countries;;2015;24.248.001;2025.15;49.780.003;142.11
Upper-middle-income countries;;2016;316.97;2124.17;80.25;155.33
Upper-middle-income countries;;2017;395.25;2136.25;137.81;176.38
Upper-middle-income countries;;2018;470.87;22.141.099;207.33;198.64
Upper-middle-income countries;;2019;532.32;2290.03;269.14;222.92
Upper-middle-income countries;;2020;606.19;2338.27;321.24;250.75
Upper-middle-income countries;;2021;828.35;22.809.102;401.84;291.59
Uruguay;URY;2000;0;6.98;0;0.02
Uruguay;URY;2001;0;9.1;0;0
Uruguay;URY;2002;0;9.44;0;0
Uruguay;URY;2003;0;8.45;0;0
Uruguay;URY;2004;0;4.73;0;0.04
Uruguay;URY;2005;0;6.62;0;0.04
Uruguay;URY;2006;0;3.56;0;0.04
Uruguay;URY;2007;0;7.99;0;0.32
Uruguay;URY;2008;0;4.45;0;1.04
Uruguay;URY;2009;0.04;5.21;0;0.86
Uruguay;URY;2010;0.07;8.58;0;0.64
Uruguay;URY;2011;0.11;6.41;0;1.06
Uruguay;URY;2012;0.11;5.37;0;1.27
Uruguay;URY;2013;0.14;8.12;0;1.15
Uruguay;URY;2014;0.73;9.55;0;0.92
Uruguay;URY;2015;2.07;8.18;0.05;1.38
Uruguay;URY;2016;2.99;7.76;0.15;1.5
Uruguay;URY;2017;3.77;7.44;0.27;1.45
Uruguay;URY;2018;4.73;6.49;0.41;1.52
Uruguay;URY;2019;4.75;8.11;0.42;0.88
Uruguay;URY;2020;5.48;4.09;0.46;1.12
Uruguay;URY;2021;4.99;5.27;0.48;1.61
Uzbekistan;UZB;1990;0;6.648;0;0
Uzbekistan;UZB;1991;0;6.031;0;0
Uzbekistan;UZB;1992;0;6.281;0;0
Uzbekistan;UZB;1993;0;7.358;0;0
Uzbekistan;UZB;1994;0;7.156;0;0
Uzbekistan;UZB;1995;0;6.188;0;0
Uzbekistan;UZB;1996;0;6.525;0;0
Uzbekistan;UZB;1997;0;5.777;0;0
Uzbekistan;UZB;1998;0;5.758;0;0
Uzbekistan;UZB;1999;0;5.692;0;0
Uzbekistan;UZB;2000;0;5.82;0;0
Uzbekistan;UZB;2001;0;5.9;0;0
Uzbekistan;UZB;2002;0;6.12;0;0
Uzbekistan;UZB;2003;0;7.54;0;0
Uzbekistan;UZB;2004;0;8.92;0;0
Uzbekistan;UZB;2005;0;8.84;0;0
Uzbekistan;UZB;2006;0;4.65;0;0
Uzbekistan;UZB;2007;0;4.61;0;0
Uzbekistan;UZB;2008;0;4.44;0;0
Uzbekistan;UZB;2009;0;6.42;0;0
Uzbekistan;UZB;2010;0;8.11;0;0
Uzbekistan;UZB;2011;0;5.65;0;0
Uzbekistan;UZB;2012;0;6.59;0;0
Uzbekistan;UZB;2013;0;5.65;0;0
Uzbekistan;UZB;2014;0;6.01;0;0
Uzbekistan;UZB;2015;0;7;0;0
Uzbekistan;UZB;2016;0;7.25;0;0
Uzbekistan;UZB;2017;0;8.34;0.01;0
Uzbekistan;UZB;2018;0;5.84;0.01;0
Uzbekistan;UZB;2019;0;6.46;0.01;0
Uzbekistan;UZB;2020;0;5;0.01;0
Uzbekistan;UZB;2021;0;5;0.01;0
Uzbekistan;UZB;1985;;54.314.427;;
Uzbekistan;UZB;1986;;4.618.273;;
Uzbekistan;UZB;1987;;67.705.207;;
Uzbekistan;UZB;1988;;71.638.474;;
Uzbekistan;UZB;1989;;5.502.153;;
Vanuatu;VUT;2000;0;0;0;0
Vanuatu;VUT;2001;0;0;0;0
Vanuatu;VUT;2002;0;0;0;0
Vanuatu;VUT;2003;0;0;0;0
Vanuatu;VUT;2004;0;0;0;0
Vanuatu;VUT;2005;0;0;0;0
Vanuatu;VUT;2006;0;0;0;0
Vanuatu;VUT;2007;0;0;0;0
Vanuatu;VUT;2008;0;0;0;0
Vanuatu;VUT;2009;0;0;0;0
Vanuatu;VUT;2010;0;0;0;0
Vanuatu;VUT;2011;0;0;0;0.01
Vanuatu;VUT;2012;0;0;0;0.01
Vanuatu;VUT;2013;0.01;0;0;0.01
Vanuatu;VUT;2014;0.01;0;0;0.01
Vanuatu;VUT;2015;0.01;0;0;0.01
Vanuatu;VUT;2016;0.01;0;0;0.01
Vanuatu;VUT;2017;0;0;0;0.01
Vanuatu;VUT;2018;0;0;0.01;0.01
Vanuatu;VUT;2019;0;0;0.01;0.01
Vanuatu;VUT;2020;0;0;0.01;0.01
Vanuatu;VUT;2021;0;0;0.01;0.01
Venezuela;VEN;1965;0;1.369;0;0
Venezuela;VEN;1966;0;1.395;0;0
Venezuela;VEN;1967;0;1.636;0;0
Venezuela;VEN;1968;0;2.748;0;0
Venezuela;VEN;1969;0;3.19;0;0
Venezuela;VEN;1970;0;4.104;0;0
Venezuela;VEN;1971;0;5.39;0;0
Venezuela;VEN;1972;0;6.02;0;0
Venezuela;VEN;1973;0;6.225;0;0
Venezuela;VEN;1974;0;7.707;0;0
Venezuela;VEN;1975;0;8.931;0;0
Venezuela;VEN;1976;0;10.578;0;0
Venezuela;VEN;1977;0;12.163;0;0
Venezuela;VEN;1978;0;12.232;0;0
Venezuela;VEN;1979;0;14.24;0;0
Venezuela;VEN;1980;0;14.587;0;0
Venezuela;VEN;1981;0;15.088;0;0
Venezuela;VEN;1982;0;15.814;0;0
Venezuela;VEN;1983;0;18.063;0;0
Venezuela;VEN;1984;0;20.243;0;0
Venezuela;VEN;1985;0;22.648;0;0
Venezuela;VEN;1986;0;25.159;0;0
Venezuela;VEN;1987;0;30.843;0;0
Venezuela;VEN;1988;0;34.203;0;0
Venezuela;VEN;1989;0;34.666;0;0
Venezuela;VEN;1990;0;36.983;0;0
Venezuela;VEN;1991;0;44.542;0;0
Venezuela;VEN;1992;0;47.271;0;0
Venezuela;VEN;1993;0;47.478;0;0
Venezuela;VEN;1994;0;51.284;0;0
Venezuela;VEN;1995;0;51.45;0;0
Venezuela;VEN;1996;0;53.847;0;0
Venezuela;VEN;1997;0;57.268;0;0
Venezuela;VEN;1998;0;57.923;0;0
Venezuela;VEN;1999;0;60.6;0;0
Venezuela;VEN;2000;0;62.2;0;0
Venezuela;VEN;2001;0;59.85;0;0
Venezuela;VEN;2002;0;58.94;0;0
Venezuela;VEN;2003;0;59.93;0;0
Venezuela;VEN;2004;0;69.37;0;0
Venezuela;VEN;2005;0;76.46;0;0
Venezuela;VEN;2006;0;80.78;0;0
Venezuela;VEN;2007;0;82.23;0;0
Venezuela;VEN;2008;0;85.97;0;0
Venezuela;VEN;2009;0;85.1;0;0
Venezuela;VEN;2010;0;76.01;0;0
Venezuela;VEN;2011;0;82.83;0;0
Venezuela;VEN;2012;0.05;81.19;0;0
Venezuela;VEN;2013;0.09;82.71;0;0
Venezuela;VEN;2014;0.09;63.65;0;0
Venezuela;VEN;2015;0.09;74.15;0.01;0
Venezuela;VEN;2016;0.09;62.33;0.01;0
Venezuela;VEN;2017;0.09;60.51;0.01;0
Venezuela;VEN;2018;0.09;58.15;0.01;0
Venezuela;VEN;2019;0.09;49.64;0.01;0
Venezuela;VEN;2020;0.09;62.51;0.01;0
Venezuela;VEN;2021;0.09;61;0.01;0
Vietnam;VNM;1965;0;0.34;0;0
Vietnam;VNM;1966;0;0.39;0;0
Vietnam;VNM;1967;0;0.43;0;0
Vietnam;VNM;1968;0;0.48;0;0
Vietnam;VNM;1969;0;0.54;0;0
Vietnam;VNM;1970;0;0.6;0;0
Vietnam;VNM;1971;0;0.614;0;0
Vietnam;VNM;1972;0;0.422;0;0
Vietnam;VNM;1973;0;0.42;0;0
Vietnam;VNM;1974;0;0.42;0;0
Vietnam;VNM;1975;0;0.5;0;0
Vietnam;VNM;1976;0;0.557;0;0
Vietnam;VNM;1977;0;0.6;0;0
Vietnam;VNM;1978;0;0.8;0;0
Vietnam;VNM;1979;0;1;0;0
Vietnam;VNM;1980;0;1.488;0;0
Vietnam;VNM;1981;0;1.507;0;0
Vietnam;VNM;1982;0;1.56;0;0
Vietnam;VNM;1983;0;1.223;0;0
Vietnam;VNM;1984;0;1.599;0;0
Vietnam;VNM;1985;0;1.477;0;0
Vietnam;VNM;1986;0;1.407;0;0
Vietnam;VNM;1987;0;1.384;0;0
Vietnam;VNM;1988;0;1.791;0;0
Vietnam;VNM;1989;0;3.838;0;0
Vietnam;VNM;1990;0;5.369;0;0
Vietnam;VNM;1991;0;6.317;0;0
Vietnam;VNM;1992;0;7.228;0;0
Vietnam;VNM;1993;0;7.965;0;0
Vietnam;VNM;1994;0;9.243;0;0
Vietnam;VNM;1995;0;10.582;0;0
Vietnam;VNM;1996;0;12.008;0;0
Vietnam;VNM;1997;0;11.657;0;0
Vietnam;VNM;1998;0;11.095;0;0
Vietnam;VNM;1999;0;13.774;0;0
Vietnam;VNM;2000;0;14.55;0;0
Vietnam;VNM;2001;0;18.21;0;0
Vietnam;VNM;2002;0;18.2;0;0
Vietnam;VNM;2003;0;18.99;0;0
Vietnam;VNM;2004;0;17.82;0;0
Vietnam;VNM;2005;0;16.53;0;0.05
Vietnam;VNM;2006;0;19.71;0;0.065
Vietnam;VNM;2007;0;22.44;0;0.079
Vietnam;VNM;2008;0;25.98;0;0.055
Vietnam;VNM;2009;0.01;29.98;0;0.062
Vietnam;VNM;2010;0.04;28.52;0.01;0.055
Vietnam;VNM;2011;0.04;41.08;0.01;0.056
Vietnam;VNM;2012;0.04;53.31;0.01;0.057
Vietnam;VNM;2013;0.07;57.82;0.01;0.058
Vietnam;VNM;2014;0.07;62.16;0.01;0.059
Vietnam;VNM;2015;0.18;57.17;0.01;0.07
Vietnam;VNM;2016;0.2;64.17;0.01;0.068
Vietnam;VNM;2017;0.35;87.6;0.01;0.076454
Vietnam;VNM;2018;0.49;84.49;0.1;0.12621
Vietnam;VNM;2019;0.72;66.54;5.25;0.12621
Vietnam;VNM;2020;1.07;73.38;10.86;0.12621
Vietnam;VNM;2021;2.39;75.9;25.77;0.1580361
Western Africa (BP);;1971;0;47.643.666;0;0.038
Western Africa (BP);;1972;0;5.177.053;0;0.038
Western Africa (BP);;1973;0;60.653.768;0;0.038
Western Africa (BP);;1974;0;6.516.097;0;0.039
Western Africa (BP);;1975;0;69.217.706;0;0.039
Western Africa (BP);;1976;0;7.614.389;0;0.039
Western Africa (BP);;1977;0;79.343.104;0;0.04
Western Africa (BP);;1978;0;70.447.288;0;0.04
Western Africa (BP);;1979;0;9.512.458;0;0.04
Western Africa (BP);;1980;0;9.678;0;0.04
Western Africa (BP);;1981;0;9.687;0;0.041
Western Africa (BP);;1982;0;9.439;0;0.041
Western Africa (BP);;1983;0;5.736;0;0.041
Western Africa (BP);;1984;0;5.133;0;0.042
Western Africa (BP);;1985;0;8.213;0;0.042
Western Africa (BP);;1986;0;9.969;0;0.042
Western Africa (BP);;1987;0;9.767;0;0.043
Western Africa (BP);;1988;0;10.821;0;0.043
Western Africa (BP);;1989;0;11.741;0;0.043
Western Africa (BP);;1990;0;11.917.091;0;0.092
Western Africa (BP);;1991;0;13.887.132;0;0.1
Western Africa (BP);;1992;0;14.273.202;0;0.105
Western Africa (BP);;1993;0.002;13.667.475;0;0.109
Western Africa (BP);;1994;0.0054;13.467.728;0;0.113
Western Africa (BP);;1995;0.0063;14.167.979;0;0.114
Western Africa (BP);;1996;0.0071;14.687.782;0;0.127
Western Africa (BP);;1997;0.0072;1.502.648;0;0.128
Western Africa (BP);;1998;0.0076;11.908.342;0;0.133
Western Africa (BP);;1999;0.0078;13.960.687;0;0.138
Western Africa (BP);;2000;0.0079;14.956.968;0.002441;0.155
Western Africa (BP);;2001;0.00678;15.349.982;0.003038;0.165
Western Africa (BP);;2002;0.006884;16.241.856;0.002546703;0.175
Western Africa (BP);;2003;0.007399;14.431.892;0.003806286;0.163
Western Africa (BP);;2004;0.00843;16.532.358;0.00522387;0.25174955
Western Africa (BP);;2005;0.008671;16.165.274;0.006545453;0.2638694
Western Africa (BP);;2006;0.009505;14.682.668;0.008364037;0.2711148
Western Africa (BP);;2007;0.008887;13.168.417;0.010684071;0.2671983
Western Africa (BP);;2008;0.007695;15.297.708;0.012323787;0.26197368
Western Africa (BP);;2009;0.007237;15.008.674;0.014161631;0.231
Western Africa (BP);;2010;0.005429;1.706.254;0.027461;0.187011
Western Africa (BP);;2011;0.019349;1.728.392;0.040538;0.179112
Western Africa (BP);;2012;0.064449;17.681.711;0.072339;0.172457
Western Africa (BP);;2013;0.092253;17.094.234;0.106775;0.164927
Western Africa (BP);;2014;0.092841566;17.836.193;0.117389806;0.175193
Western Africa (BP);;2015;0.18101913;153.102.455;0.14071977;0.237309
Western Africa (BP);;2016;0.17872499;1.586.473;0.4162731;0.2363057
Western Africa (BP);;2017;0.1775427;18.712.255;0.3230343;0.3166818
Western Africa (BP);;2018;0.19009838;19.954.134;0.63340914;0.216594
Western Africa (BP);;2019;0.23010777;2.251.966;0.79732466;0.251494
Western Africa (BP);;2020;0.4148054;22.249.594;0.8285785;0.24774377
Western Africa (BP);;2021;0.41319165;2.357.969;11.935.213;0.24760894
Western Africa (BP);;1965;;0.47769478;;
Western Africa (BP);;1966;;0.93121475;;
Western Africa (BP);;1967;;19.343.364;;
Western Africa (BP);;1968;;3.014.785;;
Western Africa (BP);;1969;;39.912.698;;
Western Africa (BP);;1970;;46.474.504;;
Western Sahara;ESH;2000;0;0;0;0
Western Sahara;ESH;2001;0;0;0;0
Western Sahara;ESH;2002;0;0;0;0
Western Sahara;ESH;2003;0;0;0;0
Western Sahara;ESH;2004;0;0;0;0
Western Sahara;ESH;2005;0;0;0;0
Western Sahara;ESH;2006;0;0;0;0
Western Sahara;ESH;2007;0;0;0;0
Western Sahara;ESH;2008;0;0;0;0
Western Sahara;ESH;2009;0;0;0;0
Western Sahara;ESH;2010;0;0;0;0
Western Sahara;ESH;2011;0;0;0;0
Western Sahara;ESH;2012;0;0;0;0
Western Sahara;ESH;2013;0;0;0;0
Western Sahara;ESH;2014;0;0;0;0
Western Sahara;ESH;2015;0;0;0;0
Western Sahara;ESH;2016;0;0;0;0
Western Sahara;ESH;2017;0;0;0;0
Western Sahara;ESH;2018;0;0;0;0
Western Sahara;ESH;2019;0;0;0;0
Western Sahara;ESH;2020;0;0;0;0
Western Sahara;ESH;2021;0;0;0;0
World;OWID_WRL;1965;0;92.319.806;0;17.985.231
World;OWID_WRL;1966;0;98.381.696;0;19.806.007
World;OWID_WRL;1967;0;10.057.424;0;1.998.657
World;OWID_WRL;1968;0;10.592.887;0;22.120.045
World;OWID_WRL;1969;0;11.217.424;0;23.257.965
World;OWID_WRL;1970;0;11.746.497;0;25.701.897
World;OWID_WRL;1971;0;12.272.422;0;27.888.294
World;OWID_WRL;1972;0;1.284.629;0;29.888.775
World;OWID_WRL;1973;0;1.303.013;0;3.209.585
World;OWID_WRL;1974;0;14.312.317;0;34.289.085
World;OWID_WRL;1975;0;14.488.834;0;3.481.208
World;OWID_WRL;1976;0;14.431.366;0;3.879.105
World;OWID_WRL;1977;0;14.916.724;0;4.089.204
World;OWID_WRL;1978;0.003;16.143.823;0;4.329.665
World;OWID_WRL;1979;0.006;16.951.862;0;46.499.256
World;OWID_WRL;1980;0.0105;17.316.493;0;49.717.464
World;OWID_WRL;1981;0.0105;17.689.036;0;5.348.617
World;OWID_WRL;1982;0.0185;18.009.081;0;61.708.954
World;OWID_WRL;1983;0.03279495;18.777.689;0.003;6.835.493
World;OWID_WRL;1984;0.044755556;19.413.734;0.006311111;7.634.615
World;OWID_WRL;1985;0.064220205;1.979.782;0.011747475;7.907.158
World;OWID_WRL;1986;0.13883132;20.065.929;0.015183838;8.591.538
World;OWID_WRL;1987;0.19537677;2.033.778;0.01060303;9.196.002
World;OWID_WRL;1988;0.3315798;2.098.947;0.01019596;94.601.906
World;OWID_WRL;1989;26.497.767;20.877.932;0.26222324;104.530.365
World;OWID_WRL;1990;36.324.706;21.587.434;0.38829494;1.171.966
World;OWID_WRL;1991;40.867.066;22.090.586;0.5052029;122.234.406
World;OWID_WRL;1992;4.733.212;22.084.602;0.4665851;13.113.734
World;OWID_WRL;1993;5.697.569;23.414.575;0.55669755;13.551.932
World;OWID_WRL;1994;712.293;23.561.958;0.59701395;14.064.368
World;OWID_WRL;1995;8.261.924;2.483.679;0.6388138;14.661.673
World;OWID_WRL;1996;92.046;25.170.254;0.69920796;15.068.289
World;OWID_WRL;1997;12.017.817;2561.03;0.7495848;16.139.073
World;OWID_WRL;1998;1.592.126;25.809.958;0.811789;1.681.891
World;OWID_WRL;1999;21.216.173;26.005.432;0.9051969;17.661.984
World;OWID_WRL;2000;31.16;2621.47;1.08;200.78
World;OWID_WRL;2001;38.16;2561.15;1.35;195.5
World;OWID_WRL;2002;52.04;2601.49;1.69;210.3
World;OWID_WRL;2003;63.43;2602.17;2.07;223.66
World;OWID_WRL;2004;85.26;2796.82;2.71;24.251.001
World;OWID_WRL;2005;103.89;2895.29;3.78;267.18
World;OWID_WRL;2006;132.79;3002.08;5.11;281.76
World;OWID_WRL;2007;170.91;3046.29;6.92;307.03
World;OWID_WRL;2008;220.07;3231.24;11.36;325.66
World;OWID_WRL;2009;275.88;3229.67;19.19;34.906.998
World;OWID_WRL;2010;345.99;3412.49;31.05;392.86
World;OWID_WRL;2011;440.39;3479.42;61.85;414.21
World;OWID_WRL;2012;529.11;3645.19;95.18;443.97
World;OWID_WRL;2013;641.17;3777.06;131.42;477.9
World;OWID_WRL;2014;716.51;3865.99;196.46;520.08
World;OWID_WRL;2015;828.37;3870.33;254.87;561.72
World;OWID_WRL;2016;959.65;3997;329.15;571.95
World;OWID_WRL;2017;1136.41;4054.17;444.54;60.458.997
World;OWID_WRL;2018;1265.29;4174.84;570.57;639.05
World;OWID_WRL;2019;1419.53;4220.5;701.19;669.36
World;OWID_WRL;2020;1586.92;4340.61;852.1;699.36
World;OWID_WRL;2021;1848.26;4234.35;1040.5;76.193.005
Yemen;YEM;2000;0;0;0;0
Yemen;YEM;2001;0;0;0;0
Yemen;YEM;2002;0;0;0;0
Yemen;YEM;2003;0;0;0;0
Yemen;YEM;2004;0;0;0;0
Yemen;YEM;2005;0;0;0;0
Yemen;YEM;2006;0;0;0;0
Yemen;YEM;2007;0;0;0;0
Yemen;YEM;2008;0;0;0;0
Yemen;YEM;2009;0;0;0;0
Yemen;YEM;2010;0;0;0;0
Yemen;YEM;2011;0;0;0;0
Yemen;YEM;2012;0;0;0;0
Yemen;YEM;2013;0;0;0;0
Yemen;YEM;2014;0;0;0.01;0
Yemen;YEM;2015;0;0;0.12;0
Yemen;YEM;2016;0;0;0.16;0
Yemen;YEM;2017;0;0;0.19;0
Yemen;YEM;2018;0;0;0.48;0
Yemen;YEM;2019;0;0;0.48;0
Yemen;YEM;2020;0;0;0.49;0
Yemen;YEM;2021;0;0;0.6;0
Zambia;ZMB;2000;0;7.67;0;0.02
Zambia;ZMB;2001;0;7.81;0;0.02
Zambia;ZMB;2002;0;8.02;0;0.01
Zambia;ZMB;2003;0;8.17;0;0.01
Zambia;ZMB;2004;0;8.38;0;0.01
Zambia;ZMB;2005;0;8.79;0;0.01
Zambia;ZMB;2006;0;9.57;0;0.01
Zambia;ZMB;2007;0;9.53;0;0.01
Zambia;ZMB;2008;0;9.43;0;0.02
Zambia;ZMB;2009;0;9.78;0;0.03
Zambia;ZMB;2010;0;10.33;0;0.03
Zambia;ZMB;2011;0;11.37;0;0.03
Zambia;ZMB;2012;0;12.23;0;0.03
Zambia;ZMB;2013;0;13.15;0;0.03
Zambia;ZMB;2014;0;13.9;0;0.11
Zambia;ZMB;2015;0;12.91;0;0.1
Zambia;ZMB;2016;0;10.91;0;0.06
Zambia;ZMB;2017;0;12.49;0;0.15
Zambia;ZMB;2018;0;13.71;0;0.18
Zambia;ZMB;2019;0;12.33;0.12;0.17
Zambia;ZMB;2020;0;12.79;0.15;0.16
Zambia;ZMB;2021;0;16.07;0.15;0.11
Zimbabwe;ZWE;2000;0;3.23;0;0.21
Zimbabwe;ZWE;2001;0;2.97;0;0.28
Zimbabwe;ZWE;2002;0;3.79;0;0.35
Zimbabwe;ZWE;2003;0;5.3;0;0.26
Zimbabwe;ZWE;2004;0;5.47;0;0.31
Zimbabwe;ZWE;2005;0;4.87;0;0.33
Zimbabwe;ZWE;2006;0;5.26;0;0.19
Zimbabwe;ZWE;2007;0;5.33;0;0.16
Zimbabwe;ZWE;2008;0;5.65;0;0.14
Zimbabwe;ZWE;2009;0;5.4;0;0.14
Zimbabwe;ZWE;2010;0;5.74;0;0.21
Zimbabwe;ZWE;2011;0;5.15;0;0.36
Zimbabwe;ZWE;2012;0;5.34;0;0.34
Zimbabwe;ZWE;2013;0;4.95;0;0.41
Zimbabwe;ZWE;2014;0;5.38;0;0.41
Zimbabwe;ZWE;2015;0;4.94;0.01;0.42
Zimbabwe;ZWE;2016;0;2.95;0.01;0.36
Zimbabwe;ZWE;2017;0;3.97;0.01;0.32
Zimbabwe;ZWE;2018;0;5.05;0.02;0.39
Zimbabwe;ZWE;2019;0;4.17;0.03;0.38
Zimbabwe;ZWE;2020;0;3.81;0.03;0.35
Zimbabwe;ZWE;2021;0;4;0.04;0.38
